Order Date,Ship Date,Sales,Quantity,Discount,Profit
01/31/2023,02/07/2023,2772.542743000883,6,0.1,248.95467325243797
12/30/2023,01/06/2024,10258.895307220922,14,0.0,3485.30564848235
05/10/2022,05/13/2022,7750.567871498884,13,0.15,1456.3125734318553
07/18/2023,07/23/2023,686.910090492383,1,0.1,142.64918185592663
02/04/2023,02/05/2023,4628.801083391549,10,0.0,1798.313495593206
12/31/2022,01/05/2023,92.08185001848963,1,0.5,2.924744169133745
11/10/2022,11/14/2022,329.1566036361252,1,0.3,65.55329805048015
05/01/2020,05/04/2020,7295.7738188334615,14,0.2,1126.0528928198323
04/11/2021,04/14/2021,5512.555491652046,10,0.1,688.8269401135418
05/23/2023,05/27/2023,1117.435665510099,14,0.0,344.55802615413455
11/26/2020,11/27/2020,594.4232779309588,8,0.0,224.069680288024
03/28/2020,04/03/2020,7724.842022749278,8,0.0,2721.9950802859594
10/28/2023,11/01/2023,1795.2188854809815,14,0.2,106.8318276342939
01/28/2023,01/29/2023,2110.6248756012333,7,0.0,411.7127048101039
05/21/2022,05/23/2022,3233.8241768053363,6,0.3,339.759157165588
05/10/2020,05/17/2020,1662.3212202597726,4,0.0,451.2886081983742
08/25/2023,08/28/2023,170.68518425468915,1,0.1,18.45861856398845
02/08/2022,02/09/2022,3615.08444742313,9,0.15,339.831321116845
12/09/2020,12/14/2020,515.9344239501589,1,0.1,143.24884234099233
12/08/2023,12/15/2023,1283.0690409188255,4,0.3,216.96084818328535
03/16/2022,03/21/2022,1379.634922076082,3,0.5,140.39529796141508
01/20/2021,01/27/2021,2042.966115039565,7,0.0,776.0798066991277
04/30/2023,05/03/2023,3323.594195463371,5,0.0,639.7198791879462
08/13/2022,08/17/2022,605.8588709789937,5,0.0,216.82385606402588
10/03/2020,10/09/2020,1354.4328504971133,4,0.15,304.48129593929593
03/30/2023,04/03/2023,743.583319069124,1,0.0,288.0129651180243
04/04/2021,04/05/2021,930.2750847342832,5,0.2,75.93114256460753
08/30/2023,09/03/2023,2375.493340791474,4,0.0,429.73019098292644
01/22/2020,01/25/2020,1926.6416411119396,14,0.15,455.24236677192135
09/09/2020,09/10/2020,893.397395582059,10,0.2,248.83193026683594
01/17/2022,01/19/2022,6177.6049307987705,13,0.1,1837.0142852157965
05/06/2022,05/10/2022,4883.478380101212,8,0.1,1309.318507593721
04/19/2021,04/23/2021,244.46679114427724,2,0.0,52.85195016335364
12/18/2022,12/24/2022,7348.787918793487,8,0.0,2317.294767208089
05/25/2021,05/26/2021,210.16308606344296,1,0.1,61.01636987551397
11/30/2021,12/05/2021,1674.0822160101914,13,0.0,545.7268696347987
09/02/2022,09/06/2022,505.61260624010026,4,0.4,52.09996087185682
07/08/2020,07/11/2020,320.17811753974235,3,0.4,-27.49069312088791
08/15/2022,08/19/2022,349.18766437386824,5,0.3,51.64991177538343
11/17/2021,11/23/2021,10398.190951601964,13,0.0,2531.83884281279
08/15/2022,08/17/2022,2002.3295879866798,5,0.2,577.6135809968201
07/16/2021,07/22/2021,1973.1712298744799,5,0.0,556.7440056725912
06/21/2023,06/25/2023,11413.459772571503,12,0.0,3223.9391737440887
04/11/2022,04/16/2022,1509.1932127765715,4,0.0,600.9857238487881
02/28/2023,03/07/2023,1402.42399029374,8,0.0,179.61732750556675
10/08/2021,10/12/2021,843.9073890219909,3,0.0,154.34634531318756
01/21/2020,01/22/2020,2958.9224190325253,12,0.0,878.278690092772
04/20/2022,04/24/2022,1007.5077335353435,4,0.5,-55.84527027669347
06/15/2020,06/20/2020,298.5900727150282,1,0.0,60.866106623645116
07/21/2023,07/22/2023,2187.7823539508922,7,0.4,367.0956188944121
01/22/2021,01/25/2021,672.600490697321,1,0.0,184.162165314885
08/23/2021,08/24/2021,1559.0515957122504,2,0.0,204.0169848756314
11/11/2020,11/17/2020,7059.256414200129,11,0.1,1011.300431390361
01/14/2020,01/16/2020,1270.5321152861943,7,0.15,60.753685875866694
08/29/2020,09/04/2020,124.74072205032624,1,0.0,33.285687040631665
02/15/2022,02/22/2022,6017.2822326126225,11,0.0,914.5093151202855
10/01/2023,10/02/2023,620.7680198881911,3,0.0,221.69770433799567
07/18/2021,07/21/2021,1223.0969991993757,13,0.0,334.14301592633376
06/16/2022,06/20/2022,2552.7523178381907,6,0.2,45.471392268819734
09/25/2023,09/26/2023,1801.0417135862747,6,0.1,252.61897191641907
04/01/2020,04/07/2020,4551.525130914713,6,0.0,1296.735427557846
10/22/2023,10/23/2023,2472.0827996705907,11,0.3,125.20974653408257
08/13/2022,08/14/2022,12726.089553908323,13,0.0,3231.8286278417363
12/22/2023,12/23/2023,1217.5007349569617,2,0.2,332.144778635514
05/23/2021,05/26/2021,107.38606283835762,2,0.2,11.276695417341813
02/14/2022,02/19/2022,1541.35203885814,6,0.5,-75.89330941924277
02/04/2020,02/09/2020,5669.942962019692,10,0.0,1961.3866560924982
07/24/2020,07/25/2020,2967.9861551928225,5,0.15,358.0191379481337
01/09/2023,01/12/2023,7039.463606887889,14,0.0,868.5818386176489
11/12/2023,11/15/2023,2907.2245164610435,7,0.15,230.49489503827618
10/22/2022,10/29/2022,2619.8145789258565,7,0.0,1007.6856767499833
10/18/2022,10/19/2022,1393.7338503009098,5,0.0,529.6019122073219
11/14/2023,11/20/2023,5301.733975199015,8,0.3,92.48147115425878
07/19/2021,07/25/2021,3244.207029380282,10,0.0,863.1231031826011
02/03/2023,02/05/2023,305.70586760501493,6,0.3,-2.687023083930667
12/03/2021,12/04/2021,614.6416216516734,5,0.3,93.67340442154705
02/05/2021,02/07/2021,3091.3339308511563,4,0.1,326.419324979111
12/30/2021,01/05/2022,4135.369871725051,7,0.0,475.30753162763995
06/10/2020,06/16/2020,3123.97097553318,4,0.0,1085.4832026124018
07/20/2020,07/21/2020,2026.7343266957434,5,0.5,-106.16011132859002
09/22/2022,09/24/2022,4125.020374094813,5,0.0,546.7991751288232
09/26/2020,09/28/2020,499.59681360044635,1,0.1,149.96456768989964
03/26/2022,03/27/2022,157.54698128079676,1,0.15,39.972700869066834
07/18/2023,07/25/2023,282.15076448480454,3,0.4,29.66181440521709
03/31/2021,04/02/2021,6476.339253119248,14,0.2,1770.4667366761194
06/29/2023,07/06/2023,3486.140114891464,11,0.15,598.8067088796158
10/13/2022,10/17/2022,1687.4032764999288,3,0.0,233.56521373151318
10/22/2020,10/28/2020,1006.9861315909723,2,0.0,119.23110835528139
12/20/2021,12/25/2021,7274.113186806875,12,0.0,1422.324121068855
12/03/2020,12/10/2020,58.50694196087956,2,0.3,-1.4012851962645356
05/28/2022,06/04/2022,204.03990635434616,6,0.2,32.77958881808628
12/12/2022,12/19/2022,7533.543879056247,13,0.2,32.76869609219358
03/02/2022,03/05/2022,171.01657567681875,1,0.15,27.042678462472413
08/04/2020,08/06/2020,3540.6529788787334,6,0.1,366.5924360084345
02/02/2022,02/04/2022,2755.5507584176994,5,0.0,579.9894621155152
07/06/2020,07/09/2020,5891.859160143464,6,0.0,1782.347625068342
01/14/2021,01/16/2021,4185.2591004711585,5,0.0,859.1882050648034
05/07/2021,05/10/2021,2346.4177862610013,7,0.2,240.27779474607271
11/30/2022,12/07/2022,620.2486918922334,1,0.0,246.3784229997152
03/26/2023,03/27/2023,1311.61225159346,13,0.2,282.84185908606594
01/15/2020,01/19/2020,1000.9315654585308,3,0.15,179.32541143784496
03/05/2020,03/12/2020,4419.293182073853,6,0.0,1210.0585775013465
06/04/2021,06/08/2021,626.4448682873671,1,0.0,179.197554903511
09/29/2023,10/05/2023,6365.145944736596,13,0.0,683.4423947462349
02/26/2023,03/05/2023,2032.4019431335664,11,0.0,252.17916723785663
10/09/2021,10/14/2021,7085.00730868453,11,0.2,1379.853389724614
12/22/2022,12/24/2022,1963.044568572228,7,0.0,410.9450409899929
03/08/2023,03/13/2023,2302.368014366813,4,0.3,-76.82262527316533
08/15/2021,08/16/2021,1477.1831332009046,3,0.2,131.84446469139385
01/26/2021,01/30/2021,3790.0411366929957,10,0.0,527.1379705171407
02/22/2021,03/01/2021,361.4340221308194,9,0.2,99.35609925900133
10/15/2020,10/16/2020,204.08045751579314,1,0.15,17.525943524038322
01/13/2021,01/14/2021,5697.153383893007,8,0.2,245.5892374407492
08/18/2020,08/20/2020,819.7946004567602,1,0.0,235.97840461276942
10/14/2022,10/15/2022,7528.362137461841,13,0.0,1931.5788182419037
02/10/2020,02/17/2020,6603.22935051508,14,0.0,1801.2271603725037
11/17/2022,11/24/2022,3253.3562626840403,5,0.0,750.8240175581446
05/14/2020,05/18/2020,3772.6851725189476,10,0.2,528.7448197228618
07/19/2020,07/26/2020,4146.315470796473,8,0.2,968.7421063282302
02/18/2022,02/23/2022,1131.5882111888027,6,0.4,-38.500415600597194
07/18/2022,07/22/2022,5880.785720126523,7,0.0,1287.6497305231467
11/22/2022,11/24/2022,7753.885859836754,11,0.0,3003.4491984993324
12/07/2022,12/11/2022,2289.3959305752214,8,0.15,187.7206456132241
05/17/2021,05/20/2021,10820.67289777769,13,0.0,2035.7156831634438
02/10/2021,02/15/2021,2954.8146332678825,6,0.0,465.29488866589793
03/15/2022,03/18/2022,1810.63551329186,11,0.1,101.6647377351683
04/08/2020,04/11/2020,521.6120243009484,6,0.0,94.3851624554825
11/14/2021,11/20/2021,6569.400603003931,11,0.15,255.8139953324143
12/26/2021,01/02/2022,5198.817576995583,6,0.0,761.1356839183351
08/18/2022,08/20/2022,3439.8121670115424,5,0.15,460.26276338794264
09/04/2021,09/05/2021,3690.9293115516098,8,0.3,-161.602301342328
10/04/2021,10/07/2021,1949.4969656333647,13,0.0,635.3156587240318
10/25/2022,10/29/2022,123.7243622602644,2,0.4,17.15768677894653
05/26/2023,05/27/2023,2214.9497587241312,7,0.1,384.1257586569057
05/17/2021,05/21/2021,2055.2682755874744,4,0.4,401.5989972787145
02/05/2022,02/09/2022,962.1189076035976,1,0.0,292.19375583564187
02/01/2021,02/02/2021,2750.867071599536,13,0.15,682.5355768757958
05/20/2022,05/21/2022,3822.3735693795143,5,0.0,602.7505739785248
03/05/2022,03/12/2022,1387.5132593715207,3,0.2,348.5867416685082
01/27/2021,01/31/2021,141.06359758435528,4,0.15,43.52008337632394
07/25/2020,07/27/2020,3832.410305035273,7,0.0,654.9322857721278
11/04/2022,11/11/2022,2423.6429968783846,5,0.4,256.75901422114526
06/10/2022,06/15/2022,3967.0617771482075,14,0.0,1285.6545628954111
05/13/2022,05/19/2022,3593.552030923025,4,0.0,688.3475922316933
01/12/2022,01/17/2022,207.31313238500695,1,0.15,34.725509579927355
06/18/2023,06/20/2023,437.11284671983015,6,0.15,23.718498426458424
07/17/2021,07/24/2021,1851.7390797968521,11,0.0,281.331831880164
10/17/2022,10/23/2022,8386.328400337092,10,0.0,993.538029359538
04/05/2020,04/12/2020,1269.398579547399,6,0.5,22.912196470790533
04/29/2021,04/30/2021,4474.26620471847,7,0.2,839.2777951056131
12/01/2023,12/07/2023,535.9207303796992,1,0.0,200.88231591865554
08/18/2020,08/22/2020,6800.549469650819,14,0.0,1786.2013348668008
01/18/2022,01/23/2022,1617.6880399550814,4,0.5,-116.17683670349358
04/09/2023,04/15/2023,4120.826261714421,12,0.2,73.52404580099359
06/24/2021,06/28/2021,4341.666980280805,9,0.4,718.4847364400215
11/25/2022,12/02/2022,1315.8665197657338,12,0.0,320.62064595289826
06/08/2021,06/10/2021,7167.414322699276,14,0.2,1585.4076562710056
03/29/2023,04/04/2023,5644.489487891719,10,0.2,24.806428245678983
06/20/2023,06/24/2023,5400.638533081951,6,0.0,1330.9424158797644
01/14/2023,01/21/2023,417.7452231522594,2,0.1,61.70798212774146
07/31/2021,08/07/2021,2067.804116392538,4,0.15,70.5108420197021
11/12/2021,11/19/2021,2633.543988313985,6,0.0,876.1849362206905
07/10/2021,07/12/2021,1089.0430291680484,4,0.3,113.11943946136543
10/09/2022,10/10/2022,809.5249376188652,10,0.3,40.43906774602684
10/07/2021,10/09/2021,700.1658867160647,7,0.3,134.24948866404225
03/06/2022,03/08/2022,7044.396045398626,12,0.3,592.2719367728337
11/17/2022,11/22/2022,9779.326674029982,13,0.0,988.1949648081348
09/25/2023,10/02/2023,1165.5531569645686,3,0.0,446.7964914294514
09/16/2023,09/20/2023,3486.8472054180847,6,0.3,93.11563444556772
10/03/2023,10/09/2023,1169.4607986794547,13,0.0,408.3437338866856
06/08/2023,06/13/2023,7542.314134354045,12,0.0,2601.5298006934863
07/08/2020,07/15/2020,3130.179451873724,4,0.1,308.98683563328086
06/02/2023,06/05/2023,2521.426766162811,3,0.0,610.691590910644
11/09/2023,11/11/2023,3866.360309892901,12,0.15,143.28612823676596
11/01/2023,11/04/2023,2243.3445435792573,3,0.0,462.94892259529445
07/30/2023,08/06/2023,6064.708496905503,14,0.0,1936.4229304231183
09/24/2021,09/29/2021,841.7367827460499,2,0.5,-66.39548949450648
09/19/2021,09/23/2021,4711.998109750561,11,0.2,165.5719764770278
08/30/2022,09/04/2022,1841.300348673578,3,0.2,280.13003134716456
07/06/2023,07/10/2023,970.0338244797427,13,0.15,180.51933245024463
10/14/2023,10/18/2023,4990.655979899303,12,0.3,762.3161102511027
12/10/2021,12/17/2021,6213.5509597800265,14,0.2,1415.0823225751456
12/05/2023,12/06/2023,5524.892590660277,10,0.1,1429.5265066714824
10/10/2021,10/17/2021,349.3425959182171,1,0.5,36.200159252270126
11/13/2020,11/15/2020,2756.7836410014015,3,0.0,460.0298323619974
06/02/2023,06/07/2023,4254.256409174662,9,0.4,301.75450863037054
06/11/2023,06/15/2023,909.7664460822226,4,0.0,189.2574466797943
11/14/2021,11/21/2021,2234.6207278177726,3,0.1,756.7179010245335
10/25/2021,11/01/2021,1046.8710467115575,8,0.0,242.96187032803846
10/29/2023,11/03/2023,563.378939836487,1,0.1,190.37373245035087
06/10/2023,06/15/2023,3756.686648194806,5,0.15,960.6587684615849
02/10/2023,02/14/2023,55.055416836377454,1,0.5,3.6082856969631316
03/17/2021,03/23/2021,2979.185043720053,7,0.5,-7.5399789801020205
07/17/2021,07/20/2021,2001.5863172198578,5,0.5,-34.000065518833914
07/15/2023,07/17/2023,1017.4753590013601,2,0.0,262.472477738178
11/10/2023,11/12/2023,1894.8517576347003,12,0.5,-117.31042602916564
11/11/2023,11/17/2023,5759.373841071598,14,0.0,2138.760650055633
02/10/2023,02/11/2023,678.2800880402467,1,0.3,127.71959563392555
08/09/2022,08/15/2022,2306.486386493607,11,0.0,785.1712271072989
01/09/2023,01/10/2023,3677.9919431950566,7,0.1,661.8402274284521
11/29/2021,11/30/2021,554.450042399382,12,0.5,-71.3429252494672
04/22/2020,04/28/2020,135.42848012836828,1,0.4,14.20958888023861
01/02/2020,01/04/2020,1952.4922216941275,3,0.15,268.12418866259395
10/03/2021,10/06/2021,2724.242839620913,11,0.2,711.3790638249466
08/07/2020,08/09/2020,5915.450459142643,6,0.0,1976.361058118734
05/04/2022,05/11/2022,2427.8825887819276,6,0.2,105.85189967908697
06/02/2023,06/04/2023,3102.174895725259,7,0.15,637.5426024850005
01/19/2021,01/21/2021,505.46751136615694,11,0.0,155.51424627803908
11/27/2023,12/03/2023,13397.460749140908,14,0.0,3623.2263526567285
02/27/2023,03/05/2023,2007.4021712313113,11,0.0,510.30703127869305
12/12/2022,12/19/2022,434.36575425787055,1,0.2,29.692774932742036
12/30/2021,01/06/2022,2812.02504701401,7,0.0,480.21529128372333
12/10/2023,12/16/2023,842.8577074743193,2,0.0,278.4822444647968
09/03/2020,09/05/2020,3881.2029862544837,6,0.0,409.88195408796855
04/15/2022,04/18/2022,7785.973146762167,13,0.1,2208.670506928644
07/21/2020,07/22/2020,1041.5726637409018,8,0.2,164.60974898172384
04/22/2023,04/27/2023,5575.72819182694,13,0.15,1705.430115814411
05/02/2020,05/03/2020,3566.5770359269727,5,0.1,1245.436090659466
02/04/2021,02/11/2021,4488.536187167073,10,0.0,1342.2759627522219
02/05/2022,02/12/2022,522.4392783549429,3,0.0,116.85773318034123
10/20/2020,10/21/2020,2464.6527576834533,11,0.3,228.0439005170268
10/06/2020,10/11/2020,1762.046147712156,8,0.0,284.1557170502345
06/02/2022,06/04/2022,1076.4743458855096,8,0.0,139.69439579098704
07/16/2020,07/19/2020,1228.1770117152007,4,0.2,213.24716846278972
09/08/2022,09/11/2022,4364.215046128755,8,0.0,1491.0276524515139
01/21/2022,01/22/2022,287.08403508352905,5,0.3,8.190494693663556
05/23/2020,05/28/2020,7901.20680057672,13,0.0,1784.849771515179
08/31/2021,09/07/2021,8739.228922757622,11,0.2,1454.4882091756635
05/09/2023,05/13/2023,4822.418413499414,5,0.0,1795.7207907298157
02/21/2023,02/23/2023,2492.645241537502,3,0.0,352.93206514184806
07/05/2020,07/06/2020,1915.7439117206527,7,0.0,327.7166376569495
09/11/2023,09/14/2023,247.81310796221695,11,0.3,55.896510406381545
04/08/2021,04/15/2021,5846.444000978157,14,0.5,-807.6238107194154
10/04/2023,10/10/2023,716.793326248187,11,0.0,212.76912494718002
10/21/2021,10/27/2021,1345.502344133195,9,0.3,190.86995529442206
02/02/2022,02/07/2022,4199.916427186221,9,0.15,587.8888881612627
08/12/2022,08/17/2022,93.29712937610357,1,0.5,-0.8910432184208031
02/06/2021,02/07/2021,584.8153135899588,1,0.3,120.749967287139
10/01/2023,10/05/2023,7793.8809929723075,10,0.0,1165.1432696071752
05/26/2020,05/29/2020,7278.833382526824,12,0.2,505.662327361263
03/17/2023,03/18/2023,8834.03646917689,12,0.1,1799.538489356178
05/13/2022,05/17/2022,2502.5523870816255,11,0.0,557.8780546355114
05/03/2021,05/10/2021,3658.017261941259,5,0.0,996.1210794355046
07/17/2022,07/22/2022,217.03721253950823,1,0.4,38.253189790133256
07/04/2021,07/10/2021,1608.4231487345173,4,0.4,281.6841196507494
12/03/2020,12/05/2020,1255.6945089106853,12,0.2,86.64982983866032
05/21/2022,05/28/2022,354.2653571319349,1,0.5,-21.027992816874836
10/02/2021,10/08/2021,1361.3413108704804,2,0.3,-1.8778282291393544
04/17/2021,04/20/2021,106.32872333105817,2,0.0,40.228102048088076
05/30/2020,06/02/2020,411.5624486216556,4,0.0,90.2800255550939
12/09/2023,12/15/2023,1059.20319731707,8,0.0,248.81905792492512
08/14/2023,08/21/2023,872.5165317837765,2,0.0,297.3468582720291
09/19/2020,09/25/2020,4170.213363172124,14,0.0,1058.7839856971002
05/23/2020,05/27/2020,6551.692711242823,9,0.1,562.9649715627564
12/11/2020,12/12/2020,4024.014681195196,12,0.3,327.37215642217456
09/15/2021,09/20/2021,3085.0594063485014,9,0.3,429.3082688762647
10/13/2022,10/17/2022,1223.7751245305703,2,0.15,294.6394353932799
05/30/2022,06/01/2022,221.00957562623296,1,0.4,20.687724171321882
01/02/2020,01/08/2020,3237.0765745163303,10,0.1,277.5929630341439
06/15/2022,06/17/2022,5315.499866258439,10,0.3,219.5479915253181
08/20/2023,08/22/2023,7040.171955405574,9,0.0,2253.34356782468
09/10/2020,09/14/2020,48.50956961498264,2,0.0,17.66025121346954
03/28/2021,04/02/2021,731.2923411951632,8,0.4,-62.77711493647033
11/26/2022,12/03/2022,3093.5407907179297,14,0.0,348.545319582826
03/29/2023,04/01/2023,966.8280529898034,3,0.1,234.95986716520218
10/11/2022,10/12/2022,298.53360259763355,1,0.0,78.93641809740608
01/09/2020,01/12/2020,6281.655827906082,11,0.15,449.77733129345086
06/10/2023,06/15/2023,414.9269407324643,1,0.5,6.01124347699551
01/27/2023,01/30/2023,2001.6611253246392,10,0.0,785.3441423144235
03/26/2022,04/01/2022,794.2903639943005,2,0.3,110.62087151116091
07/26/2020,08/01/2020,2618.9666199915796,7,0.0,614.7823706067506
02/28/2023,03/04/2023,6128.641155547215,12,0.0,2134.35901449638
02/07/2021,02/09/2021,3747.3015801933598,6,0.0,613.9831690548319
05/31/2020,06/05/2020,8588.772676753833,12,0.2,1067.5666585029392
02/23/2020,02/28/2020,2204.067152639087,11,0.0,569.3774776312691
02/17/2023,02/20/2023,173.04573813389953,2,0.1,34.844830318071274
09/19/2021,09/23/2021,2523.759199419596,4,0.0,949.6697424171077
08/09/2021,08/12/2021,800.3790805698004,2,0.0,150.3115372340395
12/14/2023,12/17/2023,137.01893308804696,1,0.2,2.3226238589632344
12/16/2023,12/21/2023,1510.995548175555,12,0.0,566.4921177585029
04/13/2020,04/16/2020,1689.9620670158686,3,0.0,279.0470386635285
09/10/2020,09/12/2020,1229.8635543316545,4,0.0,262.8321628130013
06/04/2023,06/07/2023,8977.069042111063,10,0.1,1878.6086822587376
02/09/2023,02/11/2023,1750.3276973339791,5,0.15,556.1913774997059
05/24/2021,05/29/2021,1100.8187133876543,5,0.0,286.8519265079479
04/08/2020,04/12/2020,4427.923882662735,7,0.0,1037.5643723767914
06/01/2020,06/07/2020,3525.3727711104257,14,0.0,969.8002382701832
07/02/2022,07/04/2022,4991.451827988495,10,0.0,1952.8678321322132
05/27/2022,05/31/2022,2731.402362549265,8,0.3,533.6706247158625
12/03/2020,12/07/2020,3304.958784613775,9,0.2,167.52981792717142
04/01/2022,04/03/2022,8140.873360930167,12,0.15,2165.2932511934678
04/01/2023,04/06/2023,1571.1281001606544,7,0.0,553.5551203790442
08/14/2022,08/15/2022,3621.056928079062,5,0.2,750.3128010966494
06/09/2020,06/13/2020,4998.590718542813,9,0.3,735.6427847456417
03/11/2022,03/15/2022,2446.4962123264118,8,0.1,445.905984419115
02/01/2021,02/06/2021,1510.3718497386972,10,0.2,290.7595946437196
07/24/2023,07/29/2023,2064.525654684052,9,0.2,456.82273567836353
03/26/2022,03/29/2022,3053.7889599598884,10,0.1,265.2095832866432
11/16/2023,11/21/2023,4490.91069695181,8,0.0,795.7848309453733
03/04/2023,03/08/2023,268.3415382024654,6,0.2,15.624068981712018
05/03/2023,05/05/2023,3660.8621542141304,4,0.0,1289.9543886432662
02/04/2021,02/05/2021,775.354378280399,9,0.2,158.17289597585219
10/01/2021,10/08/2021,2406.4375453358894,12,0.3,205.10924341282106
11/22/2022,11/25/2022,744.6257505126524,9,0.3,147.2994274261978
11/18/2021,11/25/2021,2641.0609826040354,10,0.0,832.0250672942609
04/04/2021,04/06/2021,8392.970804227203,10,0.0,3139.6250985288125
08/12/2022,08/13/2022,5571.216479424688,9,0.0,685.4941686612137
04/14/2021,04/15/2021,2632.559919792162,14,0.2,402.1161946535345
10/30/2023,10/31/2023,6111.28661150941,10,0.3,990.1773696759035
11/11/2022,11/17/2022,2046.8975934970651,3,0.15,178.58763125878937
01/19/2022,01/21/2022,8317.240684482013,11,0.0,1647.9603501022602
02/07/2020,02/10/2020,6113.925874093361,12,0.4,157.08433566314318
08/17/2020,08/20/2020,935.179777054698,3,0.5,82.57420982273274
10/20/2023,10/21/2023,5570.652852700319,11,0.0,1381.9277870033072
07/16/2021,07/18/2021,2053.056649912248,6,0.1,406.21986203979895
03/13/2021,03/19/2021,1111.3266249773828,6,0.2,143.65706486102928
07/30/2023,07/31/2023,5843.110427132429,13,0.2,400.701387358802
01/27/2020,02/01/2020,5788.883244670158,13,0.5,734.7335171416827
08/13/2020,08/20/2020,3588.2518266144107,6,0.0,700.9303181703679
07/24/2023,07/27/2023,4141.848568965436,5,0.1,912.1994789473235
03/08/2022,03/15/2022,4323.843531177059,14,0.15,301.0861773819341
10/10/2020,10/14/2020,2443.653074807779,5,0.3,196.15940635495008
05/28/2022,05/29/2022,913.0503448332206,2,0.3,201.91291638827343
08/17/2022,08/22/2022,4716.106539354801,14,0.5,701.0000554088368
03/28/2021,03/31/2021,4086.1270303458236,7,0.1,647.7555635402143
10/16/2022,10/23/2022,1927.280276777063,12,0.3,-7.329131022330036
03/26/2022,04/01/2022,608.6199572012699,4,0.0,118.27643814228513
10/20/2021,10/22/2021,13703.787631376334,14,0.0,2715.71427256516
06/30/2021,07/03/2021,164.52653266222856,3,0.0,48.26429242429784
04/30/2023,05/07/2023,2649.1310840847304,8,0.3,261.8587062266246
12/08/2022,12/10/2022,861.6590279408865,4,0.5,69.39622454959132
01/17/2020,01/24/2020,4030.6064549621806,11,0.0,1251.063909110736
04/10/2023,04/12/2023,3136.65606016377,4,0.0,550.1463155780212
05/28/2023,06/03/2023,4188.221998404588,8,0.3,775.9799799058454
06/06/2020,06/12/2020,770.2467731504448,1,0.15,215.0825998365178
04/21/2021,04/22/2021,1806.8969291627384,9,0.5,53.334279517873505
12/05/2022,12/06/2022,7959.528257102312,14,0.0,3011.0920291998555
10/28/2023,10/31/2023,6253.687838080896,7,0.0,2094.2627297060876
06/01/2021,06/07/2021,11926.914986721968,12,0.0,3323.0624080878592
04/08/2020,04/13/2020,1939.2028374834028,2,0.0,721.0921857146366
11/26/2022,12/03/2022,7927.319758116516,11,0.0,2220.50206852074
10/06/2020,10/13/2020,1821.5433867849335,12,0.0,466.9660140541883
10/04/2023,10/11/2023,197.72491005057796,6,0.0,40.90483549882384
05/11/2021,05/14/2021,6615.729382711299,8,0.0,2413.8084014107394
10/28/2020,11/04/2020,4633.92932335799,11,0.5,-524.4766877395981
06/29/2020,07/03/2020,3744.4864959041747,5,0.0,906.3560053387894
08/29/2021,08/31/2021,1722.7455068353675,6,0.0,450.0224715238722
01/27/2023,02/03/2023,5404.7253204213475,12,0.3,629.2436971308543
11/30/2021,12/02/2021,2746.2306378755325,10,0.15,605.7277134463071
09/19/2022,09/20/2022,3101.763992751425,8,0.15,548.2016963193
02/13/2023,02/20/2023,4041.5516349593363,13,0.2,311.38314134441265
07/09/2020,07/14/2020,3840.915480873051,6,0.3,795.3895251702315
09/09/2020,09/15/2020,2031.2523624660694,12,0.3,299.1173445408547
09/07/2022,09/13/2022,4451.036185789297,9,0.15,1257.2234085531256
07/16/2022,07/17/2022,3085.9223954455724,12,0.3,101.25851750771812
03/30/2023,04/03/2023,5398.167246440176,9,0.1,1301.590261576997
07/03/2023,07/06/2023,5120.257587891301,9,0.0,1609.0518199791782
09/08/2023,09/11/2023,3883.89919911958,6,0.3,252.53713863130972
05/07/2020,05/12/2020,1194.4371259893715,12,0.1,350.7742153453153
01/18/2020,01/19/2020,1644.7279057862095,12,0.4,-163.23491498088302
07/19/2021,07/20/2021,6918.160357734708,9,0.0,1926.5411053631099
07/23/2021,07/27/2021,1125.2969144876847,3,0.0,319.6637034030228
09/08/2023,09/15/2023,522.37784509931,5,0.4,31.422556858870838
11/16/2021,11/19/2021,1016.5760933058677,2,0.0,293.8052781583409
09/17/2021,09/24/2021,4720.46861516596,12,0.4,-235.23012245923826
08/04/2023,08/05/2023,353.45990557776344,13,0.5,19.593853533116103
05/03/2022,05/10/2022,2718.2216013113093,13,0.3,137.9135636137978
08/19/2022,08/25/2022,5841.563848697394,8,0.1,1084.2884325248215
06/03/2020,06/08/2020,4909.143830827263,11,0.15,613.3131295466043
05/04/2021,05/07/2021,409.73134949643975,13,0.3,37.76938859569706
11/10/2023,11/14/2023,925.2207847102524,4,0.2,172.52663025148314
02/23/2022,02/28/2022,3278.0211720400985,6,0.15,906.3828234121622
02/01/2023,02/03/2023,622.0976246467335,6,0.5,-3.09150338832856
11/17/2023,11/23/2023,3523.749341668186,5,0.15,429.7816584606051
09/02/2020,09/06/2020,4078.8608880769652,12,0.5,-14.755019530483832
04/14/2023,04/19/2023,5719.983244059783,12,0.0,1753.981949485078
11/28/2022,11/29/2022,916.467543256117,1,0.0,186.96874055645915
01/28/2022,01/30/2022,4376.710395369566,11,0.0,981.6288384541176
06/21/2021,06/25/2021,1699.0587352091109,7,0.0,456.7952458045685
07/09/2022,07/10/2022,5318.311700811471,10,0.2,469.0898723879889
02/11/2021,02/17/2021,4620.497884763577,8,0.0,751.8723566248395
06/08/2021,06/10/2021,170.94771096095644,1,0.5,-18.44223477524183
04/07/2022,04/10/2022,3502.2791571073735,10,0.0,720.7094940578672
06/21/2022,06/22/2022,2829.597438834325,7,0.0,323.9970331563126
02/05/2020,02/10/2020,1192.9087272183024,4,0.0,328.10329220917544
11/15/2021,11/22/2021,3850.9505584054923,6,0.1,395.7730092853516
01/20/2020,01/24/2020,5893.60338900624,9,0.0,1256.624907021518
11/16/2020,11/18/2020,2231.849380104644,5,0.0,403.44437010752983
05/26/2021,05/27/2021,2584.807225737247,8,0.2,488.83096200972426
02/03/2021,02/06/2021,1857.0037833305403,5,0.0,659.4289114778586
10/15/2021,10/22/2021,581.267276356662,2,0.0,168.56187934716684
08/29/2022,09/02/2022,303.4870288815641,4,0.2,49.39296268700795
04/15/2021,04/19/2021,3857.3169413418577,14,0.0,1159.9921069931677
03/12/2023,03/13/2023,655.9786704122688,2,0.0,71.49983264605245
01/20/2023,01/23/2023,3865.450163418829,7,0.0,528.9999907792298
10/09/2023,10/15/2023,5432.354367910884,7,0.0,697.9389522793914
04/13/2022,04/20/2022,4780.766968289727,14,0.15,260.3565041246806
12/27/2021,01/02/2022,2835.9280103807127,3,0.0,505.20672029024814
05/03/2022,05/05/2022,8124.949345306158,14,0.3,890.6218321354474
02/20/2020,02/21/2020,7682.63986935828,13,0.4,-503.94680639504605
07/28/2021,08/04/2021,6142.087074417468,7,0.0,2337.2783208679057
04/28/2023,04/30/2023,310.2793449081427,1,0.5,32.97557059705956
02/22/2023,02/28/2023,602.4944949385517,1,0.0,235.87256176060458
05/29/2020,06/05/2020,1244.077789380074,9,0.0,140.26978758068023
11/09/2020,11/13/2020,4351.051538415913,6,0.0,1546.4539320073043
07/23/2021,07/25/2021,7854.66225721768,13,0.0,2679.384137884773
09/27/2023,09/30/2023,6091.167110108096,14,0.15,1800.742449443343
10/31/2020,11/05/2020,8356.248045980588,12,0.0,2159.1145304162965
11/12/2021,11/18/2021,1573.625775433648,5,0.3,293.27147621483726
04/17/2022,04/23/2022,5497.659084155715,13,0.2,84.58733343483935
12/13/2022,12/16/2022,2426.2126905313426,6,0.0,297.8499657857901
09/29/2022,10/06/2022,3456.946485297519,6,0.2,122.9278841235353
03/19/2021,03/26/2021,526.7069165054455,1,0.4,91.87699478185166
09/04/2021,09/11/2021,4212.182448706382,5,0.0,498.51518283848213
09/19/2022,09/21/2022,7093.4851739607675,9,0.0,922.4712722418762
09/20/2020,09/21/2020,94.59930999642162,4,0.0,35.86478563031599
12/12/2022,12/16/2022,2738.284977716054,3,0.0,362.0499458364463
09/30/2022,10/05/2022,253.91426716454401,1,0.1,78.94877331900707
01/05/2020,01/06/2020,12447.31884947239,14,0.0,4192.023432222927
01/31/2023,02/01/2023,348.49731749942066,2,0.15,12.923882421584974
05/04/2023,05/07/2023,1135.3856994717491,3,0.15,35.82620908654457
02/12/2022,02/14/2022,2706.8573029811205,4,0.1,569.2967947116698
05/26/2022,06/01/2022,4507.133090770806,7,0.0,1799.0339869630618
09/18/2022,09/24/2022,2530.5763118948134,6,0.0,920.241666787048
06/02/2022,06/05/2022,7500.213799901632,11,0.0,1447.5984900977012
10/05/2023,10/07/2023,4427.680119569385,8,0.0,955.9041267265927
02/16/2020,02/19/2020,2377.0231259810867,14,0.4,38.916144531300965
05/16/2022,05/22/2022,5848.795359379515,9,0.0,1873.098031363951
04/02/2022,04/03/2022,1273.227692886469,6,0.0,257.624669580748
07/24/2022,07/28/2022,4879.3388099160165,7,0.0,704.2794622595565
10/17/2021,10/24/2021,36.623352771629044,4,0.3,6.377305816274437
09/25/2020,09/27/2020,885.2556617986434,2,0.2,121.63827577310548
01/04/2021,01/09/2021,3297.1613053726946,9,0.1,240.803616313111
09/27/2021,10/02/2021,2790.6546245753507,9,0.0,940.4943674746199
02/03/2023,02/04/2023,2082.2035502491644,4,0.0,573.8415125643145
10/18/2021,10/21/2021,7007.671975073715,12,0.1,1379.1855105977236
04/29/2020,05/02/2020,1448.4887153269954,3,0.5,75.32568644756286
04/10/2022,04/16/2022,7095.237682408341,10,0.15,1253.0920900457434
12/17/2022,12/18/2022,8567.742772610374,14,0.15,1880.842680278284
10/01/2023,10/07/2023,5325.949668185905,11,0.0,1918.655065921643
01/10/2022,01/16/2022,2389.336070806264,6,0.0,678.7012099863737
04/26/2020,05/01/2020,413.60270879334496,14,0.3,61.163630350522865
03/01/2022,03/07/2022,5117.083076398408,14,0.0,1454.054058892935
02/24/2023,03/03/2023,1274.8400509288356,3,0.5,11.924768791794525
11/17/2023,11/23/2023,390.1843361565271,1,0.0,59.14871591976326
10/09/2022,10/14/2022,1867.8765962861,4,0.0,374.88898391863177
12/17/2022,12/24/2022,237.24866781695735,1,0.15,55.26297044273439
09/25/2021,09/28/2021,562.7828624504662,2,0.0,128.11348461521845
05/27/2021,05/29/2021,213.7591298484927,3,0.0,47.42004824254781
03/12/2022,03/16/2022,4941.327090908822,8,0.0,1619.6720739816647
01/24/2023,01/30/2023,3628.7096721191433,10,0.2,6.062333522328888
02/15/2023,02/22/2023,2439.604797663547,4,0.0,740.903937244433
07/13/2021,07/15/2021,2205.672124114257,4,0.0,544.2891953810811
05/02/2021,05/07/2021,8849.460362737444,13,0.15,1221.4801677391079
06/14/2023,06/16/2023,7535.01793188358,10,0.0,1523.2866355893193
06/15/2022,06/19/2022,4178.192298875103,9,0.4,-201.12711093049222
07/19/2023,07/21/2023,3529.7263181058115,7,0.0,706.9181438184089
04/27/2023,05/04/2023,576.5480605446259,2,0.2,67.70146828697287
12/04/2021,12/06/2021,2802.3066738828697,3,0.0,647.9904753044065
08/03/2021,08/05/2021,203.92664313404293,4,0.2,41.13000372671439
02/28/2022,03/02/2022,515.5043032695297,4,0.2,70.14534370527196
05/10/2022,05/11/2022,2552.4186075292396,10,0.4,354.49340174202234
09/03/2020,09/09/2020,4942.544608338649,8,0.0,1442.8345377414196
01/04/2023,01/09/2023,181.1837105865443,10,0.0,28.423941772387764
06/02/2020,06/06/2020,8593.342134304563,14,0.15,929.3867245779338
12/29/2023,01/03/2024,5631.392773620156,10,0.0,697.024266114404
09/23/2022,09/24/2022,2939.134386540936,6,0.0,1127.7944376525866
01/14/2023,01/15/2023,772.6681591912612,3,0.4,128.23598258933717
11/27/2021,12/04/2021,5767.2137756554,11,0.0,723.4327654288078
08/01/2023,08/02/2023,765.7554471161856,9,0.5,17.01723379075725
05/28/2023,06/03/2023,1176.246218842127,10,0.0,456.52532428545453
12/28/2022,12/29/2022,1899.1430653716482,8,0.2,425.67931451060025
12/06/2022,12/08/2022,5770.518926930318,9,0.1,1139.9294184873836
10/05/2022,10/10/2022,2665.8225224871367,5,0.1,326.1124595442389
04/03/2020,04/06/2020,727.9826811642338,3,0.5,-48.257154756062896
08/15/2022,08/19/2022,2303.223024948003,4,0.0,739.038365206711
10/08/2022,10/09/2022,5523.921242507708,14,0.3,1017.3548378489976
03/28/2021,04/02/2021,3469.3851438970387,13,0.15,637.0068581521457
05/12/2023,05/19/2023,1277.776653267343,12,0.0,174.14129343904807
06/30/2022,07/01/2022,2693.44363492926,5,0.4,485.25218454896145
08/05/2020,08/11/2020,5435.209349979079,9,0.0,1920.959629027212
04/18/2021,04/19/2021,4414.854274009472,9,0.3,-34.60524492448633
03/07/2021,03/08/2021,6571.001529725998,14,0.0,768.9272646134541
12/06/2020,12/07/2020,1593.7231257712738,3,0.3,176.52125921695074
07/04/2021,07/11/2021,3502.481133466339,7,0.15,386.12327568007936
08/05/2023,08/06/2023,379.57866525731004,6,0.0,70.2125305159618
07/01/2023,07/05/2023,3030.066621135164,4,0.15,155.03783657895934
12/22/2020,12/27/2020,1562.40392660004,5,0.0,603.1125244378665
01/23/2020,01/29/2020,2051.1661750597095,14,0.0,715.9594260229743
06/05/2021,06/06/2021,971.6059762727263,10,0.0,130.3413085592349
01/28/2023,01/29/2023,1446.4718214073794,2,0.0,525.0398069669462
03/12/2022,03/13/2022,7776.215514499478,11,0.0,2370.865594880524
04/18/2023,04/19/2023,4429.911172460369,7,0.1,653.9981503827289
05/31/2023,06/02/2023,12832.333429366505,14,0.0,4637.28662736927
01/31/2022,02/02/2022,1279.63293039963,4,0.1,293.5563118986091
03/17/2021,03/20/2021,1131.043451590668,2,0.0,401.06908615813046
02/07/2022,02/08/2022,5827.860863987196,11,0.15,966.1449731528071
10/12/2022,10/15/2022,4702.497649347831,6,0.2,706.2931018513622
09/10/2023,09/14/2023,3511.449505095465,11,0.0,657.7050576354221
05/30/2021,06/02/2021,8036.8502584011685,12,0.3,532.9059205107637
11/05/2022,11/10/2022,267.31988257764783,2,0.15,52.21442200021302
03/02/2022,03/04/2022,6130.891531740508,10,0.2,1741.895212407571
12/01/2020,12/03/2020,1273.1140820404173,2,0.0,356.5169195334368
09/14/2020,09/15/2020,5731.089538294873,7,0.0,826.500237755116
05/11/2021,05/12/2021,26.879102532414066,1,0.3,-1.2875397705932212
06/14/2022,06/18/2022,428.01368929735975,7,0.3,87.86965101018762
06/08/2020,06/14/2020,789.9882177345439,10,0.0,165.34265933757754
05/01/2022,05/05/2022,2985.1493047115746,5,0.0,580.58103718826
11/20/2021,11/25/2021,515.8707008648151,1,0.15,136.8188852005875
01/14/2021,01/15/2021,4625.923586353275,6,0.15,1427.6029923156323
08/14/2022,08/15/2022,2317.3446489289763,7,0.3,404.17625234855416
11/21/2021,11/25/2021,77.3685644549143,1,0.0,11.771951555781975
12/21/2023,12/25/2023,1956.9069684566125,9,0.0,425.45796985495184
07/15/2023,07/19/2023,125.94654708765137,7,0.0,41.287742371520046
12/11/2023,12/13/2023,778.947379877121,1,0.0,289.82898411188205
04/06/2023,04/09/2023,2452.3303275359003,3,0.0,979.9021993245024
12/02/2022,12/05/2022,3492.8635424245313,5,0.3,361.4005555605505
10/11/2020,10/12/2020,1505.0610164252282,4,0.1,446.6380625598748
01/31/2021,02/02/2021,40.74754830660722,2,0.3,-1.4673398803239877
01/12/2020,01/16/2020,242.38258267546848,1,0.0,45.021940579000436
08/18/2023,08/19/2023,2367.5647159466516,4,0.0,500.63107917469694
06/30/2023,07/02/2023,6736.264761675463,7,0.0,2645.0425471115177
05/13/2021,05/18/2021,1237.9704255169502,11,0.0,125.05741338907674
01/23/2022,01/29/2022,365.00041188557896,4,0.3,15.478288251514973
02/04/2020,02/06/2020,6342.672558835382,9,0.0,2404.6573481187747
12/27/2021,01/03/2022,9387.489782598677,14,0.0,1802.430617666183
04/28/2022,04/29/2022,2064.010334069718,8,0.0,345.7630725560525
03/30/2020,04/02/2020,6520.10674483499,8,0.0,2080.087182805588
02/14/2022,02/21/2022,549.9638716907543,5,0.2,122.97283899477206
08/27/2021,08/31/2021,11117.813115947905,12,0.0,2686.656948622485
08/27/2022,09/02/2022,167.21728882327776,1,0.2,47.50229161508819
10/18/2022,10/23/2022,692.6221948176783,9,0.15,59.43538157164762
02/21/2021,02/27/2021,692.2537312182321,2,0.0,258.9200288896801
04/24/2020,04/30/2020,1175.777253895197,6,0.0,384.0704888432861
09/08/2021,09/10/2021,4253.374502285381,10,0.2,469.838390555223
05/04/2023,05/05/2023,7727.754406377699,14,0.2,1870.677492483435
04/05/2022,04/06/2022,2480.0618134675415,5,0.0,347.11107070510957
01/03/2023,01/09/2023,6640.012584928678,10,0.0,924.9188794553771
02/16/2021,02/20/2021,4826.5270203278,13,0.0,1829.1628136372813
10/31/2023,11/01/2023,301.14697013002876,8,0.0,38.67755584251223
12/14/2023,12/20/2023,10717.558312811874,11,0.0,1084.87285857174
12/29/2021,12/30/2021,2463.6581084837862,3,0.0,533.8972483605519
07/24/2023,07/28/2023,496.10781506269075,6,0.0,65.06716551156536
10/17/2022,10/22/2022,2728.107793168627,6,0.0,979.1477542194322
01/30/2022,02/06/2022,6386.688793711559,10,0.0,2406.555776072054
11/06/2021,11/12/2021,417.24548852051413,3,0.3,39.524792795294395
11/18/2023,11/21/2023,6287.854232690753,12,0.1,1116.9836055525132
04/01/2021,04/04/2021,3875.847349942873,12,0.4,239.18545092337715
07/08/2022,07/14/2022,2594.1904397922926,12,0.0,435.4566239708095
07/10/2020,07/12/2020,891.2993267988384,7,0.15,101.95551467786541
01/08/2022,01/13/2022,8375.099333946962,11,0.0,1091.2180833740276
01/27/2023,01/29/2023,1119.825977739667,4,0.15,177.97957238071547
09/04/2022,09/11/2022,1258.0006425191045,5,0.0,356.6526005031796
10/05/2022,10/08/2022,6664.496123501359,9,0.0,2526.291353902673
04/05/2020,04/09/2020,2659.3488183699073,6,0.4,323.7011270615604
10/24/2021,10/30/2021,2552.7387579558017,10,0.1,681.3747830318241
04/28/2023,05/05/2023,6815.973657786814,13,0.4,-51.80352210095755
02/06/2020,02/07/2020,2765.470653686476,4,0.0,1013.5117792077732
10/24/2023,10/27/2023,2818.452605146582,8,0.0,1082.530185594499
10/05/2020,10/10/2020,3898.932783145311,9,0.0,1480.3424360530507
08/04/2020,08/07/2020,5835.540712570494,10,0.2,67.93099231620049
05/16/2022,05/21/2022,987.6059755494168,5,0.1,228.43838869975406
05/22/2022,05/27/2022,568.8878214605661,2,0.4,52.88809658538502
07/20/2023,07/26/2023,3942.1365530131116,6,0.0,743.1698013843559
03/02/2020,03/07/2020,4788.11135025191,11,0.2,1425.5340114920284
08/18/2021,08/20/2021,7346.94074934538,12,0.0,1376.4951770022583
12/29/2021,01/05/2022,4406.0029958560945,8,0.0,726.9177840505358
09/27/2023,10/01/2023,2424.651481419803,13,0.1,473.397914642002
01/31/2021,02/03/2021,1872.464811853028,5,0.1,275.147869891394
11/29/2021,12/03/2021,536.6656405227702,1,0.0,202.43502263518099
11/08/2022,11/15/2022,6258.096919379893,8,0.0,1452.022542897515
06/25/2020,06/26/2020,5916.286753180624,9,0.0,1319.5973884577638
01/30/2021,02/06/2021,432.3250357340754,1,0.0,124.4052639025361
03/20/2021,03/23/2021,7797.246670700432,8,0.0,969.4659971773779
06/10/2023,06/14/2023,1167.1756646292793,10,0.0,381.689650507162
03/16/2020,03/20/2020,2576.8418384330243,12,0.0,851.6968536321331
09/21/2020,09/27/2020,347.8994839313474,2,0.5,-2.7109196081375697
03/30/2021,04/05/2021,567.0872549232745,4,0.4,105.8805110770001
12/18/2021,12/25/2021,8179.438498893365,13,0.0,2239.5444379165533
01/04/2022,01/11/2022,49.1552220428927,2,0.5,2.879067377783878
11/08/2023,11/09/2023,315.62610793215896,2,0.15,95.41487290595452
04/30/2022,05/05/2022,3004.1376528201836,10,0.0,900.9517060711629
10/22/2023,10/25/2023,2059.53695198557,3,0.0,472.7621811203082
05/23/2020,05/29/2020,7367.692363544661,14,0.4,-682.017315889955
06/03/2022,06/06/2022,5443.446599363162,8,0.15,1325.4236948824266
12/28/2022,12/29/2022,532.7283469697064,4,0.3,127.56702527375823
01/27/2023,02/02/2023,2791.783334197626,7,0.3,254.24920760276362
01/30/2021,02/05/2021,476.6690266948844,12,0.0,96.25405843228204
11/14/2022,11/19/2022,3174.3140759933253,10,0.0,811.9191595065757
08/05/2022,08/08/2022,2423.77187064013,3,0.0,772.0468696638658
06/09/2022,06/12/2022,4620.990566059061,10,0.0,463.0562594262024
03/20/2023,03/23/2023,1901.3029086369147,12,0.0,696.1877595657439
03/13/2023,03/18/2023,6218.349867428014,14,0.0,2275.349298034944
07/22/2021,07/28/2021,2884.736346906484,14,0.0,756.9241817665732
11/28/2022,11/29/2022,5190.374062709201,13,0.0,709.5948784061891
04/18/2020,04/21/2020,5422.506518224014,11,0.0,1635.1120419043089
12/01/2022,12/05/2022,4984.875439402854,14,0.0,704.6305818604927
04/24/2023,04/29/2023,2812.797782788567,3,0.0,709.568028942006
07/23/2022,07/25/2022,1133.8099891616362,2,0.0,145.228578171298
02/01/2021,02/02/2021,9331.324406642078,13,0.15,1882.3110406747562
05/31/2023,06/04/2023,5494.473083412176,12,0.4,-25.1603046852603
09/25/2021,09/28/2021,3987.327877050593,6,0.0,1392.7633577768263
03/02/2023,03/04/2023,3011.5191649173385,6,0.0,1023.8678434851416
04/01/2023,04/02/2023,8.506432160640138,1,0.3,2.122713477736428
05/23/2023,05/28/2023,3889.1974246433465,7,0.1,494.90407640147777
01/02/2022,01/04/2022,3479.019633335738,12,0.2,64.50216454252906
08/22/2020,08/28/2020,1772.1836318662783,14,0.0,412.7433037946578
10/19/2021,10/26/2021,4411.764009564377,14,0.3,-110.20145103327103
01/20/2022,01/22/2022,1771.674693745132,4,0.4,-82.29444096769446
08/10/2021,08/17/2021,10630.774235106472,13,0.15,2170.6982419012156
10/29/2022,11/02/2022,4184.002264319473,11,0.0,1161.6432732713363
01/02/2023,01/03/2023,4597.286952030586,12,0.3,-170.1076931921988
08/11/2022,08/15/2022,2046.556654871878,3,0.2,271.928899946836
05/06/2021,05/10/2021,3542.8580278053532,13,0.2,563.5468657551505
07/01/2022,07/04/2022,1960.850742774394,13,0.0,353.7517320206979
06/30/2023,07/05/2023,1850.003282690318,8,0.2,483.9848247352122
06/07/2023,06/09/2023,1800.2632030206082,2,0.0,267.0323105263316
04/12/2023,04/13/2023,1510.1925963949743,9,0.0,266.0514474790091
04/06/2023,04/12/2023,3930.3675496415563,13,0.1,381.6321037779851
06/18/2020,06/23/2020,3759.9512591626976,8,0.0,507.45802474810347
11/17/2023,11/22/2023,5770.766220540873,8,0.15,1665.9841706015932
08/03/2022,08/04/2022,10368.614466521718,13,0.15,1123.5197292431214
03/05/2022,03/10/2022,1294.656619610767,3,0.0,410.0918133506284
09/25/2021,09/28/2021,10305.611311963285,13,0.15,1580.8262371106648
05/02/2023,05/07/2023,407.6268093820248,4,0.4,36.997042498460196
01/29/2020,02/01/2020,330.5675379548134,2,0.0,125.10422978255473
04/03/2023,04/05/2023,1709.5649605892097,2,0.1,518.6518525099993
12/16/2023,12/18/2023,2058.3333287721916,4,0.0,248.43243010231902
12/04/2020,12/08/2020,1164.2925420024865,6,0.0,411.6481566924047
10/20/2023,10/23/2023,2465.552334349031,5,0.0,580.7535902791354
09/27/2023,10/03/2023,785.379043825261,1,0.0,161.0370392354537
05/14/2021,05/16/2021,10772.46510686175,13,0.0,3250.229150279341
05/25/2021,05/30/2021,4326.647820413749,10,0.5,584.3672738633918
09/12/2023,09/13/2023,487.7939149480627,1,0.15,25.970464744932016
08/04/2020,08/05/2020,4688.693392810688,6,0.1,1314.8179787117201
08/17/2023,08/24/2023,1544.7897201456665,3,0.0,248.79210617915996
03/01/2023,03/04/2023,1649.67111909135,3,0.1,270.6134308998861
12/29/2022,01/04/2023,5327.928229742502,7,0.0,1929.4927178185637
06/29/2023,07/03/2023,5605.352217184244,13,0.0,1478.3542215907
12/09/2023,12/14/2023,1076.9937394760311,13,0.0,129.49449020619744
03/20/2021,03/23/2021,356.66469328912063,1,0.0,90.02736342206275
05/25/2022,06/01/2022,627.7047746280008,1,0.0,211.46907503479693
04/20/2023,04/21/2023,2525.1539788828345,14,0.1,526.9091751091959
06/15/2020,06/18/2020,1427.8037397682572,13,0.3,0.09533687399792175
03/31/2020,04/05/2020,3001.4973914552324,10,0.0,700.8866269082076
12/14/2021,12/20/2021,125.37104296512942,3,0.0,47.30294715184812
02/08/2020,02/14/2020,10443.841367484707,14,0.0,3106.6375547449884
02/23/2023,02/25/2023,1064.5137846658215,8,0.5,73.41520652611875
06/21/2020,06/26/2020,93.09720886916347,1,0.3,17.295688114118533
10/14/2021,10/21/2021,6319.243096234209,10,0.1,487.89629322398196
01/23/2022,01/25/2022,6587.090112859268,13,0.4,490.4811046640861
05/28/2023,05/30/2023,118.70735961264266,4,0.0,25.25790596765559
12/17/2022,12/19/2022,1085.6869786521565,9,0.5,-117.52805921014745
04/20/2021,04/23/2021,13240.920022692426,14,0.0,2129.3103170709087
03/31/2021,04/07/2021,1565.60637829379,4,0.0,523.4575838697118
04/08/2022,04/09/2022,7983.252213358952,10,0.15,586.3437825053544
06/13/2022,06/19/2022,2251.7633038957647,8,0.0,436.2241569484041
10/16/2023,10/19/2023,1344.027407336465,7,0.15,148.4639574569156
10/21/2022,10/22/2022,665.9019828321477,3,0.0,76.30511501018263
01/21/2021,01/27/2021,561.5394242330989,7,0.15,91.89454245292687
12/13/2020,12/20/2020,6282.275759368241,7,0.0,2071.7623201877327
07/08/2020,07/15/2020,9800.366724065721,10,0.0,1045.1678498594017
05/19/2021,05/24/2021,1718.9346945580587,3,0.4,-113.85289150998786
04/29/2023,05/05/2023,1194.9110018006015,2,0.3,198.4221459503836
10/24/2023,10/30/2023,3817.8856285850943,9,0.5,107.18445581966185
12/03/2023,12/10/2023,531.5796899978383,1,0.2,114.06333148430758
04/03/2022,04/09/2022,9852.623740490179,14,0.15,926.4539000932075
07/17/2022,07/21/2022,1362.4313264075888,7,0.1,396.64549718624863
07/22/2022,07/27/2022,1576.134016333029,4,0.0,384.5157320213826
02/14/2023,02/17/2023,1288.855860723601,2,0.0,364.8629689418413
05/13/2020,05/16/2020,1752.0472384719608,2,0.0,223.64186588394
02/27/2020,02/28/2020,3717.6426993725363,8,0.3,42.78811573690265
11/15/2021,11/18/2021,5884.422171256047,7,0.0,1953.6714965845968
11/02/2021,11/04/2021,3450.3121489737923,12,0.4,-113.2650104299513
06/21/2020,06/27/2020,4536.823412066362,7,0.1,352.7786169474629
03/25/2022,03/28/2022,3920.7239932453435,5,0.2,702.4407712712043
03/18/2023,03/19/2023,2267.351401818442,14,0.0,599.4445285898897
03/20/2020,03/21/2020,9276.51485392731,10,0.0,2619.3926039404564
06/04/2022,06/06/2022,2108.561233453935,8,0.5,74.83631500072201
05/21/2023,05/22/2023,9055.001905918605,14,0.0,2264.2865666334133
07/21/2020,07/28/2020,1758.1806336828151,2,0.0,436.26118673671573
02/02/2022,02/06/2022,831.1152616535876,2,0.0,313.537957847395
06/06/2023,06/13/2023,2122.5282457057506,5,0.0,552.2065368475817
06/04/2023,06/10/2023,531.9100179836294,1,0.0,151.69545032853904
11/26/2023,12/02/2023,147.44642462459856,6,0.15,15.49526531328627
02/16/2020,02/22/2020,2006.7980765356692,4,0.0,725.112255609508
06/10/2023,06/15/2023,1610.1525186591552,6,0.1,92.27852966397916
08/21/2023,08/24/2023,6500.722483975045,7,0.0,1736.785211100033
03/12/2023,03/16/2023,881.4073064660591,13,0.3,57.428171109727046
12/09/2023,12/12/2023,1115.345417759049,3,0.2,202.06853318515277
10/28/2023,11/01/2023,10427.928375409461,11,0.0,2169.5473388930554
07/06/2023,07/09/2023,11726.323671598806,13,0.0,3697.3845915583684
10/17/2021,10/19/2021,5634.679663606437,8,0.0,597.8363168368932
04/15/2021,04/22/2021,3323.417672266238,7,0.2,404.68204013747845
08/28/2022,08/29/2022,2994.4057287197224,13,0.2,746.7421455434587
11/01/2022,11/02/2022,223.97252497495816,1,0.4,-5.585826544013671
09/15/2023,09/22/2023,595.4010966395158,6,0.0,68.96248891485402
01/05/2022,01/07/2022,5517.730503464587,7,0.0,1373.6788599262854
02/22/2022,02/26/2022,4628.83498314683,14,0.0,1818.9471716046353
08/25/2022,09/01/2022,7382.144880438958,11,0.0,880.302827015777
12/23/2020,12/28/2020,1310.4677859358583,4,0.1,93.06542238006885
08/29/2022,09/02/2022,6575.6199177522,14,0.0,1831.5400931295146
12/02/2023,12/03/2023,895.1239162442097,2,0.2,67.15247714331106
10/29/2021,11/03/2021,7234.504958760278,10,0.1,1252.07121613407
01/07/2021,01/10/2021,1379.9823267212237,9,0.3,274.8264416703545
10/28/2022,11/02/2022,2833.444130730905,7,0.0,452.37240420324486
02/19/2023,02/23/2023,83.26845370373964,1,0.4,9.641652680118424
10/03/2023,10/05/2023,340.0115994881868,8,0.5,0.45753796218820225
11/06/2021,11/09/2021,1095.5297026927872,3,0.4,187.86943924676862
03/30/2020,04/03/2020,631.0404285290037,4,0.2,184.19350728230623
11/28/2021,12/01/2021,581.2913274574378,12,0.3,55.50648328430745
09/01/2023,09/06/2023,4041.5712835245367,5,0.1,910.9463937116699
04/16/2023,04/17/2023,538.9712755875419,1,0.0,174.4934392293859
06/23/2021,06/27/2021,730.7378191776695,6,0.15,88.12861971740101
01/01/2022,01/03/2022,503.1349293845937,10,0.2,34.22429707474556
05/18/2022,05/25/2022,385.9843586385587,6,0.5,53.80836247627844
02/10/2020,02/15/2020,857.9229622513343,2,0.1,154.24135149775285
01/09/2022,01/13/2022,7389.586628789297,11,0.0,742.4853279838352
05/16/2021,05/18/2021,5481.371831007574,10,0.15,1514.5879409316856
08/16/2022,08/20/2022,458.9365662055606,6,0.5,13.72185838700641
03/14/2023,03/19/2023,5097.232498554654,8,0.0,767.4779049977445
05/09/2023,05/13/2023,2464.9018078525405,6,0.0,268.7775960453449
07/17/2022,07/20/2022,1692.3468472432935,4,0.1,232.60415432224997
04/05/2021,04/10/2021,3213.6644087314558,4,0.0,1215.9417610866224
01/01/2022,01/05/2022,3052.569410575578,9,0.0,1160.1209182654927
01/21/2022,01/28/2022,933.1743401503213,6,0.0,180.38357594936073
07/13/2022,07/14/2022,4898.424172491791,8,0.3,983.502165905829
06/27/2022,07/01/2022,1760.0741608613969,8,0.0,409.31157705481934
06/30/2023,07/03/2023,2107.6270029436737,7,0.0,624.4970990487747
01/24/2021,01/26/2021,1702.857979952631,3,0.2,170.85312686201183
06/01/2022,06/08/2022,3433.5740694351557,10,0.5,16.452927713283437
09/12/2020,09/14/2020,401.1980105354952,1,0.5,-24.820582732661318
12/09/2021,12/16/2021,960.1398751673083,5,0.0,113.61748838988997
03/25/2021,03/27/2021,2331.9211134768984,13,0.5,-252.28248648008562
01/10/2020,01/11/2020,1346.2440656669846,10,0.0,252.02005053430238
04/03/2022,04/06/2022,4365.030045575346,10,0.2,1278.4131297487295
03/08/2022,03/13/2022,509.3963072426341,2,0.15,160.30785588438582
06/19/2023,06/21/2023,8304.555415181725,12,0.0,2892.468369351369
06/28/2023,07/05/2023,93.06831874226096,10,0.1,11.145100118987559
05/26/2022,05/29/2022,898.1201901747849,13,0.0,208.79555855098263
10/25/2022,10/29/2022,613.5285765198098,2,0.3,50.2693728371225
02/16/2023,02/17/2023,13420.43240182138,14,0.0,2900.0477222009117
10/12/2022,10/15/2022,5307.060097239267,7,0.15,204.1312453190957
01/08/2021,01/11/2021,10934.758315594998,11,0.0,2846.954126623256
12/24/2022,12/29/2022,5494.604994000258,13,0.0,669.4824400657362
05/25/2020,05/28/2020,84.15420211652105,3,0.5,7.622317703967373
08/11/2020,08/16/2020,3254.1244382354744,13,0.2,674.8798403573838
06/16/2023,06/17/2023,2716.052574608848,8,0.5,-119.99220967512996
06/25/2020,06/26/2020,1294.3095450276699,9,0.0,380.7093934324467
05/02/2022,05/06/2022,4297.614397613614,14,0.0,730.2123981309089
07/29/2023,08/03/2023,767.5726839230981,13,0.1,99.45824547701645
03/03/2020,03/08/2020,3841.7389440506554,8,0.0,746.2195840862427
05/25/2023,05/27/2023,1300.9888255088224,6,0.0,441.16983814591396
04/06/2022,04/08/2022,401.3421865200494,5,0.2,25.3677977472185
03/05/2022,03/09/2022,1251.3109541629628,3,0.0,336.39538984146384
11/19/2021,11/20/2021,1073.1394509912402,3,0.0,171.8526958327452
04/14/2020,04/20/2020,3794.9979170322613,7,0.0,704.0147220196574
01/27/2023,01/29/2023,8793.114744497881,13,0.1,1060.8399460487772
05/25/2021,05/28/2021,485.77219624896065,5,0.2,93.99760069743256
01/19/2021,01/20/2021,9518.572011694901,12,0.0,2455.9694177034075
02/08/2021,02/14/2021,453.9412089629967,14,0.1,120.92528234305303
04/02/2022,04/05/2022,2692.0253008253358,6,0.0,446.8305194978005
06/01/2021,06/08/2021,4969.070265742995,14,0.4,-483.2691115188977
04/20/2021,04/25/2021,3446.7432710702383,6,0.4,358.9882043145969
12/09/2021,12/10/2021,4423.106043997292,9,0.15,262.9810224989077
02/09/2022,02/16/2022,167.1617013386747,1,0.0,29.068010242861252
11/12/2022,11/16/2022,3761.037988491384,8,0.1,532.9610690132974
09/23/2022,09/28/2022,3415.5219156157673,10,0.15,850.6037217445448
11/07/2021,11/12/2021,3149.653077507568,13,0.5,118.95465866104979
12/14/2021,12/17/2021,1333.3192893312264,13,0.5,-126.29249513660605
03/23/2020,03/30/2020,1770.365701608557,5,0.3,229.02573691887918
03/14/2023,03/19/2023,2061.011766423585,13,0.0,643.9515817300313
01/13/2023,01/15/2023,2239.8079496518835,6,0.5,-74.65467852574048
01/06/2023,01/07/2023,3049.6327078790437,6,0.15,301.26063306222613
04/01/2021,04/03/2021,61.41969027310582,1,0.3,9.439888970304981
01/01/2020,01/04/2020,2672.15496974907,3,0.0,756.9342839051299
02/20/2020,02/26/2020,7442.589702833784,12,0.0,918.2194387915224
11/15/2021,11/18/2021,1937.6759074593188,6,0.0,581.3103138083096
12/17/2021,12/18/2021,772.6036574485208,14,0.0,190.48958823617488
03/24/2021,03/29/2021,8902.662003394835,14,0.0,2902.3629566863274
05/30/2022,06/06/2022,2923.7351122583723,11,0.3,21.0955165023783
05/02/2021,05/09/2021,9993.961162126729,11,0.0,1773.5775717916251
02/03/2020,02/07/2020,400.7614894832953,9,0.0,105.39779572112103
10/03/2023,10/06/2023,292.26846593292544,6,0.0,71.46550234894531
04/04/2020,04/05/2020,11397.675528454394,12,0.0,2460.8676932652893
12/31/2022,01/04/2023,6273.963840447623,13,0.5,463.0812354833926
06/02/2020,06/07/2020,224.78882702947328,6,0.0,60.563835168266095
09/06/2020,09/12/2020,718.8729025919142,1,0.0,225.06584703065298
11/04/2021,11/07/2021,1238.111480549981,9,0.4,-66.88712956543252
03/13/2021,03/19/2021,1972.260748144993,4,0.3,332.71346270455444
04/27/2020,04/28/2020,1740.0909373828076,2,0.0,414.93935721410605
02/09/2022,02/15/2022,87.85853125892211,1,0.2,0.8900403698680687
08/22/2023,08/28/2023,628.2658191157751,3,0.15,59.90355395209685
09/24/2020,09/25/2020,81.2085399437517,3,0.2,0.6274916902414925
12/13/2022,12/14/2022,266.95773494998195,5,0.0,63.28562975912363
08/23/2020,08/26/2020,19.66083981779822,1,0.5,-1.0270050410289409
01/23/2021,01/29/2021,5618.728730035053,7,0.0,2226.336236527022
09/16/2022,09/20/2022,3969.0267714040956,13,0.0,1431.0375045233488
02/01/2022,02/02/2022,498.2793251762692,1,0.0,173.25234825047517
02/04/2021,02/09/2021,3159.8632838441845,4,0.0,791.0242636475795
09/15/2021,09/21/2021,1799.9792138867433,6,0.4,255.82429539708895
02/05/2022,02/06/2022,391.4136917985151,1,0.1,50.90761477263535
08/19/2023,08/23/2023,150.20232097194955,7,0.0,40.283487493865884
07/07/2022,07/14/2022,5723.591075113886,10,0.0,1247.0298002170366
05/15/2023,05/18/2023,934.4695314900089,7,0.0,141.48109188457525
06/06/2023,06/12/2023,1150.502637574674,3,0.5,-147.51281234239218
05/02/2022,05/09/2022,954.5772476767299,4,0.1,207.5876326697162
07/31/2021,08/01/2021,3454.972237172899,6,0.15,187.57645601113023
03/15/2020,03/16/2020,7277.326476520046,14,0.2,1567.5428837208847
03/10/2021,03/15/2021,5460.477852726336,11,0.2,1509.497466020881
04/12/2020,04/17/2020,1631.9808003978328,7,0.15,120.16573761288147
12/16/2023,12/22/2023,3841.8643116533744,14,0.0,926.9710664931026
02/02/2022,02/09/2022,7866.19982336294,13,0.3,1350.094580861521
01/07/2022,01/14/2022,72.57362977319272,4,0.2,6.245098609223696
03/16/2022,03/17/2022,1517.6592569553468,10,0.2,419.2220390090913
08/22/2023,08/28/2023,3377.3806465606085,11,0.5,393.5988181147766
04/07/2020,04/08/2020,5158.91748871257,9,0.3,-97.36782634444612
03/08/2022,03/13/2022,2298.0009375926193,9,0.3,-96.01063667863326
09/20/2023,09/24/2023,2956.0906081111148,9,0.5,422.5363340070839
05/08/2022,05/10/2022,6739.018265088408,12,0.0,2607.6126251189035
03/10/2021,03/12/2021,738.9470343721505,10,0.0,167.5087119606674
03/22/2021,03/23/2021,3377.8765527914056,6,0.1,220.13282771819732
08/24/2023,08/31/2023,1631.5288750995371,2,0.0,466.0668878294531
09/05/2020,09/10/2020,1389.5333719349812,2,0.3,52.834272167120304
06/14/2020,06/17/2020,346.22431294180956,11,0.2,97.29488176693324
09/10/2022,09/13/2022,2123.064290745694,4,0.2,506.13550688940694
09/20/2023,09/22/2023,1891.8182592741714,9,0.5,84.90127568927025
10/16/2022,10/20/2022,59.0700294574297,3,0.0,10.948698141755836
06/25/2021,06/27/2021,2967.443204502846,6,0.2,624.2924041787068
01/28/2022,01/29/2022,236.16544602614246,2,0.1,32.29573811004532
02/03/2023,02/07/2023,384.78118168724524,1,0.0,42.82202653372838
03/21/2020,03/24/2020,3225.041058762219,12,0.0,814.4208321072882
05/12/2020,05/19/2020,1286.431188869359,5,0.3,124.27615253691124
03/07/2022,03/12/2022,3583.9341049387685,8,0.1,999.565643947151
06/18/2022,06/23/2022,2559.3220601523353,10,0.3,536.6953761946177
05/17/2020,05/18/2020,5014.840966952795,10,0.1,784.0229779269883
07/02/2020,07/04/2020,492.5263866610504,2,0.0,115.6658339512889
11/25/2023,11/26/2023,6390.081497540978,10,0.0,1540.7772551559012
09/15/2023,09/20/2023,7697.028366752444,9,0.0,1518.3714290548069
02/23/2022,02/26/2022,1390.9582586763615,12,0.5,101.56231544108746
09/10/2022,09/15/2022,4102.38754957653,8,0.0,1052.7971755004949
03/09/2020,03/13/2020,978.3043300565847,3,0.5,121.49241796090001
06/29/2021,07/06/2021,284.489934950641,1,0.5,12.82857051568678
02/22/2020,02/29/2020,743.9859034606073,4,0.5,-64.30346967641334
07/23/2020,07/29/2020,5166.221687405527,8,0.0,772.0535733692344
05/05/2020,05/10/2020,56.945616221963206,3,0.5,-2.1801457550791707
02/12/2020,02/17/2020,3762.071696764687,10,0.0,767.755925063645
04/20/2020,04/27/2020,6447.433109935118,12,0.0,1432.2298733115683
01/30/2022,02/05/2022,60.81405449501206,2,0.0,9.430880655788787
04/21/2023,04/25/2023,2152.8038338273186,7,0.4,416.49607092821486
04/27/2022,04/29/2022,2630.847664631888,4,0.0,378.0868311629103
04/04/2020,04/09/2020,4112.7243519739395,6,0.1,1010.885569710189
10/29/2023,11/05/2023,611.2017029766805,5,0.0,63.516551916092
06/18/2022,06/19/2022,1981.3184522855558,2,0.0,440.0276696033806
12/25/2020,12/30/2020,6101.0602432174455,10,0.0,1176.0099875462124
06/18/2022,06/19/2022,517.3865965606893,2,0.3,33.426998308663954
10/07/2020,10/11/2020,3233.184266493048,14,0.1,644.7719637097717
05/03/2023,05/08/2023,3116.706622559534,9,0.4,249.6871607250561
05/03/2023,05/10/2023,8255.063861997363,11,0.15,1651.4536211930072
10/28/2021,11/01/2021,2626.798710899756,10,0.5,103.00755005133476
04/02/2020,04/06/2020,1196.743203088039,2,0.1,363.04916978840316
11/02/2021,11/04/2021,2476.012430987051,8,0.15,720.5571207960834
03/01/2020,03/06/2020,2838.749509498197,8,0.1,769.7981542032187
09/25/2021,09/26/2021,293.31335471417304,1,0.0,36.277779701662745
12/10/2022,12/11/2022,496.0066449971901,1,0.3,118.24189194239091
11/27/2023,12/02/2023,4039.8322406005136,13,0.15,1249.1946061874212
10/25/2022,10/31/2022,556.6658720023152,4,0.3,91.021070419268
08/26/2021,08/28/2021,601.1305047273208,2,0.2,93.3145230472424
11/12/2021,11/14/2021,10263.467229053143,12,0.0,1798.0107152391727
06/17/2021,06/19/2021,629.7390946699811,1,0.15,158.63464191893874
11/29/2023,11/30/2023,3071.649924170354,9,0.0,1116.1087378328546
04/17/2022,04/21/2022,10620.568239703525,13,0.1,2650.429504222054
10/06/2021,10/13/2021,214.41498735404537,3,0.15,45.82515486980092
08/20/2020,08/26/2020,414.79377449654754,14,0.5,-38.201921203154775
06/07/2021,06/09/2021,1906.7391173234441,14,0.0,395.3412996057438
12/11/2020,12/12/2020,1754.062916200239,14,0.0,555.9342207485355
12/05/2022,12/06/2022,96.95597186221711,1,0.0,10.187127280791563
06/29/2021,07/03/2021,1329.458371756025,2,0.0,388.7060857206547
01/06/2023,01/11/2023,3387.07015280967,8,0.3,609.6763204387416
01/01/2023,01/06/2023,2278.9530941656412,5,0.3,114.88509267709371
03/04/2022,03/11/2022,6085.045063859605,11,0.2,139.04529240013775
09/05/2020,09/12/2020,3720.6236792837776,7,0.3,728.2593032066189
02/16/2020,02/18/2020,1290.6309492692776,6,0.0,183.98079549080765
02/18/2023,02/25/2023,8139.046215331874,13,0.0,1719.2948229884353
08/01/2020,08/03/2020,584.2481727430096,1,0.0,182.38839283955386
08/26/2020,09/01/2020,3965.7383872908435,6,0.3,773.698888567862
12/15/2022,12/22/2022,2112.3876135758182,11,0.2,546.5054648360677
12/15/2020,12/19/2020,405.4074449319992,7,0.15,74.64570964302068
04/16/2020,04/18/2020,2627.840476069591,4,0.0,637.938519215747
04/10/2022,04/14/2022,5942.168894674757,8,0.0,2106.4702503609938
02/17/2020,02/18/2020,1161.4561829979007,8,0.5,21.97838461452953
12/02/2020,12/04/2020,4025.9796264119063,7,0.0,1101.4887756636297
11/15/2022,11/16/2022,606.6782029335199,11,0.2,78.98465490464585
03/14/2022,03/17/2022,1920.8887855132123,2,0.0,406.92913187505
07/04/2023,07/08/2023,712.9543413970616,6,0.0,174.07654126674103
01/08/2020,01/11/2020,369.0951877942837,6,0.2,40.39903626061375
09/16/2021,09/18/2021,644.0286947960743,12,0.0,130.77900101226152
06/30/2023,07/01/2023,4156.792199407864,12,0.2,1239.1368557064488
12/19/2021,12/21/2021,594.6536177266615,7,0.2,59.9791711735038
10/29/2020,11/01/2020,4034.8894961485057,6,0.1,512.0885017782501
09/30/2021,10/02/2021,1439.8166704322266,2,0.2,152.8757413868901
02/25/2020,03/02/2020,1926.840549611581,8,0.1,437.8444604080415
12/26/2021,12/31/2021,2529.94155223554,4,0.0,944.41996096332
06/09/2021,06/12/2021,373.78845030023706,9,0.2,88.34836713851382
04/18/2021,04/20/2021,2827.4315542262457,8,0.1,855.7853295783406
01/28/2020,01/29/2020,4200.177692108316,14,0.0,1502.4144103878205
03/18/2020,03/20/2020,425.3992298567194,3,0.4,74.93769828724956
05/24/2023,05/25/2023,1750.3458877775126,3,0.1,210.95408414592998
11/10/2023,11/15/2023,777.9837346117251,8,0.3,68.08120826311118
12/30/2020,01/01/2021,1206.9447852896258,2,0.3,79.12645522957096
10/27/2021,11/03/2021,6013.687925745427,9,0.0,1290.3155140626905
06/09/2021,06/16/2021,2569.060176844239,4,0.1,631.1797949205983
11/29/2021,12/04/2021,5615.945193426549,6,0.0,1238.5457089313077
08/28/2023,08/31/2023,2828.8474283624687,3,0.0,805.9360631109676
06/01/2022,06/02/2022,1167.885181220191,3,0.3,75.54326213418753
10/27/2022,11/03/2022,1201.0224458714897,3,0.2,112.10157929857151
10/23/2022,10/29/2022,3762.3057135910512,11,0.0,774.7458570977211
07/07/2022,07/10/2022,7938.4956298099005,13,0.15,2112.648953723479
01/19/2022,01/20/2022,2714.133990550074,10,0.5,82.27981566274214
12/28/2020,01/02/2021,10082.300352581411,12,0.1,3450.156323731143
07/21/2023,07/28/2023,2757.8845193253683,14,0.2,688.9109149957633
03/16/2022,03/20/2022,3552.0817851454412,14,0.2,517.6597351320659
01/08/2022,01/10/2022,4521.013601240767,14,0.0,780.8373723978387
11/04/2022,11/09/2022,9695.26164013368,12,0.0,2929.643711181661
04/30/2023,05/01/2023,172.87988563796932,2,0.2,37.686744630291656
04/29/2021,04/30/2021,3688.7410382327193,8,0.0,882.5415995094162
01/28/2020,01/29/2020,3509.7699297868667,9,0.1,417.58063244759836
12/14/2021,12/15/2021,527.4126387431745,8,0.2,88.16835948992176
11/28/2022,11/30/2022,3333.5122284712293,10,0.2,253.8428750051775
07/20/2023,07/23/2023,1554.7326103534247,3,0.0,593.9070724645619
06/08/2023,06/14/2023,521.1755190590488,7,0.0,150.4452742250149
03/26/2020,03/30/2020,5662.398578762428,11,0.0,1062.1486966119962
05/05/2020,05/07/2020,8636.809730729105,10,0.1,990.807959003808
03/22/2022,03/23/2022,1958.250359859834,2,0.0,616.8821242686339
06/20/2021,06/22/2021,1930.906730894087,4,0.1,506.5501792148261
05/24/2020,05/29/2020,6239.351559323153,12,0.0,1741.6505318678578
05/20/2023,05/26/2023,3424.0410916010624,13,0.1,802.2196404279471
01/25/2020,01/26/2020,13960.020437929728,14,0.0,3925.0091301763564
11/18/2023,11/22/2023,3293.396487985193,13,0.1,520.4588525103957
03/07/2020,03/08/2020,2750.233724613341,6,0.0,1048.4559897636557
08/20/2020,08/26/2020,141.95188947114738,11,0.0,34.60553402260003
04/18/2020,04/22/2020,1067.2199040001365,5,0.4,-100.21368850744344
03/15/2023,03/21/2023,1049.4366688355635,13,0.0,214.6186168956832
04/20/2020,04/24/2020,5709.8568985118,9,0.15,365.91488659686576
08/15/2020,08/18/2020,3392.4258509977976,10,0.4,30.583184875546824
04/20/2020,04/27/2020,2075.2205706532077,4,0.1,482.44467492349787
02/03/2020,02/06/2020,1027.7616056424706,5,0.3,-44.39997726441485
09/14/2021,09/16/2021,3266.9893094017757,4,0.0,1179.5796807073352
10/24/2023,10/26/2023,185.33502509112742,14,0.0,52.46699924450569
01/17/2022,01/21/2022,4423.447175843152,13,0.0,834.3132851427182
08/17/2021,08/18/2021,9280.635217759907,14,0.0,1794.5180308972265
02/28/2021,03/07/2021,7270.746496342014,8,0.0,1742.801228493035
09/04/2021,09/09/2021,3149.5073656277496,13,0.0,549.3608276691367
11/22/2021,11/27/2021,3710.685548228978,8,0.15,97.6005972839237
07/29/2023,07/30/2023,976.700711390378,3,0.4,-89.88846758021796
09/05/2023,09/06/2023,875.4326253532628,1,0.0,181.49661923335802
11/10/2020,11/13/2020,360.0703239854636,6,0.0,49.42559420129008
05/26/2022,05/31/2022,860.4616109200005,2,0.0,91.8190861458757
11/01/2023,11/05/2023,381.2820360880244,2,0.0,136.4153846568288
08/05/2023,08/11/2023,75.16145830946896,3,0.2,6.18136808113114
10/23/2021,10/25/2021,1244.485048922224,8,0.0,312.287062410013
10/03/2020,10/09/2020,2930.1178983591512,3,0.0,450.71872045134484
09/15/2021,09/18/2021,1247.1201367803653,7,0.2,17.48149613270988
05/30/2021,06/04/2021,6549.763259217092,10,0.3,1136.1212134649375
10/05/2023,10/12/2023,2686.3426699783663,14,0.1,235.02021266209994
04/22/2022,04/23/2022,8387.840475995758,10,0.1,484.10480626938005
12/15/2020,12/22/2020,5922.672532634801,9,0.0,1635.659133924225
04/02/2022,04/09/2022,1587.1230924497975,13,0.0,165.12471780177654
03/06/2023,03/11/2023,4688.768028602496,8,0.0,1082.5698796668303
01/28/2022,02/01/2022,325.32889716487585,1,0.0,60.722903650312155
06/17/2022,06/20/2022,1635.150822556816,7,0.4,-6.826108012559404
08/30/2020,08/31/2020,2808.3462640167268,7,0.1,143.70227214959405
06/26/2021,07/02/2021,3427.8396184402495,8,0.0,1334.4710719111386
11/29/2022,12/03/2022,6674.678015781987,10,0.0,1702.6364781133955
08/16/2020,08/22/2020,3853.4219395242776,5,0.0,1047.1814381844279
07/01/2021,07/03/2021,2855.0302546274356,10,0.15,641.91571067912
07/08/2022,07/11/2022,8326.082898619496,9,0.0,2824.6780535827065
05/31/2023,06/04/2023,8451.73485790819,9,0.0,2386.539486415947
01/06/2020,01/10/2020,362.04143601335016,8,0.1,100.88626079250328
09/07/2023,09/13/2023,148.5582059651299,6,0.0,34.854813681647975
04/12/2021,04/13/2021,2584.8940010973024,6,0.0,546.4014650661665
03/15/2020,03/17/2020,594.738798477782,1,0.0,206.33878118446117
01/04/2020,01/10/2020,3706.634099708033,13,0.0,1332.8802586920801
10/07/2021,10/11/2021,1600.9176814494997,6,0.0,226.27690843002244
04/27/2020,04/30/2020,9541.706879769383,14,0.0,2507.542019765065
05/30/2022,06/03/2022,1938.1991737888454,4,0.2,397.5105581805817
05/18/2021,05/23/2021,561.5212999781714,4,0.2,14.082741381034436
08/04/2022,08/07/2022,10539.305848226835,14,0.15,3202.674196362651
07/27/2021,07/30/2021,956.4468332432427,2,0.3,101.41486185408662
07/12/2020,07/16/2020,4796.356326805137,13,0.0,1408.388762849666
04/26/2022,04/27/2022,5288.271011802536,11,0.3,18.365236746945012
12/15/2021,12/18/2021,1701.371782601929,14,0.0,305.1076942095691
11/16/2023,11/21/2023,1894.294253313262,4,0.0,258.19299815226054
11/15/2022,11/21/2022,886.4728273198184,5,0.0,158.8555907431724
12/29/2023,12/30/2023,663.2201376729794,13,0.0,164.2922489072649
06/21/2020,06/22/2020,2069.6580455125004,12,0.5,207.149755421372
08/16/2023,08/17/2023,796.1406432298771,5,0.0,207.0897352053354
11/21/2020,11/24/2020,3185.9138869214325,5,0.0,552.2433804275126
12/04/2023,12/05/2023,2709.308860310133,4,0.0,307.1985680984167
02/15/2023,02/19/2023,157.20538316433732,1,0.0,45.05364022755993
04/15/2022,04/16/2022,481.1362576634882,14,0.0,108.75987395812813
12/24/2021,12/29/2021,7948.824560188087,10,0.0,3142.2193137603012
08/12/2020,08/14/2020,96.2916041702133,8,0.0,32.154459487183416
06/15/2021,06/20/2021,735.9953124130968,3,0.3,141.68560809361577
04/22/2020,04/25/2020,999.2749301304262,2,0.0,103.59533850322843
05/19/2020,05/20/2020,7384.101899877436,9,0.0,2461.406188611539
07/12/2021,07/13/2021,4999.029685096141,7,0.15,416.8390572818914
01/01/2020,01/05/2020,3274.605207919579,9,0.5,84.28428306398699
03/30/2020,04/05/2020,3311.4334020884853,13,0.0,775.6253620232145
10/15/2021,10/16/2021,1445.9701299519581,2,0.0,392.5536412254501
11/15/2020,11/22/2020,1143.332126541775,9,0.5,-125.728736700736
05/18/2020,05/23/2020,2224.621098143846,10,0.0,527.3853720244805
04/24/2022,04/27/2022,4468.41906497464,9,0.1,272.94625496550566
09/15/2020,09/17/2020,7502.724893352942,11,0.0,842.554538349846
06/20/2022,06/21/2022,337.61474056384446,9,0.4,32.85715245768624
11/20/2021,11/22/2021,347.1118755668118,10,0.5,47.03696088192201
01/10/2020,01/11/2020,7155.59371753246,13,0.3,1311.032679664828
09/17/2020,09/20/2020,8609.02278455825,10,0.0,2072.594119788651
06/20/2020,06/26/2020,2433.5860287139003,4,0.0,284.14847862220137
06/16/2022,06/21/2022,4345.397296098171,10,0.0,493.22886032606795
01/13/2020,01/16/2020,1778.4129610867074,3,0.3,-4.68135497137821
04/06/2023,04/08/2023,2633.5039048112767,6,0.4,507.5898412587079
11/16/2020,11/17/2020,1751.3947693408677,3,0.0,384.6033488855584
09/04/2023,09/06/2023,3053.3317993187284,11,0.15,848.8939861985803
11/24/2020,11/29/2020,1854.1359993622327,9,0.0,577.642594156027
02/23/2022,03/02/2022,1273.4589266364014,3,0.0,358.6424518197024
02/15/2022,02/18/2022,499.722395341036,2,0.15,154.58804034824234
06/29/2022,07/01/2022,2766.9280148569305,8,0.0,467.9524703935804
12/13/2023,12/15/2023,3122.848468553473,6,0.0,738.4502925961282
01/23/2023,01/28/2023,1419.2241390567494,8,0.0,510.09312585031296
11/13/2020,11/20/2020,7353.845710785094,13,0.3,849.5779721353719
08/23/2020,08/24/2020,754.963418778337,7,0.3,18.06894860711319
11/29/2020,12/06/2020,729.2755545401143,3,0.5,-63.68404245746161
01/10/2021,01/12/2021,4790.474398077647,8,0.2,1081.9971480876638
03/06/2023,03/11/2023,4411.5345055143025,10,0.1,237.50231975985403
08/10/2021,08/11/2021,367.41184295275235,1,0.0,137.5066830866948
05/27/2021,06/03/2021,240.07119638226172,1,0.5,-34.684190924807936
08/12/2023,08/19/2023,9947.15270505917,13,0.1,2380.32095661559
09/05/2023,09/12/2023,10945.327563377354,13,0.15,2259.382548464674
07/06/2022,07/12/2022,5396.0707793706,10,0.15,1071.2460226849105
10/04/2023,10/05/2023,7239.137380222144,13,0.3,668.1934841623363
05/22/2022,05/29/2022,194.75039438156625,8,0.0,69.27838248033166
06/06/2023,06/12/2023,11460.28995058125,13,0.0,3412.8727553015033
09/26/2020,09/29/2020,7301.995856814088,9,0.15,1895.2964384526867
03/08/2022,03/13/2022,4055.9235383799632,10,0.3,-62.2318932988503
08/07/2023,08/14/2023,3856.9607485420497,6,0.15,154.16114453727687
12/25/2021,12/26/2021,2588.086477652371,5,0.0,280.95892222186063
04/03/2023,04/09/2023,586.6834061020677,2,0.0,84.57733329708445
01/05/2020,01/11/2020,7512.784331916008,11,0.2,1503.3259281503183
04/30/2022,05/03/2022,4326.252083107073,9,0.2,641.1787949626363
11/03/2023,11/07/2023,2976.305190062814,6,0.15,746.0873180270603
03/18/2020,03/23/2020,5300.327054422355,8,0.0,834.9027527385458
12/04/2023,12/08/2023,4630.192924521024,9,0.4,46.71361169560045
07/27/2021,07/28/2021,5950.155222557363,9,0.1,1883.5172597473156
05/11/2020,05/16/2020,1401.682894550962,8,0.2,393.4725220052143
08/23/2021,08/26/2021,5665.863707558956,12,0.0,2133.303900991535
12/01/2022,12/02/2022,9804.953486663442,10,0.0,3387.5282175535094
03/29/2020,04/03/2020,3130.484597100822,8,0.3,489.82931528181473
02/05/2021,02/10/2021,2816.588699808272,3,0.0,1053.6953194555397
10/22/2020,10/26/2020,9538.258759964127,13,0.1,2520.527585349045
08/11/2023,08/12/2023,2008.0896221720138,3,0.0,775.485806601011
09/07/2021,09/10/2021,569.3944810130523,2,0.2,4.234301836597
03/10/2022,03/13/2022,311.2761540501846,1,0.0,117.19317657743461
02/25/2021,02/26/2021,2587.947418578448,4,0.0,690.2629276282341
11/12/2022,11/13/2022,525.8827541255359,2,0.4,-34.95052252283787
07/28/2021,08/03/2021,10089.652691015854,14,0.1,1154.9966558611513
05/22/2020,05/24/2020,10679.930410027115,14,0.0,3798.293596143657
09/19/2022,09/23/2022,638.0183637422583,2,0.0,160.67540979224242
10/26/2021,10/27/2021,4587.059719002438,13,0.5,664.4141193196375
05/24/2020,05/25/2020,5495.651570158334,11,0.0,743.338164963867
06/02/2023,06/04/2023,3086.0533311847635,11,0.15,459.05363994789343
10/03/2022,10/05/2022,2094.1846341849678,5,0.0,417.92037117202324
05/17/2021,05/22/2021,2509.9153759123897,4,0.3,263.1411113141586
03/31/2022,04/07/2022,292.7380121610521,1,0.2,55.6293983770662
04/13/2020,04/16/2020,2385.6547727487336,9,0.1,592.8085890639036
11/28/2022,12/02/2022,5016.04807904251,14,0.0,503.5548666868942
07/16/2020,07/21/2020,622.9223051704934,4,0.3,-14.52148371447026
08/01/2021,08/02/2021,2745.943187611827,5,0.0,303.4793073089173
01/25/2021,01/27/2021,655.040702229089,7,0.4,104.40021937811068
04/17/2023,04/23/2023,1638.5386971450944,2,0.0,317.8563138098714
07/07/2021,07/10/2021,1586.6062244575548,8,0.15,214.38069810699494
11/04/2022,11/09/2022,6622.819249906742,11,0.0,1557.1001381292838
08/05/2023,08/11/2023,214.0403902891114,2,0.2,54.53563339872417
04/22/2021,04/25/2021,10765.354784054012,11,0.0,1122.2869259716642
06/08/2023,06/15/2023,4600.297043047107,10,0.0,623.7334933690036
07/11/2022,07/18/2022,4119.748136756132,5,0.0,1258.7846624198098
02/23/2021,03/01/2021,10022.49764481529,13,0.0,3900.432926089118
06/05/2020,06/07/2020,8598.673400090665,12,0.0,2518.000490832882
07/03/2021,07/08/2021,1658.1824449851274,2,0.0,295.7153499144551
01/25/2023,01/30/2023,153.24256160235225,2,0.3,16.237478945843858
10/17/2022,10/24/2022,2726.84890198897,4,0.0,1070.2722219888726
09/23/2022,09/26/2022,874.1406813473388,4,0.2,138.48395766609553
12/05/2023,12/11/2023,10244.16831653701,13,0.0,2172.2993395876474
08/08/2022,08/10/2022,6892.560520195751,8,0.1,1137.463178524442
10/15/2020,10/16/2020,11732.170249075494,13,0.0,4576.837552715248
07/01/2023,07/06/2023,371.4081007467883,6,0.5,24.392211424651926
07/14/2020,07/15/2020,2630.9982752626493,10,0.3,410.83526562154236
08/20/2021,08/22/2021,2965.4362370049903,8,0.0,502.98631204910515
05/31/2021,06/07/2021,1363.162358437727,13,0.2,228.8005194970415
05/14/2022,05/19/2022,750.0135496935143,7,0.0,155.27047477330277
02/15/2023,02/20/2023,4575.182433348032,13,0.1,558.4488621325169
03/16/2022,03/22/2022,9921.50834991546,10,0.0,3657.7196800339916
03/28/2023,03/29/2023,2293.0128982224496,4,0.0,492.87565327870306
03/25/2022,04/01/2022,1251.1276246364273,2,0.0,231.25361172179734
08/15/2020,08/21/2020,3429.422790613168,9,0.2,958.5789487823636
08/03/2020,08/07/2020,1331.4144935619652,2,0.0,211.96640510436984
08/05/2022,08/06/2022,765.6763679498575,1,0.2,171.24461875529633
01/15/2020,01/16/2020,4268.239013363385,8,0.1,1049.236199027343
03/26/2023,03/30/2023,743.8807512398134,10,0.0,279.80726954861916
07/08/2023,07/10/2023,3585.32397703092,9,0.2,894.9475657019723
03/26/2023,03/28/2023,694.9766323636022,1,0.3,112.3002769975734
02/16/2020,02/21/2020,1652.8205122309466,7,0.4,-9.302903213080738
11/19/2020,11/22/2020,1076.2963647161894,2,0.1,213.828555824756
04/23/2022,04/29/2022,554.7378998137384,6,0.2,157.18427850981377
05/09/2020,05/12/2020,1557.5944149916932,13,0.2,10.842086342054941
12/05/2023,12/10/2023,9635.281024846652,11,0.0,3259.6112073301824
04/04/2020,04/07/2020,1536.7059098454765,5,0.0,269.75812709536876
09/18/2021,09/19/2021,312.39676062104706,1,0.0,48.57928418560126
01/24/2022,01/25/2022,786.6817320846097,2,0.0,133.47423178039028
08/08/2023,08/12/2023,1933.6277723509545,2,0.0,228.02363021023828
03/04/2022,03/08/2022,467.7329553825383,10,0.5,69.03455316058538
07/30/2023,08/04/2023,8205.764615258215,10,0.0,2961.9588921403843
03/09/2020,03/14/2020,1671.0830289663675,6,0.2,261.21833589688424
01/11/2020,01/18/2020,7956.600782534549,11,0.15,1905.8521725934543
07/01/2023,07/06/2023,11902.057116113963,12,0.0,3177.594651635327
05/21/2022,05/22/2022,355.1807361096304,1,0.0,121.9952356813001
07/03/2021,07/06/2021,1366.8217452472938,11,0.1,414.73411729680043
03/03/2023,03/09/2023,1590.4901272322295,13,0.2,111.07526330754908
12/12/2021,12/19/2021,1522.306964079388,4,0.5,-18.38287471765545
01/23/2020,01/30/2020,1841.6680417770617,12,0.0,534.9204392131599
03/25/2022,04/01/2022,1874.7214699450315,10,0.3,456.5551361664034
12/11/2020,12/16/2020,2335.8979624800486,11,0.0,711.9976151392551
10/28/2020,11/02/2020,1539.017558160359,5,0.15,452.91825166042514
12/28/2020,12/29/2020,150.52123691674308,2,0.1,45.73341159125881
01/30/2021,02/05/2021,1716.3501151663709,2,0.0,471.3422134302754
08/05/2020,08/06/2020,6030.813940780885,7,0.0,2219.922155192529
05/20/2020,05/26/2020,2931.62498648504,7,0.0,625.100188968948
08/15/2022,08/16/2022,3695.800159999443,6,0.0,790.1068557547513
05/18/2023,05/21/2023,516.4256441562093,1,0.2,120.99320561263913
09/11/2022,09/16/2022,9021.186410309634,12,0.0,1266.2416874369048
09/19/2022,09/21/2022,5806.589212688147,13,0.15,677.9051529158224
04/07/2022,04/09/2022,6182.792219847229,12,0.0,1747.0823263266414
11/13/2021,11/18/2021,1523.9777749318291,3,0.2,192.0511910059976
09/30/2022,10/07/2022,5083.328964334887,9,0.2,1434.602424573421
12/21/2020,12/26/2020,2825.7877860716744,10,0.2,812.5604233215969
10/04/2022,10/09/2022,303.3600916825142,1,0.1,60.906938160026456
09/09/2023,09/14/2023,554.0424401099002,2,0.0,145.00319354352732
03/02/2023,03/09/2023,3098.805302653878,8,0.3,518.7032172443545
06/06/2022,06/12/2022,2565.8789286215024,7,0.0,608.573823798966
05/06/2020,05/09/2020,4904.191215275,9,0.0,770.1028924807769
02/03/2023,02/05/2023,4119.249181686524,10,0.0,1335.0105591471738
10/05/2022,10/09/2022,8551.341775416768,12,0.15,2106.5013334666114
08/26/2021,08/28/2021,840.4691609496624,12,0.15,82.781447748605
11/02/2023,11/04/2023,1960.0608580733347,4,0.15,538.7716419914585
10/10/2022,10/17/2022,2319.470052325303,4,0.0,658.9492853515457
02/20/2020,02/21/2020,2729.1609620331897,7,0.0,466.38763524480134
11/18/2022,11/23/2022,256.08641137050705,1,0.4,24.484868213927342
08/12/2023,08/17/2023,7219.170425466894,10,0.1,866.898616264589
08/13/2023,08/18/2023,3454.4036778927775,12,0.0,620.3068754109917
02/17/2022,02/18/2022,7068.7870034464,9,0.1,2151.7585001918424
12/01/2023,12/08/2023,1794.7597421866928,2,0.0,679.940188970738
03/24/2022,03/27/2022,654.113111358174,1,0.0,115.82040560961191
11/29/2023,12/02/2023,5425.903955997122,7,0.0,2053.245133646035
10/01/2023,10/08/2023,3700.908318425661,6,0.0,635.22262307787
02/23/2021,02/27/2021,6360.078271309509,12,0.0,859.7567141872835
04/20/2023,04/23/2023,2030.723051086227,3,0.3,-66.06518115742813
09/09/2022,09/16/2022,260.8455731266706,1,0.1,31.98852877629669
04/04/2022,04/07/2022,1951.3132461201722,12,0.0,420.6523279656561
10/21/2022,10/26/2022,1252.0946654221332,5,0.15,379.71588023229384
07/20/2021,07/26/2021,3092.396761478253,10,0.5,-239.20493000464552
01/05/2021,01/12/2021,2706.6424520818514,14,0.0,567.4194504308329
07/24/2022,07/26/2022,2547.2325278233425,4,0.3,433.6580910006609
10/22/2021,10/25/2021,1876.1137049643244,5,0.1,263.8232861644777
12/25/2023,12/28/2023,851.4632495089252,1,0.0,259.96062403774636
08/26/2022,08/27/2022,256.74417908352854,1,0.0,58.95445740930025
08/25/2023,08/29/2023,1600.1833576596005,5,0.0,254.3227189483907
03/06/2023,03/12/2023,350.01893232393525,6,0.15,85.8308271421279
07/20/2020,07/21/2020,1325.950076318591,5,0.0,143.3506505777174
12/30/2023,01/04/2024,891.7392253926031,2,0.1,122.79289040938828
11/08/2020,11/10/2020,7242.067946376975,9,0.15,954.8989710301836
04/26/2020,04/30/2020,1975.0697207629162,5,0.0,469.01087235436194
07/25/2022,07/26/2022,4953.767593301545,11,0.3,762.6858710487859
07/28/2021,08/04/2021,3337.43422546457,11,0.3,293.098474010521
08/31/2020,09/03/2020,281.6196613013091,5,0.0,78.37397269170455
06/20/2021,06/23/2021,2542.486498188678,10,0.5,73.05510410587655
03/15/2020,03/19/2020,677.2905921319348,9,0.0,143.57307224843288
01/20/2021,01/23/2021,2654.588776054682,3,0.0,1009.2517693744705
05/18/2023,05/25/2023,3777.5329616570243,5,0.0,1460.9841019642731
04/19/2021,04/20/2021,4252.75776976526,13,0.15,848.6602046973891
02/21/2021,02/22/2021,6566.928091199643,12,0.15,305.40985898846196
12/12/2020,12/15/2020,604.5393688009939,5,0.0,149.5257211889153
10/01/2021,10/04/2021,1411.0588741860486,2,0.0,219.17384571183513
07/27/2022,08/01/2022,9069.555933917103,11,0.0,2221.7179336539034
08/12/2022,08/14/2022,2305.878937747986,4,0.3,15.091853936146897
05/25/2022,05/29/2022,2244.0477460458696,11,0.3,361.6430459599888
02/01/2022,02/02/2022,2534.8666565799463,11,0.15,124.5347948167697
04/17/2023,04/21/2023,894.5123087402078,2,0.15,278.1854768110161
04/20/2023,04/25/2023,4356.424981397475,5,0.1,473.1633707169364
10/25/2021,10/26/2021,9213.177478300244,10,0.0,2747.3409706856046
01/25/2020,01/30/2020,4758.547260199486,13,0.0,1784.8773305509164
04/18/2023,04/23/2023,7976.718353436379,12,0.15,792.6137519326188
12/10/2021,12/16/2021,1659.788255610977,2,0.1,548.209918863224
03/30/2023,04/02/2023,2683.17201060429,10,0.0,581.1814962996162
06/25/2020,07/02/2020,5823.948851748372,14,0.5,804.6323772998886
10/11/2020,10/17/2020,1733.865025032534,9,0.3,418.57089480840887
03/03/2020,03/07/2020,3498.4930462833854,10,0.0,547.248176637451
09/29/2022,10/06/2022,1054.8456681054577,6,0.15,289.37180485634354
10/23/2021,10/27/2021,2457.643205193534,8,0.4,-103.15636913974551
10/27/2021,10/30/2021,7603.900067867658,9,0.0,1276.9395612778176
06/04/2020,06/11/2020,6233.4279079155385,13,0.1,468.9903447882229
12/08/2022,12/14/2022,1057.6448767693325,8,0.0,155.43263752360718
08/24/2022,08/28/2022,1296.2908645244916,5,0.0,375.49098832779686
04/28/2022,05/04/2022,1985.3163701298392,5,0.3,168.30682128270806
01/12/2023,01/15/2023,3524.1334860891275,6,0.0,1188.6312701596867
10/16/2023,10/23/2023,8135.915823131896,14,0.0,1623.9210240063812
11/19/2021,11/26/2021,86.2334575811538,1,0.0,33.68169941904118
05/27/2020,05/28/2020,9830.066138209288,13,0.0,1130.0817262414273
12/07/2020,12/12/2020,10013.673086990282,11,0.0,1190.433330540161
04/20/2021,04/25/2021,3298.648052816646,8,0.2,694.0766832842753
12/22/2022,12/28/2022,1443.2819878082885,2,0.0,528.6188646290633
10/15/2023,10/22/2023,4665.864219292547,6,0.15,1230.1553696581566
07/14/2021,07/18/2021,7689.738676042574,14,0.15,1322.2130883280897
11/22/2020,11/28/2020,9486.154540614369,14,0.0,1715.9733412257535
03/10/2023,03/16/2023,5540.05632476338,9,0.15,160.85807711978234
09/16/2022,09/18/2022,2960.2665676817455,13,0.15,526.4402962607145
08/02/2020,08/09/2020,1760.5532879089774,3,0.0,427.2701900973088
03/10/2021,03/15/2021,1687.5067267980235,2,0.0,343.02585398840216
08/09/2022,08/16/2022,2577.2093751442167,10,0.15,511.37461698213855
12/23/2021,12/26/2021,2245.4969865022294,5,0.5,154.14081403112058
09/03/2023,09/09/2023,6865.959432947732,11,0.0,2130.277002386794
02/01/2020,02/03/2020,3860.4879262685313,9,0.0,690.9341178060063
10/31/2021,11/02/2021,3761.70679071774,6,0.0,1036.6929370998712
10/11/2020,10/16/2020,5709.7782928505985,14,0.0,825.818615789784
08/21/2023,08/26/2023,6045.517769973789,8,0.1,522.8197209252774
03/04/2021,03/09/2021,3899.9631541353688,8,0.0,1309.4389571753761
10/12/2020,10/15/2020,6315.408583097554,7,0.0,1945.9275056846263
03/13/2023,03/15/2023,2573.550000196741,5,0.0,850.2460267311576
12/18/2023,12/22/2023,1327.5294114820267,2,0.0,193.47238709246488
11/08/2022,11/11/2022,13968.73767515495,14,0.0,5229.693911836361
01/18/2020,01/19/2020,1554.9618259845574,10,0.0,217.59122574525247
02/07/2022,02/13/2022,7393.618572460717,10,0.0,2669.1783032843146
08/12/2021,08/17/2021,516.1922697287098,5,0.3,28.759026368945385
10/26/2023,10/28/2023,6051.439455168617,12,0.4,-413.7355363648489
04/13/2023,04/19/2023,4203.421931452741,7,0.0,781.9654745755855
10/06/2022,10/13/2022,10138.802022004262,12,0.1,1058.8397491203257
07/12/2020,07/15/2020,10407.564431105036,12,0.0,2572.7594566133635
05/16/2021,05/17/2021,588.8632196589463,7,0.0,226.66735301673606
09/14/2022,09/21/2022,1605.2246788827952,11,0.0,318.41453190814775
02/10/2023,02/13/2023,7867.06985116984,13,0.0,2231.3346279744032
04/23/2020,04/26/2020,837.0103896682466,2,0.2,223.91389130352516
05/30/2023,06/03/2023,1238.1563551511708,7,0.0,357.8546475956556
08/04/2022,08/10/2022,828.3938159335999,6,0.0,172.85244012325268
04/10/2022,04/14/2022,3182.764903400304,7,0.2,946.0823996673538
07/11/2023,07/14/2023,546.3423088305826,11,0.15,44.376151635947295
07/13/2022,07/14/2022,6999.9835993912375,8,0.0,1798.8334167045361
02/24/2020,02/26/2020,3236.048362418377,4,0.0,1097.0580935969167
03/10/2022,03/12/2022,787.5162719939784,1,0.0,78.90492580453765
02/16/2022,02/23/2022,206.69740456266925,8,0.0,64.20289588884013
06/10/2020,06/16/2020,457.3162718288845,8,0.0,82.29391174930971
11/04/2023,11/09/2023,1663.022189817664,3,0.0,250.9800107942527
03/27/2020,04/01/2020,2685.099866414137,3,0.1,355.1268484092155
02/24/2020,02/26/2020,1482.7954155869625,5,0.15,467.1471745744955
04/16/2023,04/19/2023,3930.427964302454,14,0.2,1051.7061855789057
11/15/2023,11/18/2023,428.8055615800905,3,0.0,70.37828608125855
10/04/2023,10/08/2023,9486.294239829489,14,0.0,1281.674545104749
10/28/2022,11/03/2022,3251.0496105203283,5,0.0,680.2684159750498
04/12/2022,04/16/2022,794.2261839506458,8,0.1,180.84605185892406
11/08/2020,11/13/2020,472.73816419766763,1,0.0,170.25352436255898
01/28/2022,01/30/2022,938.5658236272563,2,0.3,225.09346099055716
03/18/2021,03/25/2021,847.5876574298032,2,0.15,212.19018854584812
11/23/2020,11/26/2020,5692.007546787307,12,0.3,738.2656952439912
12/13/2022,12/15/2022,2617.9446190629596,4,0.2,111.78520857900727
01/30/2022,01/31/2022,3100.3077545574747,9,0.5,-396.19293838537845
06/16/2023,06/18/2023,1053.9202589027716,2,0.15,214.79744711232124
06/06/2023,06/07/2023,5130.32612625029,12,0.5,60.12348072440138
08/01/2021,08/05/2021,12622.157550675263,14,0.0,4466.05297433929
12/10/2022,12/14/2022,4344.973300844507,11,0.0,855.0114726829463
10/03/2022,10/08/2022,2123.7534495057707,13,0.1,131.47575103843877
07/11/2023,07/13/2023,4918.09079980782,12,0.5,-112.56289796544088
12/12/2023,12/14/2023,1994.540186038395,9,0.0,779.3759344441693
04/05/2020,04/06/2020,6507.628141361164,7,0.0,2203.9545061138115
01/16/2023,01/20/2023,293.84249192715976,10,0.1,17.66923449461067
01/06/2023,01/07/2023,6269.997601393151,8,0.15,1802.0203288640537
08/04/2023,08/08/2023,593.2911626859421,1,0.0,143.28387798584524
02/17/2023,02/18/2023,8080.7448316166265,13,0.2,884.2792163555749
03/24/2022,03/28/2022,1011.2691529844011,5,0.5,-46.49627242750839
05/05/2021,05/06/2021,6248.334512635685,9,0.3,803.1813872460727
03/27/2021,04/03/2021,2823.3109594875305,12,0.0,731.7452419032076
06/13/2020,06/17/2020,1086.800904047172,4,0.0,322.76701517993865
06/30/2020,07/06/2020,121.83623919419641,2,0.0,33.150719543318154
04/13/2021,04/14/2021,5646.411776584943,6,0.0,808.4722804270319
06/28/2022,06/30/2022,922.9380211253787,2,0.0,163.5176699782157
01/04/2022,01/09/2022,1627.4493373731739,3,0.2,410.6199059485122
04/02/2022,04/08/2022,9667.928482634972,14,0.0,2890.4936139363117
08/01/2022,08/07/2022,4904.2395996151645,8,0.3,414.50725111459576
01/07/2020,01/08/2020,1202.8967966519012,3,0.4,-54.39447644008799
11/25/2020,11/30/2020,1132.8019409622907,2,0.0,115.893920241162
02/13/2022,02/15/2022,2139.6460168473996,6,0.5,-120.74831054588823
05/30/2020,06/05/2020,8438.764219346667,14,0.2,138.85216129584603
01/13/2023,01/15/2023,523.9854003221923,3,0.1,102.01222337957111
05/26/2020,05/30/2020,118.57036858698548,1,0.0,41.089427206356824
11/05/2023,11/12/2023,908.2839093916408,12,0.1,123.1810990382183
07/03/2022,07/08/2022,5324.381434082358,14,0.0,1886.5680989431648
08/01/2023,08/08/2023,5985.940825528476,14,0.15,1414.8927554627714
11/30/2021,12/03/2021,1858.480197920887,3,0.0,255.68728738752716
03/22/2020,03/26/2020,4888.116289912841,6,0.15,1067.4109514193851
05/28/2021,06/02/2021,1012.4398260148087,3,0.0,147.31398591699602
03/25/2022,03/26/2022,6869.387804008516,9,0.0,2036.3426089744632
12/09/2021,12/16/2021,3377.0774734132974,7,0.1,313.44123512218687
01/15/2022,01/16/2022,2871.4018128522007,14,0.1,481.68744502526715
10/19/2022,10/21/2022,3095.7618741873575,5,0.0,835.7884693996585
11/10/2023,11/16/2023,1935.0088330136132,2,0.0,222.74322329968209
12/07/2021,12/14/2021,838.3108624301859,9,0.3,-3.3595278836863214
04/15/2021,04/18/2021,2176.8796093408805,5,0.15,263.6694216062534
02/16/2023,02/17/2023,427.6458942631606,7,0.0,102.0773753810347
01/30/2021,02/04/2021,2656.8335008499294,9,0.1,817.0990158058366
09/17/2020,09/24/2020,2497.586603272205,4,0.0,390.0778873151159
03/15/2022,03/22/2022,7583.817300034023,9,0.0,1548.9285917074983
07/22/2022,07/28/2022,623.0713668824887,1,0.15,104.50954913285165
07/03/2023,07/09/2023,3933.1169676398804,12,0.3,152.34364878574863
06/23/2022,06/28/2022,4368.626541758905,6,0.2,820.0975063700023
06/03/2023,06/09/2023,619.3750367470659,2,0.0,109.61744641533252
12/12/2022,12/13/2022,4236.084026288322,8,0.3,769.718183158045
07/28/2022,08/02/2022,2396.344657650929,5,0.0,602.7914607112301
05/03/2022,05/08/2022,1619.368914826886,3,0.4,-120.00905784028495
10/19/2023,10/21/2023,1598.9169868744452,2,0.0,460.6474539888109
07/27/2023,07/30/2023,7219.639717552193,8,0.0,1954.883874450444
08/15/2021,08/22/2021,1399.2638338517118,7,0.1,212.09930128636807
12/14/2021,12/16/2021,6043.220350155412,9,0.0,624.5494399661852
03/27/2023,03/30/2023,4742.904153605271,8,0.2,285.5724534041444
09/23/2021,09/28/2021,6965.657646588328,11,0.15,1021.9515458106406
02/28/2020,03/06/2020,2035.8417838506566,4,0.0,325.6821813374238
05/07/2020,05/13/2020,35.934629111604124,2,0.15,7.123944501653656
01/05/2022,01/08/2022,3763.430664425379,14,0.0,1180.5786710932268
12/21/2021,12/26/2021,4290.882261306385,13,0.0,1531.0095197458043
02/12/2023,02/17/2023,853.5162511089438,2,0.5,37.63561610313861
05/17/2023,05/19/2023,1179.4677425064492,2,0.3,184.82585810253974
06/09/2021,06/11/2021,1590.8662419636762,14,0.0,449.47151127416384
06/04/2021,06/10/2021,9408.341477240096,11,0.1,3251.9538791858326
07/05/2021,07/09/2021,2287.594941419713,12,0.0,407.8785686024306
08/24/2020,08/25/2020,2017.0361125819772,6,0.2,161.11601216479826
07/28/2023,08/01/2023,936.622665088521,7,0.4,-58.16418093318818
10/14/2023,10/18/2023,10340.749729692767,12,0.0,2540.7769914046908
05/09/2023,05/16/2023,3158.0136484710188,6,0.3,-66.79669066554793
07/25/2023,08/01/2023,719.9870376378518,2,0.0,130.34931817236898
06/12/2023,06/18/2023,2740.2393590631796,4,0.0,670.8223195728795
05/08/2021,05/15/2021,346.5417875936884,3,0.4,64.89989020151137
01/04/2020,01/07/2020,3845.8938023771925,11,0.1,1304.311416017012
10/27/2021,11/02/2021,4983.374661911453,13,0.0,1610.2383375432062
03/17/2021,03/23/2021,834.894870674225,4,0.15,118.36726075945144
01/29/2020,02/03/2020,4387.7446454352685,5,0.0,1577.6064879522967
02/06/2023,02/11/2023,4774.400946870344,7,0.0,1731.3731975583269
09/01/2021,09/06/2021,2411.9753066485546,14,0.4,417.4145513323872
03/15/2022,03/16/2022,1910.201580624014,9,0.15,414.52809713749866
03/15/2020,03/18/2020,213.8593094271993,11,0.3,2.2536149034656265
04/17/2022,04/20/2022,706.2328625088621,2,0.0,89.92055671289356
03/15/2023,03/20/2023,3826.8257074715884,8,0.1,1241.5472100013944
05/07/2020,05/11/2020,427.40074873393894,3,0.5,-56.98797784996201
02/11/2020,02/12/2020,6331.083242989251,9,0.0,1195.0997034214201
10/11/2023,10/15/2023,4176.320337211536,10,0.0,1027.744533058404
02/10/2020,02/12/2020,3490.0703133180614,12,0.1,197.51357668069102
07/22/2022,07/25/2022,3758.6683288097115,4,0.0,1398.50154799193
02/03/2020,02/06/2020,810.518605545773,3,0.0,150.866933070605
11/06/2022,11/10/2022,2829.925307269828,10,0.3,-117.29632981029931
03/22/2023,03/23/2023,1165.4036419066927,6,0.5,172.56947411294973
09/24/2022,09/27/2022,2239.0772599308225,10,0.1,321.1238800163488
11/02/2023,11/06/2023,2343.1405130880507,13,0.2,616.3150125548623
08/10/2021,08/16/2021,1948.944177339198,9,0.3,167.69171009539215
12/07/2020,12/13/2020,4847.325326098467,7,0.2,964.3160923727288
01/27/2020,02/03/2020,3077.6482334279904,4,0.0,530.362025188958
08/03/2023,08/04/2023,2052.568557055355,3,0.0,514.9126809871253
10/07/2021,10/11/2021,4625.319627160685,10,0.0,820.047697901518
12/31/2021,01/07/2022,2050.70577914511,4,0.0,790.1885414431439
06/16/2020,06/22/2020,823.4023711155774,3,0.0,97.39501623920391
09/01/2021,09/02/2021,1002.8730563707014,12,0.0,182.9262299917094
09/24/2020,10/01/2020,1013.1904534598324,3,0.0,372.78586163215516
03/31/2022,04/05/2022,6007.535021189309,12,0.0,1465.9033499654763
03/30/2021,03/31/2021,840.9229422821528,14,0.1,193.43349621387586
06/24/2022,06/26/2022,1265.5625974749598,13,0.0,373.9838865436678
11/25/2023,11/30/2023,1946.8438600011957,9,0.2,41.425437240457335
07/10/2022,07/17/2022,1493.6382794273359,4,0.0,157.31240667770547
09/07/2022,09/11/2022,2516.1169509473643,9,0.3,582.1094827041685
12/02/2021,12/07/2021,760.2432337507505,12,0.5,-52.114024738303456
09/25/2021,09/30/2021,1868.5051279155273,10,0.2,213.18509911868696
05/09/2020,05/16/2020,1076.1231181718906,5,0.2,220.20486892883338
10/16/2022,10/20/2022,323.22581524478164,7,0.4,-9.408727530778261
10/18/2023,10/22/2023,4659.7418501732045,14,0.0,1490.7511878373398
03/29/2022,04/04/2022,203.7483925698804,5,0.5,-2.5524264784378827
11/23/2021,11/25/2021,565.1386117428586,1,0.2,145.23098284963103
08/08/2023,08/12/2023,627.4996622267798,2,0.2,52.43524645778183
10/26/2023,10/29/2023,3668.3335203305005,11,0.0,591.1400032171781
03/04/2022,03/07/2022,608.6562740485687,5,0.1,182.2965140941486
01/29/2020,01/31/2020,1194.6169563412789,6,0.15,146.8158190695016
05/28/2020,05/29/2020,1430.2500332559075,7,0.15,212.47879422318408
08/12/2023,08/19/2023,1576.563476359312,2,0.2,375.39923397485927
01/11/2020,01/12/2020,8369.958857134083,10,0.0,2432.920726228889
11/06/2021,11/09/2021,225.98701845387575,9,0.0,52.54599693118915
02/10/2023,02/14/2023,3724.0093491647694,6,0.0,651.5793123449118
07/05/2020,07/07/2020,526.7019909154089,2,0.0,173.4220506176535
03/17/2022,03/18/2022,226.66631906277686,2,0.0,34.93592343604274
01/13/2022,01/14/2022,2125.6312964656713,3,0.0,804.5171809097167
06/04/2023,06/11/2023,140.28949397366574,1,0.0,20.355278979379328
08/26/2023,08/31/2023,4043.730345609945,9,0.0,1380.8534734603334
04/07/2020,04/10/2020,8901.80918468135,14,0.0,2023.1556559974817
02/24/2020,02/28/2020,3353.6988515606326,10,0.4,-148.2272182243916
09/14/2021,09/16/2021,8605.104704413496,11,0.2,1038.7538683134442
10/25/2021,10/26/2021,2521.2325983721516,4,0.2,167.57509836954844
01/27/2022,02/03/2022,3882.257211831074,5,0.0,546.614420699319
02/09/2021,02/14/2021,2154.1346688343147,7,0.15,208.40524754342297
03/09/2020,03/12/2020,16.48038344697025,1,0.1,5.112537000972523
08/28/2023,08/31/2023,1105.6002305609722,3,0.5,-130.70105617698377
08/05/2023,08/12/2023,11197.029350670417,14,0.2,3266.866292677795
01/20/2022,01/22/2022,1111.9148549986844,3,0.1,57.263099222139466
03/17/2023,03/18/2023,1379.9286395545648,2,0.3,203.50007228987656
06/21/2023,06/23/2023,1202.3282275120237,8,0.0,429.17538372315676
08/15/2022,08/22/2022,1517.736140601751,5,0.0,577.0239969661963
12/30/2020,01/06/2021,152.16671306128907,1,0.15,10.377112171880245
04/26/2021,04/28/2021,5765.090558370572,12,0.0,1784.0796190385067
07/19/2020,07/25/2020,1598.0231749842965,2,0.0,211.26627806836655
06/02/2020,06/07/2020,277.80405969805946,1,0.2,29.387071348354528
03/13/2020,03/16/2020,5442.999886682116,6,0.0,1739.4625129592778
12/13/2021,12/19/2021,4202.773135353127,9,0.15,541.2834225247051
10/22/2020,10/26/2020,3107.083119389426,11,0.4,-18.603913453336332
11/06/2022,11/09/2022,5524.158386413264,7,0.0,744.7470673631218
05/25/2023,05/28/2023,552.1453103568336,5,0.0,66.21957569937298
03/01/2020,03/06/2020,9312.179357982815,12,0.0,1253.2647350513919
07/27/2022,07/31/2022,3256.7922422242796,13,0.0,1181.0510608138245
02/11/2020,02/12/2020,864.0132651342155,3,0.0,89.30402885714004
01/25/2020,01/29/2020,7241.51082704255,12,0.0,2229.3697914826694
11/28/2022,11/29/2022,10834.980969548917,12,0.0,3581.9067680270614
05/10/2020,05/14/2020,4660.983042185249,8,0.0,1260.1736308365107
06/06/2023,06/08/2023,5219.6788424523365,10,0.2,1144.3238074059436
04/17/2020,04/24/2020,2180.72020238582,4,0.3,317.68928327467364
06/20/2020,06/24/2020,1920.4668820984455,9,0.2,262.46549734954897
12/29/2023,01/04/2024,3730.326012342455,5,0.1,614.8066999075879
04/11/2020,04/17/2020,5932.9276660706955,14,0.0,2268.749145696988
05/15/2022,05/20/2022,882.7158554700044,6,0.2,257.3835229726919
06/07/2021,06/14/2021,1783.0844933325684,5,0.0,526.6900315596749
10/01/2020,10/08/2020,2536.6980060104306,10,0.0,403.81607272863044
12/03/2022,12/04/2022,1985.9823403080306,12,0.3,167.55683103665976
03/27/2022,03/30/2022,3187.1132340517192,11,0.0,793.4676851587024
08/14/2022,08/19/2022,1323.8505461626803,7,0.0,433.41677499376874
11/06/2022,11/12/2022,3288.0212236079005,7,0.3,494.2985529479409
11/25/2020,12/01/2020,350.5151036788596,1,0.4,19.08355956400152
01/12/2020,01/13/2020,1303.9149481071884,2,0.0,396.53274992902215
09/03/2023,09/09/2023,2452.012336129152,7,0.0,262.89753910078986
08/03/2020,08/09/2020,5558.659693547788,8,0.1,1573.0484227806273
12/04/2020,12/05/2020,442.60049134279393,4,0.2,28.10055922663402
10/22/2021,10/28/2021,3452.5520542004797,6,0.0,1025.1412223763925
01/09/2023,01/12/2023,2798.714580987691,11,0.1,235.62930982891476
01/08/2021,01/10/2021,3194.0028101438115,12,0.5,-369.4239520430998
09/02/2022,09/07/2022,3304.0080348783677,10,0.0,365.74474601022513
12/10/2021,12/13/2021,1426.691965392688,3,0.4,246.91735452557825
05/08/2023,05/11/2023,3123.2569215739977,7,0.5,97.96915910163912
04/10/2021,04/12/2021,8196.709522517065,11,0.0,1709.7400070951592
01/17/2023,01/24/2023,441.1869017298104,3,0.2,104.26716624360536
07/15/2023,07/20/2023,3103.3005234492657,11,0.0,893.2064186211644
05/03/2021,05/06/2021,5152.921115234098,7,0.2,958.5677981696658
02/16/2020,02/22/2020,4251.340093263545,12,0.2,621.175367643169
08/04/2023,08/06/2023,10359.454657813516,11,0.0,1060.5805970401009
02/16/2022,02/23/2022,3825.8608509469836,12,0.2,296.6524754306432
11/05/2022,11/10/2022,7332.378237682629,11,0.3,-126.68143736693051
12/11/2021,12/15/2021,7411.852782847981,8,0.0,2214.0905705488512
02/04/2021,02/05/2021,1991.7648632602502,3,0.0,347.73475145909424
09/07/2022,09/13/2022,37.47755595377562,2,0.0,8.80909949752865
01/14/2023,01/16/2023,4388.378419686717,12,0.1,684.7146891479645
09/06/2020,09/07/2020,2736.36833519592,6,0.5,-292.90190264969243
01/25/2021,02/01/2021,2481.525721407694,4,0.3,589.3898289886005
11/30/2020,12/07/2020,1564.1113767612203,8,0.0,594.4026670575486
09/20/2021,09/24/2021,4740.730850810116,13,0.1,357.3679338730008
05/16/2020,05/19/2020,11720.167600409477,14,0.0,4081.0749430769956
06/01/2022,06/04/2022,1164.1981494351076,2,0.0,286.9889362388738
11/18/2021,11/23/2021,3395.3049644469543,4,0.0,1127.6512834711314
04/06/2022,04/08/2022,1656.6034212081547,2,0.0,240.78256818434207
12/27/2021,12/29/2021,11445.930554725273,14,0.1,1026.496706292642
08/16/2021,08/23/2021,126.04838231263588,2,0.5,14.77630525931066
05/31/2023,06/05/2023,261.3970830662669,2,0.15,76.94114596284406
09/16/2022,09/17/2022,78.18379787745768,1,0.15,12.88262965534964
01/06/2021,01/09/2021,3743.6646107379092,4,0.0,1351.640146880351
07/23/2022,07/26/2022,480.4107605341142,2,0.5,24.134724675031315
09/21/2022,09/28/2022,530.5106206628903,9,0.2,29.44489001437169
02/05/2021,02/07/2021,2068.382001980075,9,0.3,100.70182406394014
09/06/2021,09/13/2021,3936.883661905339,11,0.0,554.3848517952723
07/20/2023,07/22/2023,8033.495829895697,11,0.1,2266.928812817778
03/28/2023,04/02/2023,4650.169376470047,7,0.1,1606.9832932610313
03/21/2023,03/25/2023,4154.95907440166,6,0.0,1096.549783246719
09/21/2022,09/22/2022,322.77815406774243,12,0.15,71.5790653237115
09/11/2021,09/17/2021,1640.859909231807,3,0.4,203.1840241647048
07/06/2020,07/10/2020,3127.595999452178,14,0.0,523.1771614259193
01/26/2023,01/30/2023,7593.249487749013,12,0.0,1524.7273392175825
05/10/2020,05/12/2020,797.4495489106157,14,0.2,98.64160919303691
03/15/2022,03/17/2022,634.9758166733378,7,0.0,176.7623413940316
04/09/2023,04/11/2023,16.559294693497787,1,0.15,4.639049538196928
07/24/2022,07/28/2022,4362.553015964061,9,0.15,441.75675743493645
09/12/2022,09/19/2022,2532.343491682943,4,0.0,610.9700061171151
07/01/2020,07/02/2020,251.82225684376513,6,0.3,44.18477684206944
09/09/2022,09/16/2022,1606.932193948552,6,0.1,122.47314038907533
12/29/2020,12/31/2020,6567.636999279021,11,0.3,682.1675661134041
02/08/2020,02/11/2020,264.7086795712439,3,0.2,11.465568190448687
05/11/2021,05/18/2021,628.2687401418341,4,0.3,70.20568242163378
10/04/2023,10/05/2023,5591.914853040136,13,0.0,1847.2713363546386
09/08/2022,09/11/2022,9282.364977674633,11,0.0,1588.066202717731
07/09/2022,07/10/2022,2623.005639304522,10,0.0,930.7565898226584
11/21/2023,11/23/2023,2991.4969356291263,3,0.0,599.6193343665904
12/22/2021,12/29/2021,3291.5536745650015,13,0.3,23.8159018802382
03/30/2023,04/05/2023,2355.5050313927213,6,0.0,564.3719826335127
01/16/2020,01/21/2020,91.61959953194047,1,0.3,19.49871447812021
05/07/2021,05/09/2021,5467.167374783724,8,0.0,659.7773124068802
12/20/2023,12/24/2023,2008.2442476530941,8,0.0,398.1774785827698
02/05/2023,02/11/2023,3985.247191855204,9,0.3,581.6426458944615
06/12/2022,06/16/2022,1385.5569067133838,6,0.0,287.19028337026043
11/06/2020,11/07/2020,315.19483564336264,1,0.2,6.697007213805945
01/08/2022,01/12/2022,2574.31611310462,3,0.0,513.8326997701694
04/08/2023,04/14/2023,444.91011141559756,1,0.4,65.08492844454554
06/29/2021,07/05/2021,1907.6263940481488,13,0.1,649.3774982102774
02/17/2021,02/19/2021,2446.5243428014414,5,0.2,29.196232431186562
09/07/2020,09/10/2020,1897.0627354712137,3,0.0,513.6964084498055
01/28/2022,01/30/2022,1395.279042735794,14,0.0,183.60620624272744
03/10/2023,03/11/2023,565.3771173510917,2,0.4,58.86647675786405
07/21/2023,07/25/2023,562.9295945929568,3,0.3,-26.8136494535034
12/10/2023,12/13/2023,4252.1295720226335,9,0.0,444.01794798526663
11/28/2022,12/05/2022,8572.30309550611,11,0.0,2855.125111834729
03/24/2022,03/29/2022,1333.415713697732,8,0.0,163.1175400513947
01/29/2020,02/04/2020,1716.9251259181233,13,0.0,328.8847379577788
08/15/2022,08/18/2022,663.8959923713167,3,0.2,190.81175942767504
04/21/2021,04/28/2021,10480.27965427429,11,0.0,4145.727561252567
11/13/2020,11/16/2020,1500.6919381462333,2,0.0,222.73398590246845
09/01/2020,09/03/2020,124.36054279220477,5,0.15,24.035233790691
01/17/2022,01/24/2022,4883.937528702514,12,0.0,1307.648137148398
11/27/2021,12/02/2021,2542.3103931799815,12,0.2,345.0276393645
09/28/2020,10/04/2020,4171.46029747494,13,0.5,531.4859545588744
06/16/2023,06/17/2023,5576.394347986214,12,0.0,1819.0765635075973
01/11/2021,01/12/2021,771.8828316922412,1,0.2,177.03756480575123
09/22/2020,09/25/2020,907.1546658975832,4,0.0,164.0778169336343
07/14/2022,07/21/2022,4735.82281471161,8,0.0,1090.640727293022
07/09/2022,07/12/2022,703.2079148403204,1,0.0,173.1488522786362
10/14/2023,10/18/2023,4136.544222259639,5,0.0,784.5932853283533
12/05/2020,12/10/2020,4954.815841484724,12,0.0,636.4229684766631
01/23/2021,01/29/2021,2760.2107543236266,4,0.0,380.65450293525544
07/30/2021,08/02/2021,1302.7117180158477,6,0.3,5.4731328357366635
01/03/2020,01/07/2020,2470.2794560539314,7,0.2,150.9241944115842
12/23/2023,12/30/2023,4035.0188695111437,9,0.5,-311.99353896873527
03/11/2023,03/16/2023,855.3676799138802,1,0.1,108.32205968126509
01/10/2021,01/16/2021,7937.920908037913,11,0.0,1879.0241828978337
11/19/2020,11/20/2020,3806.0837186842314,10,0.0,962.4518393927139
05/25/2020,05/29/2020,3287.4288482996694,4,0.0,633.368410660329
10/19/2020,10/26/2020,213.65046544899587,6,0.0,79.51833726978097
03/07/2021,03/12/2021,949.6068371892281,10,0.15,181.3197498908195
12/05/2021,12/09/2021,4187.9879937731275,7,0.1,1198.7825756818324
08/06/2022,08/09/2022,2088.352626621498,7,0.0,787.8756141498584
08/07/2021,08/09/2021,7614.978849731784,8,0.0,1134.179019116177
02/02/2021,02/03/2021,6183.800083599343,14,0.0,1412.1470888111646
03/27/2022,03/30/2022,4350.711721852852,10,0.0,1000.5032440157847
09/29/2023,10/02/2023,5450.389720712175,8,0.0,1124.642545091293
08/21/2022,08/28/2022,4927.314410772018,8,0.2,13.16460138009242
03/09/2023,03/16/2023,3846.425205951081,8,0.0,1326.2152254083173
07/05/2020,07/10/2020,2129.864569868226,12,0.2,71.28187392485832
03/01/2020,03/08/2020,6204.604450386923,8,0.0,2473.429449480447
07/27/2022,07/31/2022,1962.8865727493478,6,0.0,651.4576107944479
11/04/2023,11/05/2023,1155.1658680857897,9,0.3,143.2440392417756
12/10/2021,12/13/2021,1715.3742276695605,3,0.1,165.33107071135305
03/17/2022,03/22/2022,597.2947819226813,6,0.0,152.0819379281118
09/04/2023,09/05/2023,3400.7370191731798,5,0.3,96.35179736079532
08/18/2023,08/25/2023,5088.5863341441245,8,0.0,894.0481184703951
09/29/2023,10/06/2023,3944.146262850153,4,0.0,1375.9500329480625
01/11/2020,01/15/2020,1105.614365580319,4,0.2,126.25378299227889
12/21/2022,12/28/2022,10103.528339616336,13,0.2,1366.1702162695954
08/13/2020,08/16/2020,1541.0662525133735,10,0.0,543.8259780868551
03/22/2023,03/28/2023,553.1660708591398,11,0.0,69.88544573206123
07/17/2021,07/20/2021,298.5795389503957,10,0.3,38.33324038076014
02/10/2022,02/13/2022,6112.881669612053,13,0.0,1671.6573788854514
08/26/2023,09/02/2023,460.87077751904417,5,0.0,104.87776849701184
06/03/2022,06/04/2022,5118.757432726665,11,0.1,1530.1624056196374
06/20/2023,06/27/2023,2606.9588880957294,13,0.4,476.7267989592905
10/21/2023,10/22/2023,4449.545133141868,13,0.0,1066.114389210412
09/15/2023,09/16/2023,3068.4139515826473,6,0.2,419.89439257703134
02/04/2023,02/05/2023,1697.5235582920295,11,0.1,340.5556805786166
08/13/2020,08/18/2020,3075.551346545335,4,0.0,974.7566606789076
04/04/2022,04/06/2022,937.9369769293576,2,0.2,187.9795348394198
08/05/2020,08/12/2020,5494.7710953542155,12,0.5,-456.8875529221138
07/25/2022,07/30/2022,4454.306966758178,12,0.0,530.8135455986669
01/22/2022,01/25/2022,13760.42979005036,14,0.0,5294.686420882821
05/20/2021,05/25/2021,696.0832442962595,2,0.4,-15.090438826701405
09/15/2020,09/19/2020,9931.412953581716,12,0.15,2150.935539774687
02/23/2020,02/29/2020,110.37014251993251,3,0.0,38.46746038151912
12/06/2022,12/07/2022,1315.2538065388756,2,0.1,184.24473207863713
12/27/2021,01/03/2022,654.7642472398471,1,0.2,124.81772422923763
11/19/2021,11/23/2021,701.5854026688943,14,0.2,22.71037024042494
01/27/2023,02/03/2023,2799.2638434051996,8,0.4,534.6018225062506
11/09/2022,11/15/2022,9647.074447842646,12,0.0,1133.0246075357138
02/22/2021,02/26/2021,2827.14168985421,5,0.0,654.3487353416497
11/20/2021,11/27/2021,621.9913632620018,10,0.15,115.71886373980655
04/29/2022,05/02/2022,696.5127684893283,1,0.0,234.82547247808927
03/02/2020,03/03/2020,818.8940626609339,13,0.1,70.7021301679055
03/14/2023,03/18/2023,7373.647854596467,9,0.0,1712.4736166715184
08/03/2020,08/06/2020,420.83073178901964,8,0.0,79.92142491988399
01/03/2020,01/04/2020,584.0936288010683,4,0.0,113.08240422634927
06/08/2020,06/10/2020,1920.0242994026435,8,0.15,496.58812436299456
02/19/2022,02/22/2022,6625.123901117197,13,0.2,10.853831235925526
02/17/2023,02/22/2023,11719.146103619914,12,0.0,3805.5008013563343
06/11/2022,06/18/2022,1646.380113218556,13,0.0,564.9051690633215
01/17/2023,01/18/2023,1512.8059252177923,10,0.0,560.3564354973452
11/24/2020,11/28/2020,2101.017479310235,7,0.2,395.12688781462964
08/02/2021,08/08/2021,9216.426410155438,11,0.0,1843.6225892441446
10/12/2023,10/16/2023,4418.423314137912,11,0.15,676.7717537244696
07/14/2023,07/19/2023,2068.88531379556,7,0.1,705.3260873604095
08/09/2022,08/16/2022,565.5917938867726,1,0.0,206.07679076265103
09/08/2023,09/13/2023,1286.006234262204,6,0.2,178.82916265318147
09/26/2021,09/30/2021,5292.928006275594,13,0.0,2026.7621812335237
09/14/2022,09/21/2022,1221.4047518629973,4,0.1,362.6185362102309
05/03/2023,05/09/2023,11285.394570666993,14,0.0,4179.285846804256
07/09/2022,07/10/2022,9250.131691736207,10,0.0,2820.301977859145
01/07/2022,01/14/2022,6857.788232118085,10,0.1,2107.3723535505537
09/17/2023,09/20/2023,4446.927402696837,10,0.0,1634.3785274787338
06/18/2020,06/25/2020,4481.766323950935,11,0.2,123.71904895180967
06/04/2021,06/09/2021,1284.7003871053569,12,0.2,372.0043870669832
02/09/2020,02/14/2020,1199.0337024371079,2,0.2,120.00400469777742
07/08/2023,07/13/2023,6005.109226010936,10,0.0,1393.004303656102
11/19/2023,11/25/2023,5375.322797247569,7,0.15,1411.4045689357458
08/12/2022,08/19/2022,1689.7007603291534,9,0.1,421.5277759362261
06/03/2023,06/10/2023,9907.675189272719,13,0.0,3645.21178002031
09/10/2022,09/12/2022,3095.21225295899,5,0.1,526.7188471333513
02/21/2023,02/27/2023,1311.2979766639423,8,0.4,15.71780645594935
09/01/2022,09/02/2022,3353.5242657270846,5,0.0,367.2332243396455
02/07/2020,02/08/2020,7771.089032875417,14,0.4,301.65512667367636
11/23/2020,11/24/2020,6434.761394533133,7,0.0,2041.2429314003984
06/28/2023,06/29/2023,5057.0121613968595,7,0.0,962.6205474765916
04/14/2023,04/15/2023,518.3314326784755,9,0.0,123.78685229911109
07/02/2022,07/06/2022,2227.5313195647477,3,0.15,202.30290321219044
03/29/2021,04/03/2021,9256.811493082923,14,0.0,3071.7464622398747
02/06/2020,02/12/2020,222.13093745563495,1,0.3,-7.074099918497795
09/01/2023,09/05/2023,273.5290013240992,2,0.3,44.20636670936358
08/30/2022,09/05/2022,1275.4266085469083,12,0.15,176.8787174204617
03/06/2022,03/08/2022,358.40718159110025,6,0.0,40.31321715740177
08/30/2022,09/06/2022,6355.12260995849,14,0.4,991.6589003371419
08/15/2021,08/18/2021,1704.391982676898,10,0.3,164.16117088082024
02/11/2023,02/16/2023,340.1040668282252,10,0.0,95.15965235094663
11/29/2022,12/01/2022,3871.660275106266,12,0.2,850.2522445601428
08/17/2023,08/21/2023,5707.037814501063,13,0.1,1406.9122588602415
08/11/2020,08/14/2020,2236.977900248183,14,0.1,602.3220954894574
11/13/2020,11/20/2020,482.4706752083185,9,0.0,158.58063523799592
12/14/2020,12/16/2020,591.7026848012646,3,0.0,163.75103119708285
04/24/2020,05/01/2020,6823.117342182086,10,0.0,1430.7486817255754
11/28/2021,12/05/2021,182.8424809573887,2,0.0,31.621262259573548
09/08/2023,09/14/2023,5231.200273350813,11,0.15,1547.760304349989
11/29/2022,12/02/2022,77.47393401454251,1,0.5,10.922077921588691
02/09/2020,02/15/2020,203.7322818446152,2,0.5,-8.699607508595312
08/05/2023,08/12/2023,1077.6971819718856,3,0.1,90.19594596652205
07/09/2023,07/11/2023,653.4116420245044,7,0.15,59.95783514748012
08/03/2020,08/10/2020,362.9429355087815,2,0.0,109.31848614162043
03/16/2023,03/20/2023,3927.8649050720883,13,0.15,301.9742970593548
12/01/2020,12/08/2020,1681.861577216916,5,0.0,561.8034606994114
04/06/2023,04/12/2023,1503.557541637949,2,0.0,566.7044776608482
04/01/2020,04/04/2020,500.00516834720275,7,0.15,157.0493506161909
12/18/2020,12/20/2020,8618.4622830968,10,0.0,885.9576847642968
07/24/2021,07/30/2021,6544.558792256483,8,0.0,2535.664758602527
03/26/2022,04/02/2022,4302.657650452106,8,0.3,740.3080715643957
02/19/2022,02/23/2022,4111.622304900515,13,0.0,514.837073402427
12/28/2020,01/02/2021,6597.223741483037,8,0.0,1481.5526578637719
07/10/2021,07/14/2021,1909.74059486388,10,0.0,592.0456378029597
09/30/2023,10/07/2023,1198.4860241683016,9,0.0,463.8208601604803
04/08/2023,04/12/2023,54.50677015459248,1,0.0,8.134722179788449
12/21/2020,12/26/2020,9023.205690004994,12,0.2,345.76910288589096
07/09/2020,07/13/2020,314.93078872822093,1,0.0,76.12006788398642
02/25/2021,03/02/2021,9000.728673486043,14,0.3,2164.042207818339
11/30/2021,12/07/2021,3918.42396265791,14,0.0,1533.7250744342384
01/07/2020,01/12/2020,12718.864196401804,14,0.0,2141.5314115831916
05/12/2020,05/18/2020,7691.562979699832,10,0.15,929.1726847954917
07/10/2021,07/16/2021,1571.5467837530298,2,0.15,467.393093569246
04/05/2022,04/10/2022,4686.14431073414,11,0.15,1150.2255892626918
01/30/2022,02/01/2022,3122.232566151251,6,0.4,598.5161488324835
11/20/2022,11/23/2022,13317.615320879058,14,0.0,4900.143429022106
06/18/2021,06/20/2021,331.3707724782077,1,0.0,54.52004055266375
03/01/2021,03/06/2021,1486.3998156900532,5,0.3,264.457368357236
11/18/2023,11/21/2023,3610.2389273119334,5,0.0,413.62351957886864
11/02/2021,11/08/2021,1229.4248940242715,4,0.0,424.58168260257077
12/28/2020,12/31/2020,8318.983374058855,11,0.0,2333.200549004696
03/22/2020,03/27/2020,353.401200985944,5,0.15,110.20119856251145
12/21/2020,12/27/2020,6339.160805347881,12,0.0,2459.6561146062286
07/05/2023,07/08/2023,131.09034924290773,1,0.0,15.107446040936523
08/11/2021,08/14/2021,3304.2926583954068,11,0.0,489.5522557105351
10/21/2020,10/23/2020,2487.465945551028,11,0.15,423.5212108790939
06/01/2023,06/04/2023,5043.256516962237,6,0.0,1834.979087089451
12/05/2022,12/12/2022,1411.0745799649485,7,0.0,485.880309117465
02/10/2023,02/15/2023,5510.471398511188,8,0.15,1732.001819300667
06/10/2023,06/11/2023,955.2248909386112,2,0.4,81.60031091370941
01/17/2020,01/18/2020,2998.170638759863,7,0.15,305.7206293669595
12/25/2020,12/26/2020,1159.2231505928082,6,0.2,8.731259324396865
05/31/2023,06/05/2023,2111.6463890099444,9,0.0,352.3872146444063
05/15/2022,05/16/2022,3762.2032051575147,8,0.0,1138.3748174251791
11/30/2021,12/02/2021,262.0928424741361,14,0.0,99.04028465607318
03/23/2021,03/28/2021,4127.486802402444,11,0.3,190.98335537710014
05/05/2022,05/12/2022,13345.524227131387,14,0.0,4840.572429417037
12/30/2020,01/05/2021,456.8474765231175,4,0.3,31.28010664526115
11/05/2021,11/12/2021,4043.285156825932,14,0.5,-232.5642034694763
10/04/2022,10/09/2022,12508.09172285416,13,0.0,3160.2103107838498
09/11/2023,09/16/2023,7757.252262870157,9,0.0,1804.9733412276084
04/11/2021,04/14/2021,851.8763152175269,1,0.0,318.7209709733141
02/17/2021,02/20/2021,9059.945742014497,11,0.0,2178.7093352531388
08/08/2021,08/11/2021,1895.6002199737427,6,0.0,347.27512830534386
06/10/2023,06/14/2023,4993.579712543207,8,0.3,1012.5465266630673
06/01/2023,06/03/2023,10361.196424929234,11,0.0,4140.591603375
09/20/2022,09/25/2022,5509.179489726539,11,0.0,1622.1857554868618
12/06/2023,12/13/2023,1444.1013471474566,4,0.0,252.9176148015632
07/25/2021,07/30/2021,504.104070539757,2,0.4,-14.294111325392938
11/30/2020,12/03/2020,3187.0819288111097,11,0.15,134.8518388239919
05/30/2023,06/04/2023,264.3531091251536,2,0.4,-20.305514399036788
02/06/2020,02/12/2020,3111.3199277518024,10,0.5,387.34355211667577
09/15/2022,09/20/2022,566.9709173828696,1,0.0,73.1087068181378
10/04/2020,10/11/2020,2339.796101644414,5,0.0,573.9593645804797
05/04/2023,05/05/2023,1363.5301266337851,13,0.0,421.92603626463136
07/04/2022,07/10/2022,4793.544210353639,6,0.0,1702.2183947486433
04/28/2021,05/04/2021,586.1895267945002,4,0.2,30.119171184863042
06/19/2023,06/24/2023,493.66569184835066,4,0.0,114.201463536898
09/09/2023,09/13/2023,3134.20340764059,5,0.0,549.8773660139494
12/31/2021,01/03/2022,4815.429219741617,14,0.15,489.95512524646915
07/10/2020,07/12/2020,294.14416004492625,5,0.15,34.16537136791326
11/06/2022,11/08/2022,4307.950789796227,14,0.15,866.479097626768
06/07/2021,06/08/2021,10836.875682669584,14,0.0,1137.5819682038668
07/06/2022,07/08/2022,6067.1477890162805,14,0.3,440.6562516222815
02/04/2021,02/06/2021,4651.392850739799,14,0.1,493.2757491343583
06/04/2022,06/07/2022,1798.9806934641797,9,0.0,701.846326878249
12/05/2021,12/08/2021,4067.0570534190433,8,0.2,710.9978212085772
01/22/2020,01/26/2020,3999.0588657160124,9,0.5,441.6106344167384
04/18/2021,04/25/2021,8447.529880864811,13,0.0,1340.6820912731823
02/17/2023,02/18/2023,11406.847425452108,14,0.0,3912.6023908674124
07/28/2020,07/30/2020,1578.937680506482,3,0.0,354.3684652610646
11/01/2020,11/05/2020,10091.07953943066,14,0.0,1547.0473256171767
07/17/2023,07/18/2023,1884.2554626851943,3,0.3,336.1013561786175
12/04/2021,12/10/2021,775.4471884760686,1,0.0,254.81452781760672
11/17/2021,11/19/2021,10200.46063527864,14,0.2,3047.5546173350695
10/11/2020,10/13/2020,3713.039751806644,10,0.15,962.7213228122508
12/16/2021,12/19/2021,10590.583215136698,13,0.1,991.0686240386773
02/01/2022,02/06/2022,3752.1093728213427,6,0.0,738.2778819246755
06/04/2023,06/05/2023,3485.393113683507,4,0.0,820.8730774059627
08/05/2022,08/07/2022,538.8104164680275,11,0.0,74.35359694420441
01/15/2021,01/16/2021,9257.834013321612,14,0.0,3114.443607771977
04/04/2021,04/11/2021,6795.962624712957,8,0.0,1753.4233359147652
10/27/2022,10/31/2022,255.44401862947484,2,0.3,59.60399706533481
01/29/2020,02/02/2020,7316.859705433013,11,0.0,2025.2514755726422
06/25/2022,06/30/2022,1322.7282673191444,2,0.2,207.49601970476067
11/22/2022,11/24/2022,2065.4891315541745,7,0.0,250.80727628614528
05/28/2022,06/04/2022,4276.416192124213,13,0.2,191.5995738397308
03/19/2020,03/22/2020,1434.556353285568,5,0.5,150.42445621829773
08/04/2022,08/06/2022,6811.6881559443145,13,0.0,2705.621562954815
04/03/2021,04/04/2021,34.158249374735,1,0.3,2.5466252690232754
07/23/2021,07/29/2021,640.7279937721279,7,0.15,171.73164920664135
12/24/2023,12/28/2023,536.3633762054567,7,0.3,74.16603733600635
01/07/2022,01/08/2022,2291.9844247755577,10,0.15,716.7442859270269
08/01/2023,08/06/2023,1520.4328300465486,6,0.0,260.6647842523721
05/30/2021,06/03/2021,2979.2006397957266,4,0.0,784.8725622254259
01/27/2023,01/30/2023,6924.203305871797,12,0.0,1541.59593762549
01/31/2021,02/04/2021,8966.134988445829,13,0.1,1905.4363191331158
02/08/2020,02/14/2020,316.7883873470457,8,0.5,-21.966922500613865
07/18/2023,07/25/2023,4707.476112930092,12,0.2,702.938451386094
06/05/2022,06/07/2022,3635.9160581987844,11,0.0,1045.1122349116074
03/07/2022,03/13/2022,1192.0158847074642,2,0.3,-30.557607089987183
06/05/2020,06/12/2020,1137.138024545287,2,0.2,253.46371775827993
01/03/2023,01/09/2023,1741.1317722370568,2,0.0,543.158050915808
06/02/2022,06/04/2022,167.88855354599838,3,0.0,61.13448130448053
02/27/2023,03/03/2023,4341.691528025607,6,0.0,988.8504877467664
08/31/2022,09/05/2022,381.2257880465875,1,0.3,-12.008330298570785
01/12/2023,01/14/2023,6365.9752211856585,11,0.3,562.9962728084424
11/11/2022,11/13/2022,1024.1779700331256,2,0.0,144.6986817534202
04/28/2022,05/05/2022,5448.069871228899,10,0.0,1603.0076305143011
11/06/2023,11/09/2023,97.99953141223116,2,0.2,1.3856601838836713
01/17/2022,01/21/2022,5643.4361456391,14,0.4,68.84383660943982
09/15/2022,09/17/2022,2691.921377750396,12,0.2,66.90197082998843
01/21/2020,01/26/2020,25.07243551347744,1,0.15,0.6521322981881303
10/29/2020,10/30/2020,227.31837264290925,3,0.0,88.23752875460109
05/18/2022,05/22/2022,8619.414775887288,10,0.1,3006.7811734673064
03/24/2020,03/27/2020,2468.3156167883394,7,0.0,658.1785448102311
11/11/2023,11/17/2023,7911.49333824802,13,0.3,171.574617581326
07/04/2023,07/06/2023,960.0804617285634,1,0.0,358.4265613547679
07/23/2021,07/28/2021,4624.789133049852,7,0.3,1049.4154304169754
07/22/2022,07/26/2022,4414.53994146213,5,0.0,1573.1330832684926
03/31/2023,04/05/2023,5644.141482021134,9,0.3,639.543289338133
04/01/2023,04/06/2023,592.235927795084,2,0.0,72.49598384947534
10/05/2022,10/12/2022,159.9551913577547,1,0.0,20.2393988090624
03/03/2022,03/09/2022,4917.95501397289,9,0.15,1445.8096095319506
03/02/2022,03/05/2022,3945.7962876010847,8,0.0,1431.3299257435376
07/18/2023,07/22/2023,646.555509049316,10,0.4,19.603029467263845
05/06/2021,05/08/2021,3676.1358754558087,6,0.1,545.7090845789415
07/26/2020,07/29/2020,2552.5413333446654,5,0.1,620.8729456563792
12/19/2022,12/21/2022,4840.845670093074,8,0.3,929.9089510343616
03/05/2021,03/06/2021,3433.314963296482,8,0.3,581.9657098247469
09/11/2022,09/16/2022,7285.404645849155,14,0.1,1709.7451837543595
08/25/2023,08/26/2023,1339.032618297905,5,0.4,-40.903009827436925
06/03/2021,06/10/2021,5617.91039027978,12,0.0,1004.2096887162052
08/13/2021,08/18/2021,6683.861902965275,7,0.0,2120.256306523562
11/16/2022,11/22/2022,1720.6201268829723,13,0.1,500.3321680530743
07/17/2020,07/20/2020,5872.836195152749,13,0.0,791.8965003759181
01/21/2021,01/23/2021,659.2689615875744,1,0.0,102.97063520467279
12/14/2020,12/21/2020,1754.7221565379823,4,0.0,533.6830894261512
08/17/2022,08/23/2022,580.7669415407004,2,0.0,125.84985936590598
11/23/2021,11/25/2021,2061.3865793865834,10,0.3,245.2799780876782
01/12/2021,01/15/2021,651.5626116468742,3,0.1,152.75526145190042
06/17/2022,06/21/2022,2102.7850114635526,12,0.5,174.23895332520286
07/04/2022,07/11/2022,698.3664222621851,1,0.2,168.80569926844925
06/10/2021,06/11/2021,5611.895353017418,11,0.0,1032.7507804558602
03/22/2023,03/23/2023,2726.1997487674425,11,0.0,715.3248767956229
01/03/2022,01/05/2022,781.3628997125342,2,0.0,107.09139683090507
07/24/2020,07/26/2020,1044.426182415819,13,0.3,211.6054973329069
03/30/2021,04/01/2021,904.9953823413506,1,0.0,320.03748229460217
07/20/2023,07/27/2023,3312.9268301641414,8,0.0,628.9648426946845
06/13/2023,06/16/2023,2353.409502113148,4,0.4,-121.9394134977889
06/04/2021,06/08/2021,902.8616331012298,3,0.15,41.55649402738931
10/13/2022,10/14/2022,837.9924867548499,1,0.0,228.34703019036866
08/13/2022,08/19/2022,527.6429203170774,2,0.0,67.2367089999184
12/26/2021,12/31/2021,179.32186533203503,3,0.3,27.64756785521801
10/10/2022,10/17/2022,86.97365891983165,3,0.3,13.345057346431469
05/15/2021,05/22/2021,3660.6404542700147,6,0.0,1040.3401877145152
04/26/2020,04/29/2020,3184.5793495685352,10,0.0,1155.9008768210463
01/20/2021,01/21/2021,2514.874217357992,8,0.3,159.6547974527448
09/29/2023,10/03/2023,3938.21071317498,6,0.2,1065.998320939209
08/06/2021,08/09/2021,357.87780677299577,2,0.3,-13.929459333568623
01/29/2021,02/04/2021,568.0187135416154,2,0.1,47.61535944366438
12/23/2022,12/24/2022,7113.815714947877,14,0.4,168.32475103500178
12/21/2021,12/24/2021,3484.8425542704836,7,0.0,969.4758999667056
03/12/2020,03/13/2020,829.3885153819627,1,0.0,90.99444590025708
09/30/2020,10/01/2020,304.5849947453226,1,0.2,51.84960764912232
09/05/2023,09/12/2023,2547.6335704186754,7,0.1,362.32315968964036
12/03/2020,12/07/2020,1105.4419624109842,9,0.3,238.93469433169545
10/21/2023,10/28/2023,4585.911975295084,5,0.0,1192.270056081703
08/29/2021,09/03/2021,6913.182099458121,11,0.3,873.6061878278658
06/14/2020,06/18/2020,984.3748444191258,1,0.0,377.69138140057623
01/11/2020,01/12/2020,1735.7962875665612,5,0.15,441.3284765290555
08/17/2023,08/20/2023,9024.716715751612,11,0.0,2089.0592928936926
12/29/2021,01/04/2022,357.6835652020878,1,0.15,60.11368938495258
03/11/2022,03/15/2022,3678.046408254105,10,0.2,714.9282172731007
04/11/2020,04/16/2020,9980.392795906517,12,0.0,1597.4593254721246
12/19/2023,12/20/2023,1670.3379285978217,9,0.0,211.4568512436048
11/16/2023,11/22/2023,821.1881704216852,4,0.1,117.73453205042489
02/17/2022,02/21/2022,2025.9600353486983,9,0.3,371.7937304790763
08/01/2020,08/08/2020,1580.5944843501138,2,0.0,280.07682154335237
01/16/2023,01/23/2023,2652.4752371208137,7,0.0,369.2981859871054
02/04/2021,02/08/2021,4375.038314375448,12,0.0,724.973509433482
08/10/2021,08/14/2021,7790.859818060976,13,0.4,807.8488515030349
06/07/2022,06/11/2022,779.9361633369693,2,0.0,221.64570388141632
12/05/2022,12/11/2022,3063.513971429173,12,0.0,938.9501804314772
08/14/2021,08/21/2021,2006.3409325405883,4,0.2,193.78732802927243
08/26/2023,08/29/2023,4099.691877420799,6,0.15,1210.4620608294483
01/14/2023,01/19/2023,1104.7645754029875,14,0.0,260.2064236382841
04/01/2020,04/06/2020,622.7033088270903,2,0.5,2.5617451064878103
11/03/2021,11/04/2021,77.14277224641826,2,0.15,23.88667258565561
12/14/2021,12/16/2021,955.924249445501,2,0.1,328.63067868007755
07/24/2022,07/27/2022,793.2649443606933,3,0.0,236.76009053599378
08/29/2020,09/05/2020,1097.5134824375884,5,0.3,256.2078910491704
01/02/2020,01/03/2020,4251.825039083029,9,0.0,1115.900903135514
08/12/2020,08/13/2020,5567.018316828787,6,0.0,1069.8967676086752
03/11/2022,03/15/2022,8562.727602263973,12,0.0,1665.6890487446644
08/11/2021,08/13/2021,10499.743971602496,14,0.2,1760.61992673033
04/25/2020,05/02/2020,5373.307485556036,9,0.1,1243.978909122311
07/06/2022,07/08/2022,144.81169174433907,10,0.15,22.718799778038953
01/31/2023,02/03/2023,3821.0108352388115,14,0.0,1395.1712078360315
07/12/2020,07/14/2020,10019.19911397203,13,0.15,1533.0259902143341
04/04/2023,04/05/2023,2588.044263032269,5,0.2,212.2897502969024
05/20/2022,05/22/2022,10800.138406250293,11,0.0,1105.8754578806538
03/30/2020,04/01/2020,690.498391909673,6,0.3,166.52803814595046
05/01/2020,05/06/2020,3037.8035477545423,10,0.0,1055.0108995733035
05/22/2020,05/29/2020,3539.942236049913,12,0.2,653.7136117898818
09/20/2022,09/27/2022,2666.3379198850994,8,0.0,930.9856836834012
04/15/2020,04/16/2020,700.5733600906309,3,0.1,205.328782609178
06/05/2022,06/11/2022,449.03105859921004,2,0.5,58.17432390050915
03/03/2021,03/05/2021,968.8127132035163,3,0.5,-33.11372304155917
08/21/2023,08/23/2023,4454.020951209607,14,0.0,1186.7991484438826
11/12/2020,11/16/2020,800.1263167300182,9,0.0,103.68709487669419
09/26/2021,10/03/2021,4268.683209745391,6,0.0,1663.0560459369806
01/09/2020,01/11/2020,3250.9847315641914,10,0.3,798.2406816881867
02/12/2022,02/19/2022,6057.908816714956,12,0.1,1736.955567637743
01/01/2023,01/03/2023,1843.3866023691037,4,0.0,435.4748210940093
10/14/2023,10/19/2023,8914.539284203613,10,0.0,2219.4530708969787
08/10/2020,08/11/2020,1013.6835849504891,3,0.4,31.028935524960175
12/10/2023,12/17/2023,10811.315636002815,13,0.1,1491.8879430517597
07/06/2021,07/09/2021,1030.9391762808805,2,0.0,266.33016869346017
10/25/2023,10/26/2023,4195.271928650306,14,0.0,486.7921728051784
12/16/2021,12/20/2021,1447.5526452177385,4,0.0,575.4978866010936
07/11/2023,07/12/2023,4030.846204964373,9,0.15,613.5554185364115
09/03/2023,09/05/2023,1283.2549042247003,4,0.4,228.68882467144738
01/12/2023,01/16/2023,6283.225353254479,13,0.3,1051.066973614553
09/03/2023,09/04/2023,2786.9990815771735,12,0.0,521.1211010605946
04/20/2020,04/24/2020,2317.8906483804635,5,0.3,38.51357371556953
09/07/2020,09/10/2020,6246.417026375558,8,0.0,2490.462897296671
01/17/2021,01/18/2021,1359.6521391446404,2,0.0,450.9121890162162
01/07/2020,01/14/2020,2922.0589723164894,12,0.5,-219.45118067352053
04/03/2021,04/10/2021,10909.402290662323,11,0.0,1311.6757779898837
01/12/2023,01/18/2023,5750.710385530937,14,0.0,1777.400603026988
07/26/2020,07/28/2020,173.2870626510464,3,0.5,-10.240409876941232
06/18/2022,06/22/2022,4939.735039519617,6,0.0,821.9681750907077
11/14/2023,11/20/2023,2112.7603842394947,12,0.2,465.8239966868678
08/30/2023,09/05/2023,3007.8414121283545,7,0.4,312.1489595682126
01/22/2020,01/27/2020,673.8714715967087,4,0.1,131.01665385562276
02/13/2021,02/17/2021,373.9206372910398,14,0.0,143.13561586740727
06/13/2022,06/19/2022,168.2006177511354,1,0.0,51.11473968058623
05/29/2021,06/03/2021,2682.5316672704457,7,0.0,987.2410457835709
02/24/2023,03/02/2023,1386.6247759020036,12,0.0,217.9301068851444
03/19/2022,03/21/2022,1481.0565124319417,9,0.2,131.80480710348013
05/23/2022,05/26/2022,766.980014907549,1,0.0,100.74745760032134
01/14/2020,01/19/2020,10810.586806563031,14,0.0,2068.86523261783
08/28/2022,08/31/2022,737.3820104271603,1,0.1,251.8406579452823
09/04/2022,09/08/2022,758.4693157639049,1,0.1,257.0125412339841
10/10/2022,10/12/2022,2983.6207496733246,10,0.3,531.430314078372
11/01/2022,11/06/2022,6082.1191486061525,7,0.0,1558.935199786674
03/27/2020,03/31/2020,4086.2167982320498,11,0.3,752.8198189519312
06/27/2022,07/03/2022,3854.7182807098493,9,0.1,832.7967947288586
08/17/2023,08/24/2023,2164.052897117454,3,0.0,218.68306662138156
06/20/2023,06/21/2023,1773.441817970465,8,0.0,444.18354818074636
05/01/2020,05/05/2020,7124.421627532775,9,0.0,1992.5371083525579
03/16/2023,03/19/2023,1109.6864791663802,3,0.15,116.2113697336867
01/19/2022,01/21/2022,1632.2695183646738,12,0.0,262.77591829387984
10/11/2023,10/13/2023,922.4553195489448,12,0.4,-16.472535141588157
11/15/2021,11/19/2021,467.79572630222947,3,0.1,110.90890512349193
11/04/2020,11/10/2020,535.0002041408067,1,0.4,-30.056721021630622
11/25/2021,11/26/2021,1982.056888072914,2,0.0,626.5251902044903
10/14/2020,10/17/2020,2543.8284284648944,7,0.0,576.946510514025
11/02/2020,11/06/2020,897.6672410497338,3,0.0,184.9233634760757
07/02/2022,07/06/2022,1586.0828400787577,7,0.0,542.7089939205213
10/23/2021,10/30/2021,2889.5240933845057,5,0.3,294.2083809377637
07/02/2021,07/04/2021,2171.1540759468735,10,0.0,463.5851838257678
10/07/2023,10/10/2023,7398.793829047736,8,0.0,2689.065090036465
11/07/2020,11/08/2020,3353.384375907849,5,0.0,705.8052185368707
05/22/2022,05/24/2022,2694.4695412575084,3,0.0,963.8119836224989
12/18/2022,12/22/2022,3518.35946185629,9,0.3,356.267705324596
07/12/2022,07/14/2022,4127.949728185997,7,0.15,360.7915956246966
01/24/2022,01/26/2022,2493.0540786045226,5,0.2,458.3366649940113
02/04/2020,02/09/2020,5830.184512323913,7,0.0,1082.0650923906235
03/20/2021,03/22/2021,5527.514540288547,11,0.4,-308.73081419425415
04/02/2020,04/08/2020,4751.160558773391,10,0.2,123.33448096817527
05/15/2023,05/17/2023,5725.643155528272,9,0.0,987.7261244782399
12/18/2020,12/24/2020,4613.285806464259,5,0.0,1480.7097033366476
06/21/2022,06/24/2022,3908.3848403263423,7,0.4,591.7285530489509
09/17/2023,09/19/2023,6609.312131956675,11,0.1,2039.0802191103194
05/11/2022,05/12/2022,127.27249481830975,9,0.2,10.314733429777242
06/07/2020,06/13/2020,113.36710260640159,1,0.0,33.8164861534208
08/14/2022,08/20/2022,3437.452425826688,4,0.0,581.2945791987491
01/24/2020,01/28/2020,75.0935801656748,1,0.2,14.029631018825748
02/07/2021,02/10/2021,1505.4111255163068,8,0.15,438.3204680195101
03/15/2022,03/17/2022,643.2512762324753,3,0.1,40.054037868714154
05/30/2021,06/06/2021,1027.1951175395798,2,0.15,329.2855766071524
01/01/2022,01/02/2022,8132.130578668972,14,0.0,2831.009043724768
10/19/2023,10/23/2023,948.8747141958282,4,0.2,216.81657687359188
11/06/2023,11/09/2023,1422.5326626242056,11,0.4,152.79262314700242
06/15/2021,06/21/2021,1610.462090073692,3,0.3,291.6259646171461
08/13/2022,08/14/2022,10297.117534549081,11,0.0,4102.151337594766
05/31/2020,06/02/2020,311.38811558637155,5,0.0,103.08733655330634
08/04/2022,08/11/2022,1290.8227885081092,13,0.3,71.6151521667573
08/30/2021,09/04/2021,4649.344911494283,8,0.1,1088.7675784721716
02/23/2021,02/28/2021,7257.573334392402,10,0.1,1096.4517160670257
06/27/2023,06/30/2023,3807.7285540254506,8,0.4,727.3509108659892
02/14/2023,02/21/2023,7152.614583363437,11,0.1,2289.1365031903642
05/15/2022,05/16/2022,5597.8881522045995,7,0.1,1233.1367714899845
07/31/2021,08/04/2021,1801.4031262008377,8,0.0,602.3570077490333
11/30/2020,12/01/2020,1510.8344813513597,13,0.0,563.3993683381908
12/12/2023,12/19/2023,8049.72142507591,13,0.0,1393.2464209606949
07/20/2022,07/26/2022,2472.159397824594,5,0.4,182.55551576015802
10/21/2020,10/26/2020,5862.231426957675,10,0.0,1433.4029063759672
01/24/2022,01/27/2022,9633.675125843172,10,0.0,3193.345645324141
10/26/2023,10/28/2023,6141.587889189611,11,0.3,391.371192148711
07/04/2020,07/05/2020,7178.595605581715,12,0.15,1706.308327956383
06/23/2023,06/28/2023,651.2716129542019,11,0.15,95.01917805087629
09/28/2021,10/02/2021,1516.6426124767486,13,0.0,202.2025231161575
07/15/2023,07/18/2023,3305.354876314186,6,0.3,-59.04543991841686
06/14/2023,06/16/2023,1650.0443705700725,8,0.0,223.93890248993236
06/13/2021,06/14/2021,501.10871613660845,13,0.0,54.99966959684706
01/21/2020,01/25/2020,911.6530788894952,1,0.0,236.9312977444585
06/29/2022,07/01/2022,5351.38391978533,6,0.0,1613.821154387052
05/16/2022,05/22/2022,1357.7939337550615,6,0.0,187.4007099455247
03/04/2022,03/09/2022,7315.479227852305,11,0.15,1525.6973280012437
04/09/2020,04/15/2020,747.498239794001,13,0.0,208.7927208850354
01/21/2022,01/26/2022,1241.8815510863792,5,0.15,85.84905538845402
04/22/2021,04/26/2021,2509.720956696234,4,0.0,555.2124664773485
08/14/2023,08/20/2023,765.5472061968017,1,0.0,249.9823304940649
07/28/2022,08/02/2022,200.922449313046,11,0.1,11.056120974050941
06/09/2021,06/12/2021,1997.6791628460398,10,0.4,-111.70149857816521
11/29/2020,12/03/2020,1710.9562043653868,11,0.3,425.5978104419364
01/02/2020,01/07/2020,3995.1704067649457,8,0.5,279.91549852226603
01/09/2021,01/10/2021,3438.7892913130513,6,0.15,564.7836024688204
10/19/2020,10/24/2020,1049.617582794913,3,0.15,224.55563031000324
04/16/2022,04/22/2022,865.9399748009572,12,0.15,241.4814691568493
10/01/2022,10/04/2022,1536.84306507633,3,0.15,426.768064923938
07/06/2021,07/08/2021,7743.4134747204425,12,0.0,1528.630588655459
11/13/2020,11/15/2020,4418.506088431761,6,0.1,872.1575469347001
01/15/2021,01/20/2021,3548.2930126820384,12,0.0,1034.0312334518942
01/14/2020,01/16/2020,6871.296597727069,7,0.0,835.3371711228667
05/18/2021,05/23/2021,3204.511789829832,8,0.1,1069.4704955500802
08/18/2020,08/21/2020,1514.9215855644934,5,0.0,348.16313835820404
01/12/2023,01/14/2023,3549.6484066144326,10,0.0,749.8941013687694
05/09/2020,05/15/2020,3146.3411546247153,6,0.0,1170.848275043834
04/17/2022,04/23/2022,5624.007293172335,12,0.5,-644.0276013941377
03/14/2023,03/15/2023,737.8072099402066,1,0.0,82.47079080808375
06/09/2022,06/14/2022,3488.0313178148663,6,0.0,1065.5960918461128
01/28/2020,01/30/2020,1078.4483898303981,9,0.3,70.63932981834222
03/06/2020,03/12/2020,1578.5977778196295,10,0.0,519.8997216867837
04/01/2023,04/08/2023,2028.6997787017135,4,0.0,244.58690934082853
06/06/2023,06/09/2023,10239.902645778857,14,0.0,2202.881001405248
09/17/2020,09/20/2020,10549.028714385826,14,0.0,1799.638597166594
12/18/2023,12/25/2023,2336.5524003749583,10,0.0,752.0940660043077
04/04/2021,04/11/2021,1418.2807303441496,13,0.0,238.48537007320303
10/27/2020,10/28/2020,390.6163793612516,1,0.0,92.7259225206056
07/07/2022,07/10/2022,9006.110014554008,14,0.3,1762.1648934680406
08/19/2023,08/22/2023,5444.144443412615,11,0.1,1767.2627113310482
10/13/2020,10/15/2020,2500.7755841004428,9,0.15,604.6418673211808
11/19/2023,11/24/2023,1321.6051666229218,4,0.0,302.3416625652826
10/30/2022,11/03/2022,281.5323495399262,2,0.0,76.4629931199841
09/21/2021,09/24/2021,334.94404912156745,1,0.3,52.55506060523051
09/26/2020,09/29/2020,2380.3471551890702,3,0.0,862.827732113248
08/14/2021,08/18/2021,4747.478212599132,7,0.3,1028.1717792496074
04/23/2022,04/26/2022,5572.369549542353,11,0.0,2113.5487687310138
05/11/2022,05/13/2022,1228.7993667898309,10,0.3,237.4204171565723
10/16/2023,10/18/2023,1372.2417916096717,2,0.0,197.6568579473256
07/04/2023,07/08/2023,6833.010863860582,9,0.0,2215.889802550015
05/12/2020,05/18/2020,777.4344185171634,12,0.2,189.98764448089085
07/23/2023,07/26/2023,8857.032478683132,13,0.2,2332.600724111299
08/29/2022,09/04/2022,9141.320827054888,11,0.0,3450.3464647001365
05/27/2021,05/30/2021,477.8156434987268,2,0.5,1.3130106571935969
11/08/2020,11/13/2020,2824.0914671485484,5,0.0,837.4216538624281
07/29/2021,08/01/2021,5730.19186459048,8,0.0,589.4409593154899
06/04/2022,06/06/2022,7955.7735326031,13,0.1,1764.869580957388
07/31/2023,08/01/2023,274.25443147728055,13,0.2,38.933025893220865
02/18/2023,02/25/2023,787.2657048600056,12,0.5,109.18730824130776
02/04/2023,02/05/2023,1709.6465022343323,10,0.0,633.4458947399308
11/17/2021,11/18/2021,6064.953041451023,8,0.0,2057.7244174521925
05/12/2023,05/13/2023,1136.4909545218134,3,0.15,47.84428641333443
06/13/2020,06/20/2020,1100.0952002459137,2,0.0,242.6905199514863
10/31/2020,11/06/2020,6974.645062738764,9,0.0,2153.8587408199783
06/04/2020,06/11/2020,1042.7173391203496,3,0.0,113.55006539373841
10/22/2023,10/28/2023,6011.210600364683,8,0.0,1026.378969445457
09/11/2021,09/18/2021,895.752563766528,2,0.0,328.07130864951523
06/28/2023,07/05/2023,1150.2251576893934,3,0.0,159.80564682854856
08/14/2022,08/17/2022,271.76551313135417,1,0.2,4.188464030384247
11/29/2020,12/05/2020,11487.014871315761,14,0.15,2287.9345367377255
08/26/2022,08/29/2022,8516.79044262078,11,0.0,3269.9312815483
05/25/2021,05/30/2021,179.96388819476448,6,0.0,63.05708283272725
08/09/2023,08/12/2023,12451.937311489257,13,0.0,4886.535567673538
11/09/2022,11/10/2022,5443.7966340058465,7,0.0,1774.9877057217184
10/08/2020,10/12/2020,536.1220888530243,4,0.15,83.74813128634435
03/07/2022,03/11/2022,42.787372078601976,1,0.5,5.732863133145723
10/21/2022,10/23/2022,803.5359894432902,3,0.15,122.93295779550728
04/28/2020,04/30/2020,4803.738812502399,9,0.15,624.6223992868552
11/24/2022,11/27/2022,3101.9061112898635,5,0.0,727.2691080423781
07/16/2020,07/23/2020,1698.5497433863695,6,0.0,584.627549740494
04/29/2021,05/06/2021,1082.9237492900247,4,0.4,189.84526698148662
12/18/2022,12/22/2022,109.88562707829907,1,0.5,-4.691607177462436
04/16/2022,04/17/2022,841.0205764109812,14,0.0,200.72994434228016
03/30/2023,04/05/2023,2609.0038137630495,5,0.0,964.0222051289112
10/05/2022,10/06/2022,1414.084891638071,5,0.2,19.957120577184174
11/21/2021,11/22/2021,2737.2680398747534,5,0.0,917.424421144337
05/14/2023,05/17/2023,4545.802796379586,6,0.2,619.4353066640776
11/01/2022,11/04/2022,1169.9118860534327,11,0.3,73.6523939604032
05/04/2021,05/09/2021,23.884796255691548,2,0.0,5.590866824925164
10/02/2020,10/03/2020,43.054715574651965,1,0.5,-1.050224951953968
11/23/2021,11/30/2021,468.0812131406127,2,0.5,36.03550623474479
08/29/2020,09/05/2020,5536.929134133542,13,0.4,987.7009878448554
05/24/2023,05/25/2023,5849.559672840171,10,0.0,1447.3960205384226
06/28/2023,07/01/2023,2999.673967800057,6,0.0,1049.3463545758225
05/05/2020,05/08/2020,1621.9057490166972,5,0.1,437.2388025807461
08/04/2020,08/09/2020,1584.3721490809298,5,0.0,315.6136429696586
08/22/2023,08/27/2023,4590.279760247164,12,0.0,1267.8083907451469
04/23/2023,04/25/2023,7386.223253627767,12,0.0,2216.197158768103
11/28/2022,12/02/2022,897.9897231650922,6,0.15,28.780401416668447
05/31/2023,06/01/2023,10831.078471137113,14,0.0,2369.695541031341
04/22/2023,04/29/2023,5795.007076921792,10,0.0,2305.2042838498046
05/09/2021,05/10/2021,1935.2536968471934,7,0.0,563.5012265828292
03/02/2021,03/07/2021,3644.218318918831,9,0.2,365.4175080909197
04/16/2023,04/21/2023,5730.747859809472,7,0.15,573.1161151042289
07/07/2022,07/09/2022,60.573227707484186,2,0.0,9.864015806121731
12/22/2023,12/26/2023,622.5822434766507,6,0.5,-18.37089368149304
08/10/2023,08/12/2023,4085.067937538207,9,0.0,645.3578365920182
05/30/2020,06/06/2020,4044.9485447407883,7,0.1,366.29377234698404
01/18/2021,01/22/2021,352.16957379620857,2,0.2,38.463603513447
11/03/2020,11/09/2020,2237.0157813418423,3,0.2,407.36036751548636
09/21/2023,09/22/2023,5169.170338403165,8,0.0,743.9457267221461
01/15/2022,01/17/2022,5799.1403544813165,11,0.4,-502.7681747757531
06/10/2022,06/15/2022,1814.533655118203,9,0.4,-162.60064132737412
01/09/2021,01/11/2021,2990.3918218688277,4,0.1,389.39469562775037
10/28/2022,11/03/2022,3459.9332225740663,9,0.0,543.3468308498435
09/26/2023,09/28/2023,520.4485094731858,2,0.0,136.24124549384928
05/08/2020,05/09/2020,10676.703793534216,13,0.1,1993.5120246396493
10/11/2022,10/17/2022,1114.259200142726,11,0.0,219.98817639220945
10/30/2021,11/04/2021,3773.8396323833604,5,0.2,943.6970948424141
10/07/2023,10/12/2023,5103.230591898224,11,0.0,1283.3813417738902
10/13/2023,10/16/2023,1687.5886718767051,2,0.15,88.52921013034475
05/31/2021,06/06/2021,5986.185779174463,11,0.0,1129.768689020249
03/26/2020,03/29/2020,759.9132903614801,1,0.0,297.8873623601922
04/13/2023,04/16/2023,221.00398027011147,13,0.0,86.87516098335632
05/01/2023,05/02/2023,7023.802124647888,14,0.0,1239.0091649178116
11/06/2020,11/08/2020,3330.3552160587033,5,0.1,333.6044749566172
02/16/2023,02/21/2023,1255.9979996141835,2,0.2,186.77499602439656
05/26/2023,05/31/2023,1980.9703516294264,14,0.15,335.65457726219904
03/02/2021,03/04/2021,4969.940518283725,13,0.1,860.0049989242267
12/08/2023,12/13/2023,2528.043369301965,7,0.15,464.6724929199971
04/23/2020,04/25/2020,900.8352033125226,8,0.0,152.83445163595374
03/14/2023,03/20/2023,897.230105229104,2,0.0,120.65843008505664
10/29/2020,10/30/2020,5663.154203763317,7,0.0,1535.4987823730646
01/13/2022,01/14/2022,982.972576776951,4,0.2,275.01547679825825
08/10/2021,08/17/2021,438.2487766749443,1,0.0,61.93541325750565
09/13/2022,09/14/2022,10574.840080326734,11,0.0,3293.474906534864
12/10/2020,12/12/2020,111.75568685814581,3,0.1,20.269017864237792
03/24/2022,03/31/2022,3931.0032314282544,11,0.4,-46.41344588636935
03/11/2022,03/13/2022,7609.217654770499,12,0.15,2137.6785591809953
10/21/2022,10/25/2022,610.6188877526932,1,0.2,83.62273523599089
03/16/2023,03/23/2023,3054.8092396996167,5,0.15,610.9423100532972
08/03/2023,08/08/2023,9479.430077438776,13,0.0,2207.919335468891
12/12/2022,12/17/2022,437.90424970444394,8,0.2,10.67386112994165
08/20/2023,08/24/2023,377.1566770614786,1,0.3,48.45384861079813
12/28/2022,01/01/2023,10991.951333169569,14,0.0,2480.359017503853
12/26/2020,12/27/2020,928.1195869226067,9,0.0,116.96811030814942
05/28/2023,06/01/2023,65.78826948899756,3,0.0,18.338053833498527
10/06/2022,10/08/2022,4082.0810664183073,5,0.0,420.2962900774005
12/04/2021,12/07/2021,4505.580095252192,9,0.3,56.57258846963543
07/28/2021,07/30/2021,2090.421763726491,5,0.0,698.8716040517776
03/30/2023,04/06/2023,8468.932214235872,9,0.0,943.2546584803313
01/17/2023,01/21/2023,5382.524795934695,10,0.3,775.1084885639223
11/18/2021,11/23/2021,6970.912791771683,8,0.1,2334.6429295139014
02/19/2022,02/21/2022,5859.139273797554,7,0.1,593.8691002077004
08/07/2021,08/12/2021,3745.9011355112575,11,0.3,281.4428804627147
08/11/2021,08/13/2021,757.1618888571303,1,0.0,206.4396659580193
03/28/2023,04/02/2023,2286.4982147265127,4,0.15,366.12495871300683
05/03/2021,05/09/2021,7319.976821924099,9,0.0,2094.3427672992416
08/28/2022,08/30/2022,7898.115182284821,10,0.0,1747.2941578220396
09/09/2023,09/16/2023,1293.597202663156,8,0.0,186.99107803232104
11/05/2023,11/10/2023,965.5927059618435,4,0.0,122.35344590224523
01/30/2023,02/02/2023,1638.44556843475,12,0.5,120.15204179179385
05/08/2021,05/15/2021,410.1567868124202,1,0.5,-32.16154830414494
01/19/2020,01/20/2020,5688.440008229279,10,0.3,1161.7790788271298
01/31/2021,02/02/2021,2001.527973880191,4,0.0,646.3097415473725
09/27/2022,09/30/2022,877.5359049891031,3,0.5,-118.61130228542527
07/26/2023,07/27/2023,4226.129950337451,6,0.15,360.7565472076082
04/30/2022,05/02/2022,3514.144311380624,11,0.0,659.2457310421478
10/20/2023,10/23/2023,238.70795658879865,5,0.2,42.572292853673346
09/16/2023,09/19/2023,2438.8523694818778,5,0.0,836.3997865248813
09/29/2023,10/06/2023,1829.1599448203701,2,0.0,216.0237465849614
04/01/2022,04/07/2022,6657.534058143966,12,0.3,165.65732660003968
03/30/2021,04/02/2021,951.0253816973722,3,0.15,131.11114440206987
12/25/2021,12/31/2021,815.3601156580918,11,0.0,126.39153695802689
12/24/2022,12/28/2022,3458.9716757748984,6,0.1,738.7935598782487
01/04/2023,01/11/2023,1003.3750654941779,2,0.4,43.54722416033945
12/11/2021,12/16/2021,2272.216874686313,4,0.15,272.54944345715523
05/22/2020,05/29/2020,861.647836230779,2,0.0,219.77712393037456
07/05/2022,07/06/2022,1189.0806934255256,9,0.0,245.83823508486591
04/07/2022,04/12/2022,2734.999505087944,3,0.0,555.090631910442
08/27/2021,09/01/2021,1415.993712479246,10,0.5,-99.65953830419855
12/11/2023,12/17/2023,2320.4416612802975,10,0.0,608.2605755638411
10/31/2020,11/05/2020,4906.901393721346,6,0.0,1144.459273775503
01/05/2022,01/08/2022,981.4077393366184,1,0.0,155.94317270347634
10/17/2020,10/23/2020,6038.383771031546,13,0.3,-278.4306107379831
04/11/2020,04/16/2020,5877.058291655753,11,0.15,413.03296972587947
07/14/2023,07/20/2023,3882.215070293338,14,0.15,146.94331739762507
05/16/2022,05/20/2022,302.0931617827805,10,0.0,69.32423306095633
08/25/2022,08/31/2022,599.6396614934476,3,0.0,100.45706653431874
08/31/2022,09/02/2022,2825.2134345168297,8,0.4,73.84147276724492
04/21/2022,04/24/2022,479.4098915936552,5,0.4,-0.558530736007703
08/19/2022,08/20/2022,4247.987754537666,8,0.4,260.84532281316433
07/30/2022,08/01/2022,235.5158891692276,2,0.4,27.593053029754163
10/23/2022,10/25/2022,2581.7287015607344,7,0.3,242.15113026344832
03/25/2020,03/27/2020,3954.2323168299686,9,0.15,172.3666406737893
11/23/2020,11/28/2020,2978.740251758934,7,0.3,-133.28925984246774
03/26/2022,04/01/2022,852.1073090031895,3,0.15,75.8114333127894
03/29/2021,04/04/2021,6123.592013382636,7,0.0,1393.0574986359984
09/20/2021,09/27/2021,3598.8681649225514,8,0.0,408.3689998837376
05/29/2023,06/03/2023,4922.064300644458,14,0.5,-254.37158682162993
03/23/2023,03/26/2023,639.5517523570361,1,0.0,234.1448289967292
10/26/2021,10/31/2021,1146.4591528254068,13,0.3,-26.362018182027352
01/12/2020,01/17/2020,8143.368469282608,13,0.0,3131.572678403722
03/02/2023,03/07/2023,1665.5869536038551,3,0.0,594.6170952029777
10/30/2020,11/02/2020,4498.090113116734,5,0.0,1572.2369895540655
08/09/2023,08/16/2023,10584.814441440652,12,0.0,3800.980967663013
09/01/2022,09/04/2022,956.6714372251793,6,0.0,118.64168441546639
08/16/2023,08/20/2023,272.6048823922248,3,0.0,39.62323638337831
02/21/2022,02/28/2022,844.6096316525283,4,0.3,-8.182807872022789
02/12/2020,02/16/2020,4933.733640587328,5,0.0,658.0246032419068
08/01/2022,08/05/2022,94.07411592676074,3,0.0,18.656154569708598
12/08/2020,12/12/2020,2704.6532687085923,4,0.0,944.09996873362
09/11/2023,09/17/2023,2602.8215351359113,5,0.15,261.81428642310914
05/12/2021,05/14/2021,1105.191246010506,2,0.15,108.60327966273276
12/29/2020,12/31/2020,1921.8757624207897,10,0.15,437.7391603543342
06/09/2022,06/13/2022,2110.0515510766627,9,0.0,272.3602437382195
03/02/2021,03/06/2021,4363.356613520863,10,0.0,907.9446875695805
10/01/2022,10/02/2022,671.3550655762355,8,0.2,59.500784281304114
01/21/2020,01/23/2020,704.4834462015066,12,0.3,143.84865750934745
02/10/2021,02/11/2021,584.8551537074173,6,0.0,148.75813251323206
09/10/2021,09/17/2021,5772.493795931951,10,0.0,1696.7787710315718
10/11/2022,10/12/2022,4441.408821618063,11,0.0,616.0691565620529
12/01/2020,12/06/2020,902.0418385521026,3,0.0,341.58112454015264
02/14/2023,02/20/2023,2839.418435522174,11,0.2,274.672977298998
02/21/2023,02/28/2023,387.3788510230494,2,0.1,101.51326760979791
02/02/2021,02/05/2021,2921.731973781009,7,0.0,1128.9217472384007
03/03/2022,03/05/2022,1688.2199080637417,8,0.0,426.4353311246026
12/15/2021,12/19/2021,3505.3279093816964,10,0.5,7.924065823258899
02/20/2020,02/27/2020,92.88523126917772,1,0.3,-1.3770396164375103
11/19/2020,11/23/2020,9297.84470460337,14,0.3,623.7242194573095
02/27/2022,03/02/2022,593.5245043560562,6,0.0,211.14009953477938
05/20/2020,05/27/2020,5616.95533746561,7,0.15,368.0900482893722
04/14/2021,04/16/2021,10854.506283467634,13,0.0,4073.166933430213
02/25/2022,03/04/2022,6155.144994665219,9,0.0,1847.7303600230246
09/19/2023,09/23/2023,10958.143668117946,12,0.0,2479.695872137048
08/21/2022,08/25/2022,399.13183507194844,3,0.1,85.39406674861644
10/04/2022,10/09/2022,369.10325289009234,2,0.0,53.574961528371404
01/07/2021,01/08/2021,908.7087314837967,5,0.3,13.853253653642053
05/08/2021,05/15/2021,3280.724349477016,13,0.0,609.9605651196154
01/20/2022,01/24/2022,3177.397882178886,10,0.0,684.5825604735337
03/25/2023,03/31/2023,579.8745892903625,1,0.0,217.25384117889135
10/17/2020,10/19/2020,492.5815074966965,13,0.0,103.57546207759803
03/13/2023,03/19/2023,2330.699214537456,6,0.0,599.3406364483071
04/15/2020,04/18/2020,2285.2914895230347,9,0.0,339.6122512827876
12/14/2023,12/21/2023,6105.635495721948,10,0.0,1958.6387796452836
10/31/2021,11/05/2021,8867.858739669182,9,0.0,2377.3333011865443
01/02/2020,01/04/2020,3291.6118161876952,7,0.1,598.9819668275326
08/11/2021,08/16/2021,6039.997414181493,14,0.0,2320.3008822339084
10/05/2021,10/06/2021,3708.154985967284,11,0.1,1176.2091598365212
03/30/2020,04/03/2020,4958.728278153672,7,0.1,1229.0375726884138
09/30/2023,10/02/2023,650.0889786737574,8,0.0,244.78692356150444
12/15/2020,12/18/2020,6721.209665208642,10,0.3,802.7445743909841
07/10/2023,07/17/2023,5339.107709814881,14,0.1,1591.487342167346
10/06/2023,10/07/2023,641.1274371337237,2,0.0,142.86758741509303
02/05/2023,02/06/2023,8184.350455979916,14,0.4,-605.4515869943363
11/28/2022,12/03/2022,3933.384313365225,6,0.3,976.441324494128
06/27/2022,06/28/2022,1613.7869959201594,5,0.5,-161.87985106070337
06/07/2020,06/09/2020,120.36977968306357,5,0.15,12.091506896181553
08/16/2022,08/21/2022,9763.64514377858,13,0.0,1454.1095992053563
11/07/2020,11/08/2020,1026.605478124744,3,0.0,206.59804438603774
06/18/2023,06/25/2023,1005.7134427915823,3,0.15,112.42271183612722
03/20/2021,03/23/2021,501.4641230628441,6,0.5,15.209745122527154
10/24/2020,10/31/2020,5387.879730867753,12,0.15,1745.3390075646496
08/09/2022,08/15/2022,5229.7494916921,10,0.3,-179.1047127141397
02/05/2020,02/07/2020,3643.6530898577907,13,0.0,1215.2783054946985
01/12/2023,01/15/2023,9393.455789629414,10,0.0,1300.0315239655179
11/09/2023,11/12/2023,851.715847260284,7,0.4,-80.10344328301156
04/10/2023,04/15/2023,846.7168325110772,14,0.2,162.20812273300712
10/31/2023,11/04/2023,323.960117308201,1,0.5,36.28177360123746
10/17/2023,10/22/2023,9529.24609908596,14,0.2,503.9975570261703
07/12/2021,07/14/2021,2860.8045921433113,3,0.0,579.267544367273
06/09/2022,06/11/2022,8310.59244444262,12,0.1,836.2538738864673
05/20/2020,05/25/2020,124.59210683460695,1,0.4,21.42389569282999
06/05/2022,06/09/2022,8800.961156601237,10,0.1,1153.8775570282053
02/15/2023,02/22/2023,2760.724551805663,3,0.0,644.3913945233602
07/24/2023,07/29/2023,857.6787426741148,5,0.0,315.9880461257426
12/26/2021,12/28/2021,4561.9035460339865,9,0.1,984.735971643075
05/28/2023,06/01/2023,1679.886755015007,3,0.0,638.113282920422
11/15/2022,11/17/2022,3584.875442785409,10,0.2,996.3628021279594
06/04/2021,06/08/2021,13782.139237399286,14,0.0,3286.7687822301627
01/10/2020,01/14/2020,690.2601480841897,10,0.0,189.6246673605171
09/10/2022,09/15/2022,3974.9019619626374,9,0.3,75.89789943673404
01/12/2021,01/17/2021,213.250586452022,1,0.0,84.69476192352676
11/12/2021,11/17/2021,2234.64314927133,6,0.3,74.84936809162133
08/06/2021,08/10/2021,7037.490276626792,9,0.0,2357.503621121609
05/31/2020,06/04/2020,1525.5572108211652,12,0.5,-85.59791967805633
12/20/2021,12/22/2021,1997.1297550915851,5,0.0,387.26878037536494
12/08/2022,12/11/2022,10463.864328913545,11,0.0,1372.4287050321323
03/23/2023,03/28/2023,7485.886117362443,14,0.3,883.1005772953298
05/08/2022,05/14/2022,4615.967621333738,10,0.2,339.04144363657423
08/09/2023,08/11/2023,459.55482785729913,2,0.0,66.41414099259835
02/19/2020,02/21/2020,1077.6309577570182,5,0.5,-88.36572953244723
10/25/2021,10/26/2021,698.6886352734812,1,0.1,87.56521233434714
06/14/2021,06/19/2021,3700.519412979944,9,0.5,4.533272592663091
12/19/2022,12/26/2022,2269.4412254487743,10,0.1,376.2209559753089
04/05/2023,04/07/2023,8650.714908067037,13,0.0,1060.984960641956
05/10/2023,05/11/2023,1040.5296220216592,10,0.0,271.37904782819675
05/06/2022,05/12/2022,296.82165938363806,9,0.0,99.8283176651066
05/25/2020,05/31/2020,2987.2107946729316,6,0.1,663.9689811246338
07/03/2022,07/10/2022,2553.496613113869,11,0.0,1001.8952313517967
09/19/2022,09/24/2022,793.1061983674039,9,0.0,102.90161323137995
08/29/2020,09/02/2020,10255.420416727888,14,0.0,3551.9207735626683
08/03/2021,08/04/2021,1508.9845274429956,3,0.0,379.8231770992238
11/17/2021,11/21/2021,2235.279874376825,4,0.3,238.00936716281547
04/27/2021,05/03/2021,7807.46612821989,13,0.1,1606.2298534922472
02/05/2023,02/11/2023,3516.0330744784087,6,0.2,343.1495276021419
06/03/2023,06/06/2023,628.5739509658816,4,0.5,-33.0840443628472
11/03/2021,11/06/2021,230.0466073124434,1,0.15,49.357270713442944
09/22/2021,09/29/2021,2117.03150111008,7,0.5,-289.1239963947301
10/22/2021,10/25/2021,1040.4065949705177,5,0.0,287.8137248646337
10/23/2021,10/26/2021,11441.611922659813,14,0.0,3631.306932425176
12/26/2023,01/02/2024,4221.52773827597,8,0.0,873.4251733626593
03/15/2022,03/17/2022,2112.4802972185507,9,0.0,348.9967053435153
02/22/2021,02/25/2021,2201.2079250231327,5,0.3,30.852292763406417
09/14/2022,09/16/2022,6808.214719676028,8,0.1,507.5653157498988
03/29/2023,03/31/2023,1186.5591312232627,13,0.0,150.5930963577758
10/11/2021,10/16/2021,94.60140419229434,1,0.2,4.730671917908564
08/26/2022,08/28/2022,760.8606798552358,1,0.1,42.41940686480931
08/12/2021,08/14/2021,829.4848577484339,7,0.0,149.1999575161817
01/05/2023,01/08/2023,264.5007245610728,6,0.1,37.538087980930705
05/23/2021,05/25/2021,1063.3538257080243,5,0.4,211.1463155838506
03/16/2021,03/20/2021,4625.98049550934,14,0.3,1144.9594148344393
07/01/2023,07/08/2023,2581.874965457023,5,0.1,273.97476876273345
07/09/2022,07/12/2022,7171.181223340502,14,0.0,1175.4257859677612
02/08/2022,02/15/2022,8226.47445328379,9,0.0,2036.6440025752636
09/05/2023,09/06/2023,770.981419387721,1,0.0,111.51112898109896
09/19/2020,09/22/2020,6297.4217811398,8,0.2,952.2446242464633
10/29/2023,10/31/2023,963.3817379861382,2,0.0,211.7675981832788
09/28/2021,10/02/2021,654.4041961855098,7,0.0,129.17079424282343
04/05/2023,04/12/2023,3441.5112114484054,6,0.4,505.1503542363413
04/03/2021,04/06/2021,98.50420981244469,10,0.3,19.546713410232353
09/25/2022,09/29/2022,1323.1695912911184,2,0.15,425.2228304631755
07/27/2023,08/03/2023,491.630525567552,12,0.0,82.06613058889589
11/30/2021,12/01/2021,9926.826633686587,13,0.0,3638.0156783939597
10/28/2020,11/03/2020,2815.678651348721,3,0.0,735.88825570418
05/26/2023,05/27/2023,1344.2501608163036,4,0.15,272.1270847258577
01/30/2023,02/05/2023,1739.8864189526435,7,0.0,641.8231592002363
07/07/2021,07/12/2021,1310.49162152559,8,0.3,305.0683471774554
10/14/2020,10/20/2020,3229.2030401065585,13,0.5,219.7258808691871
04/05/2023,04/10/2023,1970.9598193914599,11,0.0,402.7710189862074
09/12/2021,09/15/2021,1352.38878870623,2,0.0,333.90532869542443
10/02/2022,10/07/2022,2397.8805370463433,8,0.2,442.4477069551493
02/05/2020,02/09/2020,2177.197423362895,11,0.4,323.5141449964682
01/13/2022,01/18/2022,2940.0381391115225,9,0.3,433.3154972497013
12/18/2020,12/22/2020,3830.1313919074805,7,0.0,802.9268558226593
03/13/2020,03/20/2020,150.51095963620784,1,0.0,33.919772287855665
10/09/2021,10/16/2021,3411.2915047625997,6,0.2,51.61731134589761
10/08/2023,10/14/2023,6011.999876562655,8,0.15,1817.3094757717336
12/29/2022,01/04/2023,1426.0352351958497,5,0.0,180.30176888915003
02/28/2021,03/06/2021,2036.7395223608517,12,0.1,456.18736460501094
09/25/2022,09/30/2022,1220.640591170997,2,0.2,319.19210028320015
12/08/2021,12/14/2021,958.5315326399649,5,0.0,216.8769370597528
07/14/2021,07/19/2021,284.7186090522315,8,0.3,54.10725430883133
04/07/2022,04/12/2022,1246.1015763579023,2,0.0,425.1011028167752
08/13/2022,08/15/2022,197.8831217138374,1,0.2,3.552756281295994
05/31/2021,06/02/2021,612.313836453532,4,0.15,91.01623767306744
03/03/2021,03/08/2021,3927.1468571894447,4,0.0,1206.8422562031935
06/08/2020,06/15/2020,2152.413601673259,9,0.2,272.7238312902882
05/28/2020,06/01/2020,2170.581257552113,3,0.2,354.99894333881167
02/14/2022,02/17/2022,447.4477877513238,4,0.4,35.0518835231262
06/07/2023,06/08/2023,2462.3620822254325,3,0.0,357.9506531170223
03/07/2020,03/09/2020,861.8977633405952,2,0.15,128.07314811884848
10/10/2022,10/15/2022,298.5499928444401,4,0.15,10.013058210098496
01/15/2021,01/16/2021,9276.992432909923,14,0.1,880.2736341162445
02/27/2020,02/29/2020,5001.65477289762,8,0.3,518.5526556620982
07/06/2023,07/09/2023,171.3868204321663,1,0.0,46.630206172559774
12/07/2020,12/11/2020,5826.6747193025085,8,0.0,838.2855679242039
02/27/2023,03/04/2023,3244.334355953227,8,0.1,897.6611853087995
12/27/2021,12/30/2021,2268.9952461724533,3,0.0,480.79184795500134
04/10/2023,04/17/2023,6021.0248171090025,14,0.4,1060.8743390914149
02/08/2022,02/10/2022,308.84093934619057,10,0.15,43.63885936819801
09/05/2021,09/10/2021,1869.3382560748362,10,0.0,270.9480424351016
05/17/2023,05/18/2023,4001.0625522247933,12,0.3,709.7530377648294
12/19/2020,12/26/2020,11211.098762315512,12,0.0,3030.8111315456867
04/25/2020,05/02/2020,1882.7246998111689,6,0.1,312.5444446339612
07/11/2023,07/17/2023,8223.60156250594,13,0.0,1700.5351218666128
10/23/2021,10/27/2021,285.5178047706988,13,0.0,41.465948384350945
03/28/2021,04/04/2021,2856.062609325899,4,0.0,577.6397715733491
10/13/2020,10/15/2020,6707.765260384305,13,0.15,226.74421434469633
08/19/2023,08/23/2023,718.2407991496082,1,0.0,180.07774559298318
10/13/2022,10/18/2022,12678.596096525738,14,0.0,4678.619049439049
11/06/2020,11/12/2020,155.03394378663194,1,0.0,52.49437536433047
07/26/2020,07/29/2020,1344.868500239932,5,0.0,145.99402793671692
09/09/2021,09/13/2021,7169.926199374516,12,0.4,1178.578830596529
03/21/2021,03/22/2021,1317.7689513962455,8,0.0,310.5947797737391
10/31/2021,11/02/2021,506.3945155225362,1,0.3,3.6801915678130825
09/24/2021,09/25/2021,1310.0852725304271,2,0.1,361.22141004757214
02/24/2020,02/28/2020,4082.674662200622,7,0.15,497.52316527579217
06/30/2022,07/06/2022,1881.3294673714552,8,0.0,331.1055709597752
11/01/2022,11/04/2022,1337.8963354903922,12,0.5,-135.93625873950452
10/18/2021,10/21/2021,9375.487202962162,14,0.0,2306.2439585434413
11/24/2023,11/25/2023,524.8467430594845,3,0.1,40.94759809842183
09/06/2022,09/11/2022,3657.212341327226,11,0.5,313.3643581920083
05/29/2021,06/03/2021,4179.865193322545,12,0.3,381.2136244507994
08/24/2020,08/30/2020,4595.322173982816,13,0.1,845.9663005357519
07/26/2023,07/29/2023,1228.9201035366652,8,0.5,-183.65450621313283
12/13/2020,12/14/2020,758.4809311919084,1,0.2,186.100242706514
09/18/2021,09/19/2021,4617.114490488238,9,0.0,1144.3569870693623
02/01/2023,02/02/2023,6787.673314630229,12,0.0,1574.5254194553293
09/21/2021,09/25/2021,1899.5270476798353,2,0.0,623.8340597556761
06/25/2023,07/01/2023,9202.739628826273,14,0.0,1093.9256540042018
12/29/2020,01/03/2021,9966.053744184297,13,0.2,1096.3071397160434
11/16/2020,11/21/2020,207.54553161144864,2,0.1,46.22457966674971
10/12/2020,10/16/2020,3392.692941818719,4,0.0,808.0487680614652
05/28/2020,05/30/2020,2873.3080466400233,12,0.3,12.90594282874238
01/12/2023,01/16/2023,8123.8264981963775,10,0.0,1541.7637768339343
02/09/2021,02/15/2021,1285.6203869295432,3,0.5,-77.05987091560708
09/04/2022,09/05/2022,557.5460145622606,4,0.5,82.28890810882447
03/31/2021,04/04/2021,1493.0723172611667,6,0.4,-3.1964653079489143
03/10/2022,03/11/2022,3570.8956327815995,7,0.3,41.260337678145
03/30/2023,04/05/2023,540.3253729400049,5,0.0,187.38005525759104
10/09/2022,10/16/2022,1364.360758192704,2,0.1,240.6068977513441
02/22/2022,02/28/2022,358.1045903825897,3,0.0,83.49534698825546
04/04/2021,04/07/2021,9153.111749453776,10,0.0,2422.5240558142314
01/07/2022,01/08/2022,2651.4346683976955,11,0.15,540.1151634734875
05/23/2021,05/28/2021,1739.5300601960466,3,0.0,482.13977175887777
04/25/2021,04/29/2021,881.8737555285704,14,0.5,-123.15374339908942
04/23/2020,04/30/2020,830.3946693475617,5,0.4,120.94925045945841
01/18/2022,01/24/2022,4918.9859166268125,12,0.0,779.4420735159295
12/26/2020,12/27/2020,4872.566040370224,11,0.1,670.9651992212752
12/06/2020,12/13/2020,120.80187204130426,12,0.0,18.365370409847163
02/08/2022,02/10/2022,3114.1922166483228,5,0.3,560.9376361088364
01/30/2022,02/02/2022,59.833408975180376,4,0.15,11.972509436696372
08/26/2022,08/28/2022,6207.5817389158465,8,0.0,2027.3269554806932
03/24/2021,03/30/2021,2855.2387393968434,6,0.0,845.2064057722433
04/14/2022,04/16/2022,3171.8473479141758,6,0.0,416.29732129508017
04/18/2023,04/20/2023,108.09141227059773,1,0.5,-6.436850869288514
12/01/2023,12/04/2023,3667.7680010534827,6,0.0,924.936076223529
05/04/2023,05/07/2023,1625.5787702332727,3,0.0,311.27152777821016
11/06/2020,11/09/2020,1570.6057872422411,13,0.3,19.147524231335613
09/18/2020,09/25/2020,1032.098807610053,6,0.3,217.71462845507435
12/13/2023,12/16/2023,533.6421490563281,10,0.3,93.03255878853538
02/09/2021,02/11/2021,884.7626155121304,13,0.1,135.86947188655736
05/22/2020,05/27/2020,221.01556266863653,11,0.15,56.249280399182624
12/07/2020,12/12/2020,2670.754112070559,13,0.1,636.3381093122291
09/01/2023,09/04/2023,4097.187690738511,6,0.0,414.37202744557237
01/29/2023,02/05/2023,581.4958216696789,2,0.1,95.41102486310768
08/31/2020,09/04/2020,349.3069271687029,1,0.0,65.37148143421808
05/04/2021,05/05/2021,1546.449732551793,11,0.0,255.74039218252352
01/12/2020,01/18/2020,1043.4887297637404,3,0.4,-25.589663804069506
06/16/2023,06/23/2023,1743.6110256563495,5,0.0,667.2964235696455
07/14/2021,07/18/2021,1630.9287249501901,4,0.4,74.85167019126688
02/11/2020,02/17/2020,5208.314119078896,7,0.0,1845.3713977057762
11/08/2021,11/12/2021,2355.383785983593,4,0.0,386.90746065657396
08/16/2021,08/20/2021,1926.5001218186283,8,0.15,148.95918542453106
12/23/2023,12/28/2023,2875.7216395257383,7,0.2,766.7734356298449
03/27/2023,03/28/2023,2334.7034697193226,10,0.1,463.93220844170247
05/24/2023,05/28/2023,5694.467354102387,9,0.3,1244.5009986589523
05/13/2020,05/16/2020,768.7218925817317,1,0.0,91.40768697811177
12/26/2022,01/01/2023,1494.2275408365317,5,0.4,261.38620490737105
10/27/2022,11/03/2022,12555.433432702746,13,0.0,2820.3721475491498
08/05/2022,08/10/2022,1543.606098336081,4,0.3,-5.2310553510599265
03/13/2020,03/19/2020,2011.500733124272,6,0.0,613.5375075534262
02/02/2021,02/05/2021,73.15883945027461,1,0.3,13.832200666871547
11/29/2023,12/02/2023,2796.3717606629248,6,0.15,109.65249912989125
07/31/2021,08/04/2021,861.812445465532,1,0.0,341.4145776068023
05/08/2022,05/11/2022,7291.632943349026,14,0.4,795.5759698515046
05/09/2020,05/10/2020,8519.299544222893,14,0.0,1673.3659067351903
07/19/2022,07/22/2022,399.50397960187064,1,0.0,58.08314000100134
05/14/2023,05/18/2023,3661.2427320547285,8,0.3,248.083700125396
09/22/2020,09/28/2020,1529.037902026898,2,0.0,254.07976666661128
03/03/2022,03/06/2022,4175.085365501849,10,0.0,1036.4481041981767
09/09/2020,09/14/2020,5633.452042016481,13,0.1,1603.0991246856142
04/01/2022,04/08/2022,6701.339414180803,14,0.3,992.0603674828141
08/05/2023,08/10/2023,5267.316480250314,6,0.0,1215.593780506977
06/12/2020,06/17/2020,9993.063456946737,14,0.1,856.2374286913533
04/04/2020,04/10/2020,154.40378701029698,6,0.2,44.33659607302235
04/12/2022,04/14/2022,559.1402054563163,6,0.3,17.395499072099387
02/07/2023,02/14/2023,4100.401912716799,8,0.4,-68.2702002742626
12/01/2020,12/06/2020,2673.5507192466666,4,0.2,517.734878841519
04/01/2022,04/06/2022,1007.0427240589164,3,0.15,257.9569007416604
08/25/2020,08/27/2020,3530.610858804534,6,0.0,1395.459217866037
01/15/2021,01/21/2021,3627.1461304174395,4,0.0,1417.304732344252
12/30/2023,01/06/2024,1459.9089507152407,2,0.2,400.2021504409996
06/17/2022,06/22/2022,2355.7857519098457,6,0.5,-45.71621289005419
04/27/2021,05/01/2021,1739.9443918086574,10,0.2,86.9987819333667
06/20/2022,06/26/2022,3664.8998964020275,5,0.0,1009.0985253527421
11/14/2022,11/21/2022,1210.9619282594465,11,0.0,127.36528419552488
02/14/2023,02/19/2023,6846.742922679178,9,0.15,574.2681779096944
04/26/2021,05/01/2021,1474.0959003263708,11,0.15,37.97096954179763
11/16/2023,11/18/2023,3195.4807378096148,6,0.2,173.06970933156987
07/05/2022,07/12/2022,7738.174603023799,14,0.1,1489.0347846120537
09/20/2022,09/24/2022,2337.3919779623616,3,0.0,509.54512464243305
08/21/2022,08/27/2022,3670.0074004101484,11,0.4,39.595597827028996
06/20/2021,06/23/2021,293.1263658933931,5,0.15,80.4004171174269
01/07/2023,01/08/2023,7087.877915037077,10,0.0,2144.0752116326303
04/11/2023,04/15/2023,3114.584105975322,8,0.0,1186.4370560881716
11/01/2022,11/04/2022,1766.2436165173613,9,0.4,59.3498959229594
05/07/2020,05/11/2020,5553.838158615025,8,0.3,175.88395993896674
04/01/2020,04/08/2020,1783.4873049003916,3,0.0,243.99062531705684
06/26/2021,06/29/2021,6422.506942830455,9,0.0,1937.0808786510815
04/25/2022,05/02/2022,1593.1886266988754,3,0.0,561.6345613033404
09/15/2022,09/18/2022,6178.18335593709,8,0.0,958.3709802274425
03/22/2021,03/26/2021,6413.692069232291,10,0.15,1851.1571542196566
01/24/2021,01/26/2021,5350.654701639207,9,0.1,1112.309404970548
11/02/2021,11/06/2021,5936.705503434567,7,0.15,405.0269221167204
02/12/2020,02/19/2020,1488.6259159753804,4,0.2,287.0949017636561
09/10/2020,09/14/2020,7091.304248151735,10,0.0,1815.486089412913
02/27/2023,03/02/2023,7198.201648591821,9,0.0,780.6814218780847
12/19/2022,12/20/2022,1146.8230874957967,3,0.0,252.0407061614708
10/24/2021,10/27/2021,1387.8098318342472,3,0.0,465.52193093691614
04/11/2021,04/16/2021,1938.9511874533591,2,0.0,516.9769826166149
10/13/2020,10/17/2020,356.7289091204071,10,0.15,39.101889717627245
10/07/2022,10/13/2022,718.0796645847408,3,0.3,164.14764656150004
02/16/2022,02/20/2022,393.08066617222664,1,0.2,28.039902802821516
12/10/2020,12/12/2020,32.06096078779533,4,0.3,0.8278397229894062
10/03/2021,10/10/2021,6120.923643976511,8,0.15,804.2391990187836
01/16/2021,01/22/2021,1173.5278248401485,5,0.2,314.929521167119
11/20/2021,11/23/2021,530.2555675766996,2,0.0,133.77691440798108
06/30/2023,07/02/2023,1233.1844001003064,3,0.5,67.39811215867263
12/15/2022,12/19/2022,285.20339621745063,1,0.0,112.05049690335042
04/01/2021,04/04/2021,1322.0927359260043,2,0.0,442.8863768523407
09/09/2022,09/12/2022,823.2881124629396,1,0.0,124.95869901483536
03/23/2020,03/28/2020,794.5520792332687,2,0.5,68.73366416213878
01/27/2023,02/01/2023,1176.1968450775043,3,0.5,87.62801143055545
05/28/2020,05/29/2020,78.20095533326601,1,0.2,5.457261358461631
09/14/2023,09/19/2023,832.6034553335892,11,0.15,102.08130440010812
03/25/2023,04/01/2023,2540.9889165781105,9,0.1,668.3778418812657
07/08/2020,07/14/2020,227.94201192028797,10,0.5,-17.889361341124143
06/01/2022,06/04/2022,2148.058116404805,5,0.15,187.86070101711425
09/19/2020,09/24/2020,1924.0043789160773,8,0.4,213.64497031648898
01/08/2023,01/09/2023,2807.2782670885886,5,0.0,1022.3508034355852
02/03/2021,02/07/2021,2446.4052262639484,8,0.0,299.69688395351636
02/02/2022,02/08/2022,2405.392668506561,7,0.3,201.50532574074074
08/31/2021,09/05/2021,4096.7678184055585,12,0.0,1155.9135526737111
07/07/2023,07/10/2023,487.8144271225812,4,0.4,50.18782914483311
02/23/2022,02/27/2022,4113.099990256552,7,0.1,1434.8910187575855
04/10/2020,04/17/2020,2436.125552943096,6,0.4,255.32444350060376
10/14/2023,10/17/2023,2492.8181274667577,3,0.0,713.061237157388
11/04/2023,11/08/2023,6307.230710319752,9,0.2,1872.7444921486872
03/30/2022,04/06/2022,8489.007423890836,12,0.0,1003.4044306082999
05/29/2023,06/05/2023,5870.296399559564,10,0.15,277.8474030335657
03/30/2022,04/05/2022,773.4742315923611,13,0.1,168.77575746755778
02/23/2021,02/26/2021,534.0665206961542,9,0.5,-22.644749299668934
05/03/2020,05/08/2020,9691.801291114878,14,0.15,523.4469588522667
02/25/2021,03/02/2021,1203.1087450369762,5,0.0,230.91827854254683
06/08/2023,06/09/2023,1737.6451661515782,8,0.4,177.7721279797976
12/22/2022,12/26/2022,1076.9106609738262,7,0.0,392.19415887954597
02/06/2022,02/07/2022,1828.8040400025284,9,0.0,234.630699194442
04/27/2021,04/29/2021,5443.641441115529,7,0.0,1426.470958017275
06/02/2021,06/07/2021,753.8748652970721,4,0.3,29.276481192127097
06/03/2020,06/07/2020,1818.178466406193,4,0.0,545.8132646916978
04/01/2020,04/07/2020,1761.7012526151157,11,0.0,466.56094107262277
09/08/2022,09/09/2022,3269.5229148141007,8,0.4,582.0185693985729
03/30/2021,04/05/2021,3070.145554526994,6,0.3,-118.79877232740066
08/20/2021,08/26/2021,3312.67855247754,9,0.0,798.3925751155125
05/24/2021,05/30/2021,8813.270812209059,14,0.2,509.65264888404
04/21/2023,04/22/2023,1485.045512417431,10,0.4,90.6390290381366
01/20/2021,01/22/2021,9729.787528708164,14,0.0,3464.522449870157
02/08/2021,02/15/2021,3590.0581844706217,7,0.3,802.0008985429755
09/02/2020,09/09/2020,6104.516065268597,7,0.1,1034.5292790058425
01/11/2022,01/12/2022,815.994725018487,4,0.15,219.1224555827605
10/22/2021,10/29/2021,308.3201257269756,3,0.0,56.777898032737475
10/11/2021,10/14/2021,1838.7544628548435,8,0.15,49.44683602610719
12/17/2023,12/24/2023,921.435022314085,7,0.0,328.5576682471747
06/19/2022,06/24/2022,569.5915693099731,4,0.2,20.404861964161967
03/05/2020,03/06/2020,4430.053767586391,13,0.0,466.4108437802766
11/02/2022,11/09/2022,1679.4033570191234,4,0.0,346.1910307716088
07/31/2020,08/01/2020,904.6869834938658,1,0.0,193.43473987290767
08/29/2020,08/31/2020,1568.1790261446606,11,0.3,-42.080435647117014
05/07/2021,05/10/2021,6804.289703134029,7,0.0,2342.409349696813
05/21/2023,05/22/2023,812.05167779721,1,0.0,180.01384490012953
12/03/2020,12/08/2020,8826.566759945066,10,0.0,2179.959721257767
06/21/2020,06/28/2020,7441.196398742729,10,0.2,590.7385772720822
11/02/2021,11/07/2021,3022.835140678838,4,0.0,766.143689774225
06/12/2020,06/19/2020,6959.849893047837,11,0.2,1600.9006160953409
04/09/2021,04/10/2021,6208.161590953887,14,0.0,2308.5347777223697
09/21/2022,09/27/2022,1546.0371969884445,3,0.0,604.7461787533098
05/11/2021,05/18/2021,9238.289667739782,11,0.1,1644.5742504736347
11/30/2021,12/06/2021,692.0520343868213,3,0.4,136.34128038308205
01/29/2021,02/01/2021,618.3312280027815,12,0.0,116.54722103105414
12/03/2021,12/08/2021,765.1268416200252,1,0.0,78.11392676160365
11/03/2020,11/09/2020,2309.703746401373,4,0.0,762.8607632677115
07/01/2020,07/06/2020,9719.053712366554,14,0.15,763.2440385210251
09/20/2021,09/27/2021,84.79575394485249,1,0.0,9.813959658515692
05/24/2021,05/31/2021,6125.192771596112,14,0.3,1391.660193495915
06/29/2021,07/02/2021,3317.974778441055,13,0.0,1119.9599873097459
09/15/2021,09/22/2021,11755.06681114401,13,0.0,1537.5561614849141
08/16/2021,08/19/2021,950.4867227546258,8,0.0,316.5815076598371
01/13/2022,01/19/2022,717.9427929981405,1,0.15,199.7316198430505
06/04/2023,06/11/2023,996.2208364123508,12,0.15,295.4696355384113
12/30/2023,12/31/2023,487.8493471883936,14,0.0,128.3571734839392
12/16/2023,12/20/2023,873.7518086694112,6,0.4,97.00708979220471
07/07/2021,07/09/2021,2377.9986686219186,7,0.0,781.5810640243765
01/21/2020,01/25/2020,5042.107872750021,10,0.2,1041.6575389298391
07/07/2021,07/11/2021,1769.1326274817854,14,0.1,431.75697004452655
01/31/2021,02/05/2021,5315.47961106197,12,0.0,1404.7099743029476
09/16/2021,09/19/2021,297.109352514583,2,0.3,27.856567711464006
04/14/2020,04/19/2020,2398.900807328459,4,0.3,596.9364937238219
07/10/2020,07/16/2020,599.6852715897111,11,0.0,120.69759564461984
01/17/2020,01/19/2020,4565.967202712612,14,0.1,349.20805339770385
02/17/2023,02/23/2023,1905.1810175082535,3,0.0,627.7782727759367
01/27/2021,01/28/2021,10099.228123799187,13,0.15,900.3190542550177
02/28/2021,03/02/2021,11301.075350070432,13,0.0,2936.1098736669915
05/08/2020,05/13/2020,5646.312500988549,9,0.3,-120.03803481078802
02/27/2023,03/06/2023,1011.1466504461318,14,0.0,288.9707055066872
07/25/2021,08/01/2021,5897.598201941775,7,0.0,2259.9727305579877
01/29/2020,02/03/2020,1564.2269055173558,2,0.0,495.5649374129331
01/25/2023,01/31/2023,9937.480660611489,11,0.0,1633.328628957813
10/30/2022,11/04/2022,3439.3734495225503,12,0.1,1174.0005951124485
08/29/2020,09/03/2020,5475.884731263799,6,0.0,1052.0602641567748
08/19/2020,08/23/2020,2942.0256544962,9,0.2,385.359747418523
02/27/2022,02/28/2022,7653.104264046504,12,0.0,1908.952874187417
07/31/2023,08/07/2023,1031.8492831078281,3,0.2,306.6817275334219
12/15/2021,12/19/2021,5460.486522252232,14,0.1,385.8784956504649
01/28/2022,02/02/2022,3031.438567338239,11,0.5,178.91092171159795
03/12/2022,03/15/2022,1087.1023275738428,6,0.5,-45.02857992015269
02/14/2022,02/18/2022,7789.134318400124,14,0.3,-206.4307866138708
12/26/2021,12/31/2021,1529.5256353466077,3,0.2,429.046467063026
07/18/2020,07/25/2020,2078.5746117706685,3,0.0,575.6768191908158
08/02/2022,08/07/2022,763.9182471025471,4,0.2,172.68784665522642
03/19/2020,03/20/2020,4364.457910184603,9,0.5,-339.92305179601755
08/13/2022,08/19/2022,7299.317704747593,11,0.0,2397.55051230639
05/05/2022,05/07/2022,2401.119698855526,13,0.1,716.8365946601
04/11/2023,04/15/2023,6023.882728290588,8,0.0,1380.9680022450975
04/11/2021,04/15/2021,163.77926595799184,1,0.1,36.29134667787478
08/03/2021,08/07/2021,945.7636153746728,13,0.0,370.32486623296444
12/10/2023,12/15/2023,5748.600911591261,12,0.1,1747.6832826373325
07/28/2022,07/29/2022,5524.088274745165,11,0.1,1013.4217156471534
03/24/2021,03/29/2021,98.5379594921413,1,0.5,4.86503166826468
03/27/2020,04/01/2020,2235.8394755501954,7,0.1,637.8166819187356
04/10/2020,04/16/2020,1987.2543657160109,3,0.3,-84.85845181374677
10/28/2022,10/31/2022,4090.14479673261,14,0.0,1130.9651033042007
04/24/2022,04/25/2022,1804.1361817348647,11,0.0,713.2807261968238
05/08/2023,05/12/2023,6948.454373551597,7,0.0,2669.277896003925
03/27/2020,03/29/2020,2783.5423291499587,9,0.0,973.4941555096657
02/12/2020,02/16/2020,2050.3534092438535,3,0.0,270.36826931245884
11/09/2023,11/14/2023,645.9603649871591,3,0.1,224.93143209326772
12/29/2023,12/30/2023,998.3159730297458,2,0.1,232.46930098608712
02/11/2021,02/18/2021,3335.5629173199145,10,0.15,306.4464201615098
10/25/2021,10/26/2021,961.9634685475967,1,0.0,290.78290107308896
11/06/2022,11/07/2022,3946.3003422448455,9,0.0,1408.6598020772308
05/27/2020,05/30/2020,3000.495455933525,6,0.15,176.12406719789388
10/03/2020,10/07/2020,5671.911619446873,6,0.0,2126.5780079729698
08/19/2020,08/22/2020,7914.735655508604,8,0.0,2976.42565650044
12/31/2020,01/07/2021,1217.059584014412,11,0.0,126.62205379550781
06/05/2023,06/12/2023,4179.887524609825,5,0.0,1546.9585519035315
03/11/2021,03/17/2021,3494.6579632083867,9,0.0,1342.107229626744
02/02/2021,02/04/2021,6587.684610579123,11,0.0,733.2589623316602
05/19/2023,05/25/2023,1906.4879908284652,5,0.0,358.89616800512454
11/15/2023,11/20/2023,692.0785741170155,2,0.15,94.76787774582323
05/13/2021,05/16/2021,1003.6137637515626,6,0.0,205.40676031743905
06/23/2021,06/26/2021,5193.349144592285,9,0.0,1701.865558365202
07/16/2021,07/22/2021,992.2478156734995,3,0.4,7.373728666996613
03/17/2021,03/22/2021,1579.6978452241271,10,0.2,453.33164543333544
07/08/2023,07/09/2023,2185.252500162408,4,0.0,870.8182866433418
02/11/2022,02/16/2022,5840.225182828651,10,0.4,-28.93445415467831
12/15/2020,12/19/2020,7889.909608847769,11,0.0,1993.3085463986777
10/07/2023,10/13/2023,3889.381871900147,8,0.0,1039.677482724721
06/03/2021,06/08/2021,2750.7694371766847,6,0.5,65.5256633696192
09/05/2023,09/06/2023,5274.0070377563,13,0.3,328.37390880550004
05/17/2020,05/22/2020,1005.8826311836774,7,0.0,150.6792572712899
09/18/2022,09/21/2022,3284.605580439274,7,0.15,135.87809746353742
01/02/2021,01/04/2021,643.155506321511,4,0.15,36.598506628828254
05/28/2023,05/31/2023,9237.95748432237,12,0.0,3421.622788597497
09/22/2023,09/29/2023,5805.014832910568,6,0.0,1068.7758049538895
05/31/2023,06/02/2023,4406.524784374764,12,0.0,542.2091922961986
12/25/2020,01/01/2021,2379.0709871492895,9,0.4,207.11932662863614
07/09/2022,07/14/2022,1281.8445065107312,3,0.0,157.1440680946485
11/24/2020,11/28/2020,1871.6606466363717,8,0.2,39.334599107911394
08/19/2022,08/24/2022,5573.6671566089135,7,0.0,1596.6948498882562
04/07/2021,04/08/2021,2486.204197678104,4,0.0,689.7192213517867
08/03/2022,08/08/2022,623.9938509479491,10,0.15,23.364317876932354
08/20/2022,08/22/2022,9286.62190198559,13,0.15,1515.0506103479593
11/06/2023,11/09/2023,585.6520465250256,3,0.0,135.12778505327756
04/15/2022,04/19/2022,13711.035101288417,14,0.0,3619.8056641822063
06/17/2020,06/24/2020,2412.247997959003,7,0.1,654.5717275646845
08/04/2020,08/09/2020,6202.851506788205,10,0.0,1146.5351610211003
01/12/2021,01/17/2021,783.4084443636308,9,0.0,180.05396305045625
04/28/2020,05/01/2020,3582.4097478030258,12,0.15,941.5389796813533
07/08/2020,07/12/2020,7238.973760084563,10,0.1,2365.457138826944
02/05/2022,02/11/2022,1447.3092211011776,3,0.0,531.7369094724394
01/04/2021,01/11/2021,8150.017038377245,10,0.1,1575.3109712056978
05/28/2020,06/02/2020,3128.690105857615,9,0.4,176.01928908227373
10/13/2021,10/18/2021,12080.724154743273,13,0.0,3125.6654840984406
02/08/2022,02/14/2022,6682.929894008528,8,0.15,1908.7428224068528
01/08/2021,01/15/2021,5512.267367077118,12,0.0,1940.2180770316681
02/19/2022,02/21/2022,1708.51502055609,3,0.0,330.52890337907127
06/08/2020,06/10/2020,6692.571494550057,8,0.0,996.2221062516787
12/16/2020,12/17/2020,2751.8121057654585,12,0.0,588.0412464038823
08/04/2023,08/07/2023,2416.4371785212356,4,0.3,88.25291317594736
08/04/2023,08/08/2023,3576.0056338409813,6,0.0,1377.599731929757
06/10/2022,06/15/2022,7428.1003671129365,12,0.15,778.2770159956237
06/03/2023,06/10/2023,890.5548243681076,10,0.0,137.4678278227084
06/06/2021,06/11/2021,1537.051613237739,2,0.0,568.4688845778373
06/05/2021,06/06/2021,2287.289055801037,8,0.1,173.70492238142862
02/21/2022,02/28/2022,8394.671522445975,13,0.2,655.4544030507496
09/29/2020,10/06/2020,3238.5843813939823,9,0.3,264.70037730597153
07/24/2022,07/29/2022,1381.154138190636,7,0.3,177.5227984943757
11/26/2023,11/29/2023,7625.8568004115,8,0.0,1512.2216555768234
07/01/2020,07/02/2020,4297.5059329125515,7,0.2,639.7705637642784
05/02/2021,05/05/2021,10844.121344484014,11,0.0,1731.2569882647674
04/25/2022,04/26/2022,2966.601595424654,10,0.2,511.09275638160454
05/03/2020,05/08/2020,1566.5458492949335,4,0.4,35.00453355546912
09/11/2022,09/12/2022,615.4727910850895,1,0.0,218.356148132258
02/28/2022,03/02/2022,2072.0435209743446,3,0.0,465.63011735818685
02/17/2021,02/24/2021,285.2037322664592,7,0.15,45.10343739186918
04/10/2023,04/14/2023,2629.4587496196837,11,0.2,467.12991210970495
08/04/2023,08/09/2023,10012.686178581891,11,0.0,1371.2473970893093
12/29/2023,01/04/2024,1503.536490132266,7,0.5,-154.8062926234508
11/16/2021,11/20/2021,8985.69821541834,11,0.15,2354.893829890266
04/22/2020,04/27/2020,2877.785831940838,13,0.0,523.8307898323887
06/06/2022,06/10/2022,2992.349201238835,3,0.0,913.8906126348082
05/01/2020,05/03/2020,560.4840798959495,1,0.2,16.38187968741674
05/30/2023,06/03/2023,7786.294898258229,10,0.0,2698.371627341236
02/08/2020,02/09/2020,3626.033044324594,9,0.0,1437.607640089242
05/11/2021,05/15/2021,9805.730832518559,12,0.1,1589.5803886030205
02/18/2022,02/23/2022,2805.0421869400825,6,0.15,495.5360334653235
06/10/2023,06/16/2023,7559.625410467394,13,0.15,1193.0116549562747
07/31/2022,08/06/2022,1350.1824520980008,13,0.0,497.2132273378284
05/28/2020,05/31/2020,6099.493381286059,12,0.2,18.17777915446901
11/21/2023,11/28/2023,3081.0086943283727,7,0.5,141.84285081945276
10/18/2022,10/22/2022,186.5003959338282,1,0.0,55.150121945140775
10/22/2021,10/28/2021,592.2789402307981,1,0.2,67.94357624245698
10/28/2020,11/01/2020,84.3522033712992,4,0.4,-2.8848375413232703
10/15/2023,10/22/2023,5515.2988690615175,7,0.15,534.4589582491316
08/25/2020,08/31/2020,11698.746543963403,14,0.15,3101.796725084399
10/08/2021,10/15/2021,3967.0209274312483,11,0.0,475.37180274936503
10/24/2021,10/28/2021,1148.4308010599968,11,0.1,251.67544484184916
08/23/2020,08/28/2020,4766.332352266897,8,0.1,677.0679055026619
07/21/2020,07/25/2020,316.28935204803423,10,0.2,25.16851762132907
09/12/2020,09/19/2020,2194.476383178967,9,0.5,3.777351450731513
08/20/2021,08/25/2021,279.06138338650766,1,0.0,103.07368054822837
10/23/2021,10/28/2021,1914.4226536533924,4,0.0,546.4290169188887
08/22/2020,08/25/2020,112.37103836389363,4,0.0,37.82220236808968
09/30/2023,10/06/2023,146.63054697599858,3,0.2,26.42357733387788
06/17/2021,06/18/2021,180.71249388463957,7,0.0,55.89703696950472
05/09/2022,05/14/2022,529.4994686446464,1,0.15,81.92537279829544
02/08/2022,02/15/2022,5080.427896486108,9,0.0,1919.357668992255
06/24/2021,06/30/2021,3130.7434411660993,13,0.0,784.5070329481821
07/31/2020,08/02/2020,5201.413580919849,8,0.0,1381.143835529078
04/07/2021,04/11/2021,1239.5112580564353,2,0.3,133.2346325098728
03/11/2021,03/18/2021,512.1879840285345,2,0.1,74.19386424449489
10/09/2020,10/11/2020,4001.634575040948,8,0.4,-122.5639418124705
12/01/2023,12/08/2023,6592.252041957381,11,0.1,475.63420998545433
03/28/2020,04/01/2020,608.7513423775465,14,0.0,192.0321295445612
12/03/2022,12/06/2022,381.3983968711401,1,0.0,71.23857617541098
04/05/2021,04/12/2021,3332.4176840527753,13,0.5,-110.77160006280742
10/04/2020,10/09/2020,4112.540309108976,7,0.2,1134.9724952088338
02/24/2021,02/25/2021,2648.3332740379446,9,0.0,714.8757364352134
10/08/2023,10/13/2023,9435.86691656979,12,0.2,274.8047074547456
11/26/2021,11/30/2021,2063.083029300105,3,0.0,701.2080331419344
05/29/2021,06/05/2021,2653.5987827490185,7,0.0,469.2602320813902
12/03/2021,12/04/2021,636.3287321180454,6,0.0,169.14365563738892
01/19/2020,01/24/2020,928.8150050736989,7,0.3,95.66278359530206
01/23/2020,01/24/2020,3449.1217771822353,7,0.0,591.261053670886
02/16/2021,02/20/2021,4997.4840140878305,10,0.0,673.3175701128806
11/19/2022,11/22/2022,770.0415771731399,1,0.0,125.80822391576893
04/17/2020,04/20/2020,10204.808030431419,14,0.0,1318.474870639606
10/22/2023,10/29/2023,565.0028319581256,3,0.1,74.96932498038983
07/28/2023,08/02/2023,5990.070543526825,10,0.0,2391.171787013017
02/25/2023,02/27/2023,30.415582735459445,1,0.0,6.710519441767217
06/06/2023,06/10/2023,1213.6857761714703,5,0.4,193.17813821173942
02/08/2023,02/13/2023,2299.392564497669,3,0.0,608.7717870106331
05/15/2020,05/20/2020,405.5135073542948,1,0.0,121.64388346852395
12/27/2020,12/30/2020,1674.4805548068198,2,0.0,245.9885460199314
04/24/2023,05/01/2023,8787.543635016258,10,0.1,1163.8377470895437
05/08/2020,05/09/2020,2138.9916683533024,5,0.3,220.60068528971848
07/08/2023,07/12/2023,1689.0943913617293,11,0.0,615.4097689575038
05/29/2021,05/30/2021,810.3489152353488,3,0.3,-30.091163754986642
03/24/2021,03/30/2021,93.0649032849188,6,0.2,14.152937103053631
02/01/2023,02/07/2023,4368.230385136885,9,0.2,66.84992900771505
06/01/2023,06/05/2023,4940.116895784362,6,0.0,1171.0389162697963
05/23/2022,05/30/2022,1267.281356267625,2,0.0,365.81400378853914
04/17/2021,04/19/2021,1418.8056604049075,2,0.1,387.9255268502324
10/30/2022,11/05/2022,7297.334480828462,13,0.3,-61.592410435418564
11/29/2023,12/02/2023,9974.278670326883,13,0.1,997.1544225659978
10/28/2020,10/30/2020,2191.977161340629,8,0.0,528.3091879427959
08/18/2020,08/23/2020,9598.114213514395,11,0.0,3833.5917952317936
07/11/2022,07/17/2022,4471.360797656221,8,0.15,589.3881788669654
12/25/2022,12/28/2022,1424.7758449370021,6,0.2,182.73922546642
07/25/2022,07/30/2022,9874.217678462985,10,0.0,2268.4437497142526
04/21/2020,04/23/2020,6654.763988560466,7,0.0,826.5898748003817
11/02/2022,11/06/2022,578.6965733743353,1,0.0,192.2728876417871
11/17/2023,11/22/2023,9123.583981848133,12,0.1,1148.9371033030202
05/14/2021,05/15/2021,1935.9327155952456,9,0.2,408.67562289187964
07/20/2022,07/24/2022,1476.5681932567338,5,0.3,136.622371545212
08/20/2021,08/24/2021,1469.8101299934247,9,0.15,306.50527198148063
08/21/2020,08/23/2020,1049.803232405911,2,0.0,121.97820277579629
08/24/2021,08/26/2021,5962.3928476742885,14,0.15,1740.9573306241234
11/09/2020,11/12/2020,882.7403748078028,8,0.5,-67.8323914100771
07/19/2021,07/22/2021,2839.5094424715335,7,0.4,286.87170980242104
11/01/2022,11/02/2022,974.9154227902196,11,0.3,184.65457087088637
07/27/2020,07/31/2020,995.0435118261971,14,0.0,260.71295771289596
11/03/2022,11/10/2022,1251.3789407224394,4,0.2,126.63980736551665
12/12/2023,12/13/2023,873.0257130144015,3,0.3,212.46915157893932
11/01/2023,11/02/2023,1110.2468815681525,4,0.15,120.49721904825995
11/09/2022,11/16/2022,1061.4686848098718,4,0.0,408.2394774754563
08/09/2021,08/16/2021,1726.9429077971754,10,0.5,-178.10438826149468
10/11/2022,10/18/2022,1717.4181821258196,10,0.0,372.27896788125395
12/29/2022,12/31/2022,3275.3435555323886,8,0.0,463.6205412552069
05/19/2023,05/20/2023,11772.245417169499,13,0.0,1185.1371613791828
01/29/2023,01/30/2023,2565.617866984086,13,0.15,264.45763505752086
11/28/2021,12/03/2021,2750.4263732273876,4,0.0,347.0023733349069
05/11/2020,05/18/2020,2105.1333141140535,14,0.0,833.4299773768281
11/05/2023,11/12/2023,1441.4702310805137,5,0.2,329.3701752693675
03/01/2023,03/04/2023,524.740852383686,2,0.2,0.5832173939756558
11/09/2022,11/12/2022,9751.654644828142,13,0.2,654.2772773084802
06/19/2021,06/23/2021,1734.8089409751633,4,0.0,522.2421517004733
10/10/2022,10/13/2022,4126.689641844241,7,0.15,596.5775041857438
08/14/2020,08/20/2020,1819.3145426448482,3,0.0,635.946435905683
03/23/2023,03/27/2023,2094.676843446793,14,0.0,526.7237388331299
04/01/2022,04/08/2022,13162.030651284369,14,0.0,3897.21707166057
05/20/2022,05/25/2022,246.68741925604388,1,0.3,31.850113480775914
02/08/2021,02/11/2021,706.040038935572,13,0.0,205.7758425266918
07/20/2020,07/25/2020,2459.514158205966,8,0.0,415.73083245307095
02/07/2020,02/10/2020,2738.2191089880225,8,0.0,580.4663935841473
07/30/2022,08/02/2022,610.9072446296395,6,0.0,70.36965767249507
07/06/2020,07/11/2020,2619.866055727802,7,0.4,199.87208180856894
12/16/2022,12/17/2022,2119.7793809167797,10,0.4,80.08004743425606
07/29/2022,07/30/2022,6961.275862944272,11,0.0,2284.794076309943
11/09/2022,11/10/2022,33.34631590635298,2,0.0,5.399260049476797
09/29/2020,10/05/2020,4911.139575004225,5,0.0,1134.6875385189987
02/16/2023,02/17/2023,1716.587471608654,12,0.2,93.07960378103698
08/05/2021,08/08/2021,4639.163737865209,7,0.0,1318.4214210590653
05/30/2021,06/06/2021,6467.638142220482,9,0.0,2292.189664053194
05/29/2023,05/31/2023,161.90303962500118,1,0.1,45.27342855654776
06/09/2021,06/14/2021,361.78547784418316,3,0.0,138.6576821967507
12/01/2020,12/08/2020,966.3085195581634,6,0.0,378.32692246254805
11/28/2021,11/30/2021,3560.9010260109317,14,0.0,1180.8309599574627
12/14/2022,12/21/2022,1235.848577690858,7,0.0,229.91952557616847
05/14/2021,05/20/2021,3657.200936507212,6,0.1,423.42492105287755
06/18/2022,06/20/2022,213.3124358444033,1,0.5,-3.3565329608266334
02/04/2022,02/08/2022,2169.6547142808377,4,0.0,863.8808044439156
06/19/2021,06/20/2021,341.18052552640006,6,0.0,76.35634021574096
06/10/2020,06/16/2020,4140.655072654637,8,0.4,-166.78342005305547
08/16/2021,08/23/2021,1252.0608637189118,10,0.3,292.10938457528067
06/07/2020,06/10/2020,5131.711313967522,14,0.0,1107.2970269646448
04/26/2023,04/27/2023,276.02091966026364,4,0.15,64.11128686495364
02/29/2020,03/01/2020,1017.9764231129245,7,0.0,342.49398732205475
07/03/2022,07/05/2022,5888.444459707963,11,0.2,1489.4630100457605
09/04/2023,09/08/2023,1043.491698349698,3,0.5,100.57602504156276
07/29/2020,07/30/2020,4897.40997440951,8,0.1,1473.5036170979051
02/09/2021,02/16/2021,556.6154199675618,1,0.0,167.14939989196947
10/25/2021,11/01/2021,3811.98578948715,4,0.0,843.0180681747205
02/06/2023,02/11/2023,3482.3166462940567,8,0.15,784.1691520852594
01/04/2023,01/09/2023,4094.2611810313388,10,0.1,1232.4557298848506
06/25/2021,06/26/2021,867.238374203905,4,0.15,112.9081396394176
08/30/2023,09/01/2023,215.72206794789298,2,0.0,40.761201843451104
09/24/2022,09/26/2022,994.8120851997306,2,0.1,152.31783226396183
02/14/2023,02/17/2023,1158.2686253732393,4,0.1,249.47370966167028
07/15/2022,07/21/2022,6874.20668166193,13,0.0,795.5736785636708
05/17/2022,05/23/2022,856.2315499114997,4,0.0,285.71697250193574
01/19/2020,01/25/2020,1679.5818909716645,2,0.0,237.9221595788392
03/07/2021,03/11/2021,5598.32133034988,7,0.2,223.10204573083413
01/09/2022,01/11/2022,1678.8153225991591,6,0.15,141.52034060581647
10/05/2023,10/08/2023,6498.063350145494,11,0.3,799.7701387591972
07/01/2020,07/06/2020,2622.76882508545,3,0.0,486.9708325552156
04/22/2020,04/29/2020,4781.342644173642,8,0.4,49.85553165002816
04/21/2023,04/27/2023,2235.4747422732776,8,0.2,624.8034168758877
04/25/2021,04/30/2021,758.4809797769647,1,0.0,268.6241198391337
03/15/2023,03/20/2023,709.5627408166968,3,0.0,252.36106919203112
04/10/2022,04/11/2022,3142.740206396109,5,0.0,858.8874849865936
02/10/2023,02/14/2023,707.7941437781093,2,0.5,77.81477788353847
02/01/2022,02/04/2022,8924.513827316945,12,0.0,2976.9478248501546
04/20/2021,04/24/2021,2581.205362783404,12,0.0,996.2705205813025
02/01/2022,02/02/2022,4251.191573956165,5,0.0,507.211883713066
08/19/2023,08/22/2023,3286.068491772346,11,0.3,-135.98362596088072
08/28/2022,08/31/2022,2242.058225572095,10,0.0,341.93401805362845
10/16/2022,10/18/2022,1641.3173324645477,3,0.0,621.6086390152908
02/15/2023,02/19/2023,7782.512024797854,9,0.0,2192.0965181458578
06/09/2020,06/13/2020,10641.58733748366,11,0.0,2424.512805543181
02/04/2021,02/06/2021,750.7257435105956,1,0.0,190.5441922008968
07/16/2020,07/21/2020,56.03996667113569,4,0.1,16.74930237590675
07/07/2023,07/08/2023,1003.476270029076,10,0.3,229.5281364093619
10/21/2021,10/25/2021,359.14723561280374,6,0.3,60.663433971154404
12/06/2022,12/08/2022,793.4515600604105,9,0.2,180.87073453578603
02/02/2021,02/09/2021,1167.613819378732,3,0.0,228.9847314752413
03/18/2020,03/21/2020,828.2601160328195,3,0.2,116.04798750885011
05/03/2020,05/09/2020,1470.5775774675235,12,0.0,537.5888363060678
03/15/2020,03/22/2020,4417.064990490533,5,0.0,1483.163111779228
05/16/2020,05/18/2020,2600.9478623899536,7,0.4,273.8311085613004
08/24/2021,08/30/2021,7825.287023495467,14,0.3,-238.09178571493922
11/24/2023,11/29/2023,1700.2525273509448,5,0.1,105.16430128510578
04/16/2022,04/17/2022,3204.2291521601296,11,0.3,-34.8514939020387
05/14/2021,05/20/2021,1297.7799937254429,8,0.5,31.688322061881404
05/17/2020,05/22/2020,1887.1799704044013,5,0.15,350.85705366728445
02/19/2020,02/25/2020,3654.9272639024434,7,0.15,1125.0131026108284
08/30/2022,09/02/2022,2390.660005256828,6,0.2,498.2802254155134
09/10/2020,09/13/2020,11753.52970577192,14,0.0,2211.9177377730884
12/10/2021,12/13/2021,9011.377769237259,10,0.0,1337.7290104952208
07/16/2021,07/19/2021,4939.864954272802,13,0.2,1258.9738429344368
01/26/2022,01/28/2022,494.70100109032586,2,0.0,117.6830513750938
12/20/2023,12/23/2023,2837.2214857941476,3,0.0,839.9334580872616
06/30/2021,07/07/2021,8114.570822824548,11,0.0,2187.226428506724
08/18/2023,08/21/2023,7080.983967126752,11,0.0,936.3673959605359
07/10/2022,07/17/2022,1495.9191925754724,4,0.5,-198.78145951222677
08/03/2021,08/05/2021,362.193349435053,5,0.15,50.02087801527476
10/04/2023,10/07/2023,623.2955213264959,9,0.1,98.77058042467715
02/18/2020,02/23/2020,484.76833816553255,6,0.5,25.275546720072683
07/05/2022,07/10/2022,93.58587465967626,1,0.4,8.390921007813592
01/02/2023,01/06/2023,1151.4521792724581,3,0.1,392.27935206346655
12/04/2021,12/09/2021,696.4861741425442,7,0.4,109.647714501443
09/17/2020,09/18/2020,6847.843102591444,8,0.0,1704.9400774584674
12/21/2020,12/22/2020,4076.2117313312187,7,0.0,1019.0839355568482
07/07/2023,07/08/2023,1872.8963869337445,5,0.0,566.0618979528532
09/29/2021,10/01/2021,670.8736591656226,10,0.15,39.73395150157429
01/12/2022,01/17/2022,4284.8461295966445,8,0.1,1499.55547124414
08/11/2023,08/18/2023,959.0613167544686,9,0.15,173.24716713534042
10/06/2022,10/07/2022,4437.438884996552,7,0.15,1322.2301528643784
07/19/2022,07/23/2022,8852.035673540217,11,0.0,3454.1254023639576
10/02/2021,10/04/2021,4936.828458422185,9,0.0,1355.1239751374658
03/02/2022,03/06/2022,142.296147494504,1,0.1,11.52664169218808
08/29/2023,09/03/2023,11045.917351042852,14,0.0,3004.5308591164403
09/03/2021,09/06/2021,2407.833761955566,9,0.15,491.90293538459036
03/19/2022,03/23/2022,622.151850579998,3,0.1,178.40698368156836
04/20/2023,04/23/2023,2569.5958028845016,6,0.1,165.65870675811715
11/16/2021,11/18/2021,7387.358231752709,8,0.0,1772.1874231077104
10/19/2023,10/23/2023,776.218875842135,3,0.15,234.28697967208066
07/06/2020,07/10/2020,2538.2636046961034,4,0.3,627.9403315988363
09/11/2022,09/17/2022,220.90871478350357,7,0.5,-20.45287673856734
07/01/2021,07/03/2021,778.5831309292457,12,0.3,164.42095031778518
12/25/2021,12/27/2021,4419.925113768536,7,0.1,414.9212147646379
07/14/2022,07/15/2022,794.7469393347752,4,0.0,280.03093612932645
12/02/2023,12/07/2023,2474.4267441896422,9,0.15,267.69169592897526
05/25/2022,05/29/2022,1131.0721591320312,13,0.4,212.5144105751529
09/09/2021,09/13/2021,1016.7773593236685,3,0.0,313.8273408720492
02/17/2021,02/24/2021,3451.8647274424643,12,0.0,758.4892149299446
09/27/2023,09/29/2023,5911.79410079275,8,0.0,1089.4963523486329
05/28/2023,05/30/2023,4512.020187565782,8,0.2,318.4189418513274
06/21/2022,06/26/2022,12419.912760633064,13,0.0,3778.605668896274
06/11/2020,06/13/2020,2908.709873285242,4,0.0,1072.5498274071626
05/28/2023,05/31/2023,3419.560919906738,7,0.3,603.4929708318522
09/26/2020,09/29/2020,2510.142660619291,4,0.1,754.1408887207585
09/23/2021,09/29/2021,11493.791154192028,13,0.0,3843.6976663593277
06/24/2022,06/27/2022,3639.292386561535,12,0.0,1432.950633057874
11/24/2023,11/27/2023,307.0911881018662,1,0.0,100.52368340874979
04/20/2023,04/25/2023,743.8016716078874,1,0.0,121.29066419814055
07/23/2020,07/27/2020,3309.853200900766,14,0.0,1117.007734523764
08/04/2021,08/07/2021,821.6098236958412,1,0.1,120.46509645375842
04/20/2022,04/26/2022,863.0942525376275,2,0.2,257.84074144262155
06/05/2023,06/07/2023,1566.3307619407076,6,0.15,216.1564426616173
08/18/2021,08/21/2021,9340.067164716991,12,0.0,1754.4207199785621
09/06/2020,09/12/2020,2872.776812188888,10,0.1,349.8030814919187
05/24/2022,05/29/2022,7420.070611038878,11,0.3,1094.864034451097
07/14/2020,07/21/2020,4915.796588138674,5,0.0,652.652254908333
11/20/2021,11/27/2021,7371.411075011875,11,0.0,2845.865669369221
12/29/2022,01/05/2023,220.49559153490853,2,0.1,30.493174028838027
09/30/2021,10/02/2021,1839.921977750925,8,0.15,209.0522723909944
11/23/2023,11/29/2023,4682.365133345053,9,0.0,532.9459974449263
11/02/2021,11/05/2021,4776.42466334321,7,0.2,352.5252419957456
05/11/2023,05/15/2023,1968.9838461206052,12,0.15,296.71367110837457
03/17/2023,03/19/2023,952.2191651598612,14,0.4,10.361969985131129
08/01/2022,08/03/2022,1004.7925002857426,12,0.0,182.77776087488928
07/17/2020,07/24/2020,3685.6647845024145,9,0.2,45.05043849282296
12/20/2023,12/24/2023,3543.415839595035,4,0.0,673.8670240559434
05/06/2021,05/13/2021,607.647107544205,13,0.1,172.2675183815359
06/14/2022,06/16/2022,1387.2494075176753,7,0.1,251.976771721551
05/21/2020,05/24/2020,3481.6222284055334,5,0.0,651.8731969421614
08/29/2023,09/05/2023,2896.616802772974,5,0.3,120.02896499915406
06/13/2020,06/20/2020,2427.976602018534,3,0.0,646.6460991039692
11/09/2020,11/16/2020,6376.460751651734,9,0.1,897.0902561170616
01/21/2020,01/23/2020,1800.5234364676855,13,0.0,520.7819510707945
01/10/2023,01/13/2023,3226.121650888715,10,0.2,957.630188789448
02/28/2023,03/04/2023,4924.486081017146,5,0.0,553.2803873832271
09/10/2022,09/11/2022,4153.79452266327,6,0.3,2.579617343146716
10/31/2020,11/04/2020,1273.4465478727566,3,0.3,4.752838180243507
01/05/2021,01/08/2021,4985.22172871746,10,0.3,419.36231252991854
05/02/2022,05/07/2022,6662.396708257193,7,0.0,749.0240380791156
01/18/2021,01/25/2021,3484.028657110307,9,0.15,586.2103748007945
03/20/2021,03/24/2021,1309.483703744598,9,0.0,495.8719201863423
02/28/2021,03/05/2021,6588.1419902569905,14,0.3,-306.5513420242156
06/09/2020,06/14/2020,9989.21333125579,13,0.2,1093.635659153879
04/16/2023,04/19/2023,6302.106296348683,10,0.1,1753.675344439338
09/20/2021,09/23/2021,9019.224656439203,14,0.2,418.0261820084998
06/13/2022,06/20/2022,4285.213159309089,10,0.0,528.2283734057964
05/04/2021,05/05/2021,474.7433517153115,5,0.1,113.57454267680957
10/13/2022,10/19/2022,1240.3528598035118,7,0.0,127.73807752951163
11/22/2020,11/24/2020,6388.383827417296,13,0.5,578.3477176141162
08/20/2021,08/24/2021,4185.320780124495,12,0.3,-125.32597339360413
10/11/2022,10/14/2022,210.24368904458285,12,0.2,33.072652160033066
10/15/2020,10/19/2020,7455.346141806123,13,0.4,909.8378664864139
08/15/2021,08/21/2021,1508.4063385540273,3,0.0,260.35590668287693
07/26/2021,08/01/2021,3016.4605715121093,6,0.4,-207.94861234883575
10/09/2023,10/16/2023,6635.682727398294,12,0.0,1013.1813600382849
01/28/2020,02/02/2020,708.3856693632863,8,0.2,181.6336782596957
08/11/2022,08/18/2022,6441.904417630522,13,0.2,1363.9707536009196
02/12/2020,02/14/2020,7979.410188451306,8,0.0,1272.1526965109144
02/26/2021,02/27/2021,88.78080963896728,2,0.0,27.95141621447443
06/25/2020,06/29/2020,5060.257533239362,6,0.0,1581.762883520576
06/12/2021,06/14/2021,850.9409569299006,7,0.5,127.06040138109447
08/23/2022,08/24/2022,4799.130725820765,12,0.0,1043.6516355970982
07/16/2020,07/20/2020,2387.5892249275485,7,0.1,738.8539263732437
09/01/2021,09/03/2021,2159.5421335834285,3,0.2,289.23353717653487
04/21/2022,04/24/2022,7132.178577209276,14,0.0,2634.11372802639
05/02/2022,05/06/2022,6337.835615525165,14,0.0,807.9482332292771
01/22/2020,01/24/2020,6271.813161775325,9,0.15,486.6537473578699
02/09/2023,02/15/2023,116.83612592379654,2,0.0,41.47522509020168
12/16/2022,12/17/2022,841.2074171095896,11,0.2,206.76045284332477
12/25/2022,12/27/2022,94.41590492257922,3,0.0,18.09293284789158
04/21/2022,04/24/2022,7602.133824642227,11,0.0,2121.295586695801
04/07/2020,04/14/2020,954.6479562751009,2,0.1,157.33545008528242
03/13/2023,03/17/2023,9649.880950705598,11,0.0,994.8564528223077
03/10/2021,03/14/2021,2719.1568992915495,9,0.4,-250.62132517266
09/28/2021,10/02/2021,642.8838556962478,4,0.3,-21.680030353754187
01/14/2023,01/17/2023,1614.1917987467439,2,0.0,449.10309968752216
08/10/2021,08/11/2021,904.1418470708899,3,0.0,166.15262881285744
12/09/2020,12/13/2020,12172.327496298929,13,0.0,1742.8884985170278
08/10/2023,08/11/2023,1031.6785958948722,4,0.0,394.45130574319967
07/24/2021,07/26/2021,2218.1474239039576,14,0.1,191.63817785249614
09/02/2021,09/08/2021,3488.7352611690667,10,0.3,530.9663707839633
08/30/2020,09/05/2020,780.1295682770316,13,0.0,287.2811960464889
07/14/2021,07/15/2021,276.2856671867488,6,0.0,41.20770339406232
08/17/2022,08/18/2022,2505.271999014517,5,0.0,411.9140779749173
02/01/2020,02/07/2020,668.8674359605191,3,0.0,182.0282996727706
01/25/2021,01/29/2021,154.07289608983592,10,0.2,23.501448487036217
10/03/2020,10/08/2020,2182.2936646838866,8,0.1,450.2251325334479
06/15/2021,06/20/2021,3860.749442465008,8,0.0,1028.5168869148677
03/23/2023,03/26/2023,2802.4207011207322,7,0.0,1078.8503488353267
01/17/2021,01/24/2021,259.40658869787393,3,0.4,-21.750876027141555
12/27/2022,01/02/2023,8174.29311375121,14,0.0,2682.2680431985077
06/02/2022,06/08/2022,499.2607628653125,1,0.3,9.86136200329547
08/01/2020,08/04/2020,3393.918852708312,5,0.0,719.8613921610811
01/10/2021,01/15/2021,279.8770114493078,1,0.3,-6.496690779140956
01/13/2022,01/15/2022,701.8569103651339,6,0.2,93.82986821223088
07/31/2020,08/04/2020,5549.410963313971,11,0.0,1893.824036976514
03/19/2020,03/23/2020,4368.484443199788,7,0.3,-89.02053232074108
09/19/2021,09/21/2021,4835.16332860857,12,0.15,520.6556066194223
08/26/2021,08/28/2021,1018.6211962208587,5,0.0,215.86468880912253
02/20/2022,02/25/2022,408.4910802511723,4,0.0,53.58167733706932
11/05/2023,11/08/2023,1605.6285319204142,2,0.15,407.33999943646546
09/27/2022,09/29/2022,3168.7120878496194,5,0.15,827.3003704392081
11/10/2021,11/13/2021,2302.828581409038,9,0.2,577.4768675833666
02/27/2020,03/05/2020,967.6764228579927,4,0.2,169.5067772362008
11/15/2022,11/16/2022,10665.568992078923,14,0.15,1889.6364165869059
05/30/2022,06/03/2022,297.2680839384874,2,0.2,23.41453871958009
03/22/2021,03/27/2021,6314.336926091755,13,0.1,1556.7832898903641
03/06/2020,03/10/2020,4298.21539456505,6,0.0,1003.0704248283519
07/01/2023,07/06/2023,1931.646952540957,8,0.4,369.3944906653193
12/03/2022,12/04/2022,99.00663823531534,2,0.0,38.657522984671424
01/25/2023,01/29/2023,2119.3310302409373,9,0.0,787.4619004023833
10/08/2022,10/09/2022,5055.62431398052,7,0.2,546.1426204036633
08/14/2020,08/19/2020,7390.4288803962245,14,0.0,1554.8851664113072
02/12/2022,02/14/2022,10624.728842300172,13,0.0,3780.299231951202
11/09/2021,11/16/2021,1120.2573747254223,2,0.0,357.0713728085307
12/30/2023,01/03/2024,8827.952798960936,11,0.15,2086.118438469235
08/23/2021,08/24/2021,2275.1068370031917,5,0.5,-150.4225486448246
01/13/2021,01/19/2021,2196.2662271563404,5,0.1,658.8899346592341
04/16/2023,04/20/2023,2048.0750966465116,7,0.1,458.41280819324703
12/21/2023,12/25/2023,7873.477293138005,13,0.0,1842.8635148695448
12/09/2021,12/13/2021,3390.694024263894,5,0.0,1219.3838898300953
11/02/2020,11/05/2020,5537.086955153878,11,0.0,1208.5408177050585
02/17/2022,02/18/2022,11536.84544437801,14,0.0,3416.9568515201477
05/18/2021,05/19/2021,1148.9714194022038,6,0.0,275.4906634224617
09/24/2020,09/28/2020,4774.947972449088,14,0.0,1326.5824529760307
01/08/2020,01/10/2020,6205.613344135097,9,0.0,696.0460520693279
05/22/2021,05/26/2021,610.1208641608362,3,0.2,84.40079455045215
04/20/2021,04/23/2021,935.4372241972748,3,0.3,109.39694398254467
08/13/2023,08/18/2023,4627.661813577647,8,0.4,221.27535371187528
06/12/2020,06/15/2020,5351.746310157521,10,0.15,1494.3312580297115
04/29/2021,05/01/2021,11394.799947536572,12,0.0,2203.0386302442057
12/31/2022,01/04/2023,3481.041548237233,6,0.2,923.2521408744745
07/20/2021,07/21/2021,8729.041223646014,12,0.0,1929.454972611804
06/23/2022,06/30/2022,5065.47811660308,10,0.15,1182.0699420137373
07/12/2021,07/18/2021,361.8876212797909,3,0.2,9.41516452483659
08/25/2020,08/29/2020,839.2274367638798,2,0.2,50.392439553385934
02/01/2023,02/03/2023,1690.907000239836,13,0.5,132.48223093904758
05/18/2023,05/19/2023,1597.8973260924279,2,0.2,5.909992096928367
07/07/2021,07/10/2021,466.29694519035417,2,0.15,147.14388145868267
04/07/2022,04/12/2022,1191.89492513417,5,0.0,187.352378441762
04/12/2021,04/17/2021,4519.0391297241895,12,0.4,770.0044815130124
07/15/2023,07/22/2023,2579.196625437169,5,0.0,657.1367652574135
01/20/2021,01/24/2021,18.68363047318141,1,0.4,1.2961322114918974
02/13/2022,02/16/2022,276.47569440509034,2,0.0,34.62568779075833
04/27/2022,05/04/2022,1625.865024818475,2,0.0,340.7254221195199
01/21/2021,01/27/2021,1368.794099669038,4,0.3,-4.290268515441115
05/26/2022,06/01/2022,1081.8854387234896,7,0.0,278.8878315269057
09/15/2020,09/22/2020,988.2392881354901,3,0.3,113.86457867087908
10/09/2020,10/11/2020,1303.0879612578983,5,0.0,407.73633367756906
02/09/2020,02/14/2020,1781.437708059396,11,0.3,380.3074632038215
04/30/2021,05/03/2021,7329.832381156999,9,0.15,1212.7496827786133
07/17/2022,07/21/2022,1565.7181967539452,5,0.15,148.75592826978087
08/07/2020,08/08/2020,503.70114263054165,9,0.0,100.7762423682523
02/26/2023,03/02/2023,970.6234059109297,1,0.0,343.72390039526607
10/11/2022,10/15/2022,5020.414427853948,9,0.3,-31.332177896755393
10/20/2022,10/23/2022,3666.1684289792374,14,0.0,1056.5047722851054
09/04/2021,09/09/2021,2074.0145817916873,5,0.0,215.54355235085492
07/16/2022,07/19/2022,5872.933416174405,8,0.15,579.6632179267746
11/18/2021,11/19/2021,1819.1969206502076,5,0.0,504.68624731532714
09/04/2021,09/11/2021,8004.220022211461,14,0.0,1896.388718911473
09/16/2020,09/19/2020,6474.099611615598,12,0.0,1605.9965300905942
09/16/2022,09/18/2022,2443.68961885507,6,0.0,728.6315494808346
08/23/2022,08/27/2022,3601.3985436552416,8,0.3,73.38140282810855
12/31/2020,01/05/2021,957.1156598577348,2,0.0,176.34040771134713
06/27/2021,07/03/2021,46.527280135849665,3,0.5,2.574701607105624
10/10/2021,10/11/2021,8978.632042286039,11,0.0,2347.7993481867943
03/24/2022,03/30/2022,1098.2180243356388,9,0.0,114.62765642922214
11/05/2022,11/09/2022,2112.520642121024,5,0.1,530.4504234644425
02/26/2023,03/01/2023,2920.508915091111,5,0.0,835.3461914673318
07/28/2021,08/03/2021,5419.650101432888,9,0.15,263.29891612858455
02/06/2023,02/08/2023,2916.8199895454895,10,0.3,508.2729420608661
10/09/2022,10/12/2022,2214.5790064806783,3,0.0,568.3283797192029
10/31/2021,11/04/2021,1568.4097393595066,14,0.2,96.3382902796506
09/25/2020,10/01/2020,2627.644371152285,4,0.0,703.7013207600233
03/31/2023,04/07/2023,5796.5287681689215,7,0.0,1615.1305991098948
07/07/2023,07/08/2023,1781.0990662182523,2,0.0,669.7566894330223
07/12/2022,07/18/2022,2802.0999887728813,8,0.4,343.6588670741494
01/30/2023,02/06/2023,1598.8312304714348,5,0.0,304.70094920728087
09/03/2020,09/10/2020,120.2060626175431,1,0.3,-1.750213462011896
05/10/2020,05/16/2020,950.67854644141,3,0.1,290.86506536988657
12/18/2020,12/23/2020,4901.171664806058,9,0.0,1734.1340599775397
07/14/2020,07/20/2020,1021.8346087582246,5,0.0,155.9248129678785
07/18/2022,07/22/2022,5336.742637162507,8,0.3,-167.36368831522478
11/06/2023,11/13/2023,718.5312596673443,1,0.2,153.44910106349144
10/18/2022,10/19/2022,596.7867208348771,14,0.0,189.04684449141791
10/06/2021,10/10/2021,2775.076683215616,7,0.3,8.72241598474546
08/14/2020,08/16/2020,5539.909916409029,7,0.0,1664.5410437482426
12/01/2021,12/04/2021,1214.1025936064011,8,0.4,-19.817646804154826
09/21/2020,09/27/2020,1110.1802671445143,3,0.3,31.29055116261917
10/27/2023,11/01/2023,329.5455708682282,1,0.2,32.08303435403399
12/28/2023,12/29/2023,1575.2721721343964,11,0.3,167.166165789436
10/07/2021,10/12/2021,5010.579081300222,9,0.1,1459.7629540950984
07/29/2020,08/03/2020,844.6919656048483,1,0.15,147.47741016278107
11/01/2023,11/06/2023,3679.1804380037397,11,0.1,512.9248785291862
11/19/2023,11/25/2023,3341.1313090909334,6,0.0,1220.155392666452
07/31/2022,08/01/2022,2710.0666919228133,9,0.1,180.29257221334
10/19/2023,10/20/2023,12294.507828882606,14,0.0,4169.405029624442
04/01/2021,04/08/2021,1731.9133468389125,2,0.0,580.7357053524406
12/25/2021,12/30/2021,747.9426162739622,4,0.0,131.68580098782334
06/03/2023,06/10/2023,1801.8987709913602,2,0.0,287.38223080217585
09/08/2022,09/15/2022,639.9744957820258,4,0.0,231.93326481922253
02/28/2023,03/03/2023,146.27978404071325,2,0.3,17.21148243653183
08/10/2021,08/16/2021,7876.863234534199,12,0.0,896.4138748427883
04/20/2021,04/26/2021,313.63605184895687,1,0.2,83.81915799702767
09/12/2022,09/16/2022,5889.765062799772,11,0.0,1205.6454822898047
07/24/2023,07/31/2023,1968.1352223542663,3,0.0,398.8366317692864
06/04/2020,06/10/2020,498.47092332044025,8,0.0,146.04519193113907
05/26/2023,05/31/2023,1500.1181969004174,5,0.0,447.6251934204962
07/08/2020,07/10/2020,1585.4106454140067,4,0.15,207.68060788267533
12/11/2023,12/16/2023,1164.1665267584585,5,0.15,79.14432272317765
09/07/2022,09/08/2022,350.8900226559944,6,0.0,93.22478719990096
06/29/2021,07/05/2021,574.8588449924571,6,0.0,165.30281625481302
02/10/2020,02/16/2020,2813.0563652316864,5,0.3,585.3033816015562
11/02/2020,11/06/2020,10947.274699449561,12,0.0,2685.7167550699314
07/31/2022,08/07/2022,1767.820663467588,11,0.0,519.2245278809733
12/03/2020,12/05/2020,2619.047244729423,12,0.15,108.22596829227325
08/30/2023,09/05/2023,3934.3614641025533,6,0.0,1449.2490746087685
01/03/2023,01/07/2023,4296.280762491852,9,0.5,-222.69881333485318
08/10/2022,08/14/2022,1303.0237011782383,5,0.15,279.715325350532
10/05/2020,10/07/2020,11136.599369657335,13,0.0,4174.169942922719
04/14/2023,04/19/2023,3065.786388035236,6,0.0,1052.048313860576
06/14/2022,06/19/2022,3445.1749896839015,4,0.1,831.3591636665021
09/29/2020,10/04/2020,1883.648985450822,13,0.0,585.969949994924
04/16/2022,04/19/2022,1753.084213606632,3,0.4,309.0188449476723
09/11/2021,09/18/2021,4934.585699140903,13,0.15,1325.5676604151922
05/11/2022,05/18/2022,11440.90807826399,12,0.0,3237.2932435170137
07/19/2022,07/24/2022,2506.157900357422,6,0.1,620.551792364092
10/15/2020,10/17/2020,5882.594440573096,11,0.0,848.1555680371806
12/24/2021,12/27/2021,8873.999856475026,11,0.0,2139.080362488552
06/11/2022,06/18/2022,3082.959416861,5,0.15,355.4630451353358
09/28/2020,10/03/2020,2119.584776524583,4,0.15,327.6691336506209
12/25/2022,12/28/2022,1902.646005091472,5,0.1,473.13871074685693
04/27/2021,04/29/2021,5561.597886079268,7,0.0,805.0153106725074
07/24/2022,07/29/2022,806.4341424629631,1,0.15,24.364624667964087
09/04/2020,09/05/2020,275.979031630352,14,0.0,60.460746893422424
06/04/2020,06/10/2020,503.17164866491436,1,0.15,61.213495025102155
12/06/2022,12/08/2022,8586.479084916795,11,0.1,1512.3332804229995
03/29/2021,04/02/2021,7255.224602291723,13,0.15,2208.245694546225
07/19/2020,07/23/2020,561.9746756785024,1,0.3,91.11027375336606
05/03/2020,05/05/2020,1254.5546899346937,2,0.3,60.51674793335858
01/01/2020,01/05/2020,3390.486775625373,9,0.5,-326.2202735608357
08/25/2022,09/01/2022,4679.00697778227,13,0.5,166.30822966318422
05/04/2022,05/06/2022,3860.393729801117,5,0.2,761.5509714580226
10/01/2021,10/02/2021,6055.334679188598,14,0.5,-29.751039079973797
07/09/2020,07/11/2020,5148.51177258776,9,0.3,71.19481723673692
05/30/2021,06/04/2021,993.6089994184367,13,0.2,8.51182924437522
03/17/2021,03/22/2021,1233.1979215401184,5,0.0,221.60345813947345
05/22/2020,05/25/2020,7856.638497145741,14,0.0,1863.2108530593541
04/29/2023,05/03/2023,3491.076069232821,7,0.3,650.6677559965857
06/16/2021,06/22/2021,4342.55842114461,14,0.0,1546.498605825278
08/14/2020,08/18/2020,1003.4693534982281,14,0.3,74.13668501291386
08/29/2023,09/05/2023,1907.9291696825717,6,0.0,646.4774089532568
08/06/2022,08/08/2022,1546.637777549428,2,0.0,615.5708787568241
08/18/2023,08/24/2023,2108.7048457151027,3,0.2,453.33593098218375
04/04/2021,04/10/2021,2741.323835582698,5,0.4,325.06538401515263
11/25/2023,11/29/2023,1540.312049410825,4,0.0,574.3222147559342
07/04/2021,07/10/2021,3712.369253293626,14,0.3,190.9762969903311
01/27/2021,02/02/2021,3631.235487106244,11,0.2,12.20682627517907
04/24/2022,04/29/2022,2292.3082483634,6,0.0,907.9676670791629
05/15/2023,05/16/2023,5356.277131457101,8,0.0,1323.7525975874194
07/28/2020,07/30/2020,2917.9202360853824,8,0.0,979.555388046702
02/12/2023,02/16/2023,90.4214917443101,3,0.0,31.082147381930227
10/07/2021,10/12/2021,1778.5374187239722,4,0.0,389.95322729849096
06/28/2023,07/05/2023,231.91054551680188,1,0.0,60.849132813354466
08/06/2020,08/13/2020,77.03813281354752,2,0.0,20.182038482828638
02/10/2021,02/13/2021,4332.82415037024,13,0.3,69.60596555696614
10/09/2023,10/15/2023,1732.5496102111124,9,0.1,147.7720672298183
06/06/2022,06/12/2022,4673.786846251634,12,0.15,879.0069978045484
07/11/2021,07/15/2021,2849.7248674418365,10,0.0,387.6850291081791
07/03/2021,07/04/2021,4253.702471043402,10,0.3,228.9624144122706
05/21/2020,05/22/2020,1387.3560582073076,2,0.3,8.081348334671333
09/03/2021,09/07/2021,5959.003696249122,12,0.1,1561.7048954709924
05/15/2021,05/19/2021,2341.537047805832,6,0.4,378.3986061648896
04/19/2022,04/24/2022,9016.813401702153,14,0.3,1112.4437896612756
12/02/2021,12/09/2021,2129.4583158679084,7,0.2,262.02290831492184
08/18/2021,08/22/2021,839.4382333810905,6,0.2,250.98598131699183
10/07/2020,10/14/2020,2319.754480809982,8,0.0,246.7354440376775
02/27/2021,03/02/2021,3678.902921766634,9,0.0,703.7826833440944
05/05/2022,05/12/2022,5188.540035546239,8,0.0,952.6260463568791
09/26/2020,10/01/2020,72.71074567711909,5,0.0,15.041023336011156
06/02/2020,06/08/2020,6838.795060954516,8,0.0,1156.978610809026
09/05/2021,09/11/2021,597.3312332353249,10,0.3,17.48917195419434
10/23/2021,10/30/2021,9016.48597429365,10,0.0,1598.6512116691965
03/23/2020,03/29/2020,4274.730791967824,9,0.5,7.366281186612215
08/04/2022,08/10/2022,12476.54225375476,14,0.1,2087.5324189298944
06/17/2022,06/19/2022,6491.320660502471,8,0.0,1894.063706209076
12/20/2023,12/23/2023,300.87394136150215,2,0.0,76.51836545924583
07/22/2023,07/27/2023,1418.2107455858688,2,0.0,219.8603271603919
10/10/2020,10/15/2020,1267.7284662125685,12,0.5,117.91585368046556
09/06/2022,09/12/2022,1886.1287701716599,3,0.3,172.87984610952847
06/21/2020,06/22/2020,2264.079064791539,7,0.0,330.48638800630357
09/12/2023,09/17/2023,1801.05129344317,9,0.4,-89.93738225743897
12/22/2022,12/25/2022,5878.251282916595,8,0.2,1405.434174402577
01/01/2023,01/05/2023,207.8888406828076,9,0.0,64.6322154910975
02/01/2022,02/04/2022,1030.3350988405439,6,0.15,182.32643588467948
10/30/2023,11/05/2023,363.5560023131475,1,0.15,42.47223107808787
09/24/2021,09/30/2021,9852.000922919275,14,0.0,2346.3191517567648
02/25/2022,02/27/2022,6250.468842089165,12,0.2,1193.4961552152129
07/31/2022,08/07/2022,2690.87102566191,4,0.0,978.8976959705727
10/08/2022,10/13/2022,11455.883505645246,13,0.0,3055.975611562207
02/01/2021,02/08/2021,778.9206490219442,6,0.0,142.55851552592898
02/17/2023,02/24/2023,3161.6404755394965,12,0.5,-433.7075980661223
07/22/2022,07/27/2022,3495.4699786150263,6,0.2,183.98936416595626
11/06/2021,11/11/2021,5118.058067959383,8,0.0,1510.0998519073842
07/24/2022,07/30/2022,453.8309787398748,1,0.0,67.22647757794678
04/09/2021,04/14/2021,350.26472017475027,13,0.0,85.62636706793457
10/12/2020,10/13/2020,614.660138324371,11,0.2,128.88593594856843
09/21/2020,09/22/2020,255.5038271705965,2,0.0,49.176175298392025
11/15/2020,11/19/2020,489.71366542981383,2,0.3,73.81540608597027
11/03/2021,11/08/2021,986.5199614957082,13,0.4,73.3197602153406
10/31/2023,11/02/2023,2202.2895986531094,6,0.15,345.05854885547484
03/30/2022,04/03/2022,2615.9779895161305,14,0.0,965.7501261378393
03/29/2020,04/04/2020,10939.243497713218,14,0.0,3365.1045649142334
05/11/2023,05/16/2023,9600.500145996028,11,0.0,1998.6235754277127
03/31/2022,04/01/2022,2354.7186456865397,7,0.15,627.0129740892576
09/27/2022,09/29/2022,877.5713610262198,2,0.15,216.26049342525909
11/29/2020,12/03/2020,4292.825756153995,5,0.1,1234.2096831679737
08/09/2020,08/11/2020,3240.916066770805,6,0.0,947.276969736211
02/10/2020,02/15/2020,2786.3429543179736,4,0.3,177.79984503999864
03/08/2020,03/11/2020,150.70968375513408,1,0.0,30.83121573067945
09/14/2022,09/16/2022,2590.812469172194,3,0.0,767.5162975715376
05/28/2021,05/30/2021,5624.986893637841,14,0.2,220.89324875727246
02/24/2023,03/02/2023,324.86970137171477,10,0.0,112.39656919622823
07/02/2023,07/03/2023,7002.0051265796765,9,0.2,777.9270771925084
11/25/2021,11/30/2021,8785.11652878791,13,0.3,1222.111588478665
11/05/2022,11/07/2022,1986.1344720833974,6,0.15,347.01577536873236
04/21/2021,04/26/2021,1909.2013007500916,2,0.0,488.36977430124455
12/21/2022,12/22/2022,1346.3959123454424,9,0.0,432.7341287939363
05/30/2022,06/05/2022,2733.2361588379017,4,0.0,787.174790990473
03/07/2021,03/12/2021,2200.1066672085185,11,0.0,385.222608957339
09/24/2020,10/01/2020,1652.1749658146161,13,0.5,-211.03597715842076
11/24/2022,11/25/2022,5314.499627247939,8,0.15,1472.4895820253564
02/17/2022,02/18/2022,3835.84503719642,10,0.0,1401.8794672440715
05/08/2021,05/12/2021,71.63615676140685,7,0.4,-3.6284458505087964
10/22/2021,10/28/2021,4032.92198355493,12,0.2,374.4290599757648
09/10/2023,09/16/2023,2593.674901692929,11,0.0,479.05879507945286
08/20/2023,08/27/2023,2059.489843268125,3,0.0,785.1487211560137
07/23/2023,07/28/2023,1620.0336780501223,8,0.0,261.5272443742066
10/09/2022,10/12/2022,1687.661986304222,4,0.5,-168.83071857267856
05/09/2023,05/16/2023,493.9597475767487,2,0.1,51.64426461884017
09/09/2023,09/13/2023,3073.054412891413,11,0.3,519.2255870839405
11/24/2022,11/30/2022,1525.2824609456352,5,0.0,558.8725741148106
09/03/2022,09/04/2022,453.23888003189046,1,0.3,30.824877389345648
04/26/2021,05/02/2021,1431.9747755837254,13,0.0,201.6563747133131
12/28/2021,01/04/2022,1933.2735158850467,8,0.5,49.71722019549314
04/24/2021,04/27/2021,2865.3262433284235,14,0.4,-106.07298068522
12/24/2022,12/26/2022,7082.372669243453,8,0.0,844.54060417793
10/28/2022,10/30/2022,198.4271343327563,3,0.2,52.755705830461025
08/17/2023,08/23/2023,665.118491426821,1,0.2,173.76379079617865
12/08/2020,12/14/2020,422.40881223506415,4,0.4,81.42903426946886
12/25/2023,12/29/2023,879.2269499759003,9,0.0,212.9500214766481
12/18/2023,12/24/2023,1892.6966658760011,9,0.0,356.20619287252475
11/27/2020,11/30/2020,78.13851653418459,1,0.3,14.138002152590603
03/13/2021,03/19/2021,4626.812156736918,11,0.2,250.5348437985756
06/22/2020,06/27/2020,6918.329623706364,7,0.0,1196.7853970459719
07/12/2021,07/19/2021,184.73312930106826,6,0.3,4.933259029108019
06/10/2021,06/13/2021,6531.238921567734,14,0.0,2517.700010718099
10/20/2021,10/24/2021,2196.373904573986,7,0.2,480.88920416417676
01/26/2020,01/31/2020,2423.4724507275546,7,0.0,339.54893906133054
03/30/2022,04/04/2022,2708.3597946322184,8,0.0,346.27399248565547
08/27/2021,09/03/2021,7168.50103248158,8,0.0,2529.3658476815735
02/09/2021,02/11/2021,287.8638870632,10,0.0,98.07013024311875
08/19/2020,08/22/2020,9792.307016179846,14,0.1,2460.7908250239484
06/16/2021,06/23/2021,2577.998085477035,11,0.1,280.56403620563395
05/19/2021,05/24/2021,778.9251114187982,2,0.0,190.12398385446193
06/27/2020,07/01/2020,5111.380964641103,12,0.0,1435.3666738157967
05/11/2020,05/18/2020,2992.1705907168575,12,0.2,836.7343482945737
12/13/2020,12/15/2020,1231.4792786045264,12,0.0,185.740475467489
06/23/2021,06/28/2021,443.4751452281056,4,0.1,90.75011155835112
02/10/2022,02/17/2022,1037.5093636621807,4,0.15,75.03837483234562
11/30/2023,12/03/2023,6424.009506395349,13,0.4,212.98676433716355
03/16/2020,03/18/2020,1260.876111083932,11,0.2,75.70362255135583
08/01/2021,08/04/2021,7452.134348144714,10,0.0,2614.625024143675
05/03/2022,05/06/2022,2486.240669933956,12,0.3,65.68867457429393
07/12/2020,07/15/2020,5750.096857446318,13,0.5,-142.99677318670703
03/31/2023,04/07/2023,3472.3615251730757,8,0.0,772.0319990036093
12/12/2020,12/14/2020,1260.0425611508126,14,0.5,138.4641718687354
08/08/2022,08/15/2022,11536.03626563004,13,0.1,3199.3955238276594
10/16/2023,10/23/2023,2403.286262488962,13,0.0,281.8397407907069
01/15/2023,01/22/2023,1715.83086905984,3,0.0,206.1163058867439
07/09/2023,07/14/2023,5850.654855814763,12,0.15,1113.7258230160714
08/01/2020,08/07/2020,4928.109116658027,13,0.0,1125.1647230928165
07/26/2021,07/27/2021,12375.658186107315,13,0.0,2260.7266530653637
02/18/2022,02/23/2022,10145.22980145137,12,0.0,3426.919449211972
09/18/2020,09/20/2020,2494.5640956895786,3,0.0,345.7230139475882
12/30/2021,12/31/2021,12667.33540897738,13,0.0,4968.34522772552
10/09/2020,10/10/2020,832.5688406658367,2,0.1,47.648540864427986
11/04/2023,11/05/2023,106.21391786382898,1,0.0,14.388716328222038
12/27/2020,01/02/2021,3071.2054647811833,8,0.5,-173.84559675036016
03/16/2021,03/23/2021,5418.062351203802,14,0.0,1369.3866983663763
04/02/2020,04/06/2020,1785.975302569348,9,0.0,294.40168256782096
01/22/2022,01/24/2022,4395.733828092458,9,0.0,1410.4351331807763
05/16/2022,05/22/2022,10191.079258420408,11,0.0,2112.2292886482683
12/18/2023,12/24/2023,1437.147590595857,8,0.0,160.33034095568232
05/21/2020,05/25/2020,3825.9532218485,5,0.1,1198.7346178574464
08/07/2023,08/08/2023,339.218313759173,1,0.2,96.05295661182636
12/26/2023,01/02/2024,1308.9056480649951,9,0.0,373.78299053511665
01/18/2022,01/22/2022,5099.390885692619,6,0.0,1743.7923812258716
10/14/2021,10/18/2021,11639.089653354173,12,0.0,1586.7973824075214
12/01/2021,12/07/2021,1461.9542425156412,7,0.3,44.80317330389731
09/24/2022,09/26/2022,1987.2054255593484,8,0.2,193.89065229537312
02/18/2020,02/21/2020,5156.32680172394,13,0.0,2001.8198715457002
08/18/2023,08/25/2023,4079.9453040809954,5,0.0,1034.9466367083103
05/30/2022,06/03/2022,60.939074316314446,6,0.5,-9.005328523993484
04/28/2023,05/05/2023,2780.603834641908,12,0.0,595.204230548914
03/05/2023,03/09/2023,8293.437512044577,13,0.1,433.9556127900659
07/08/2021,07/09/2021,2881.0813918646954,7,0.0,493.6494473126002
02/07/2021,02/14/2021,2123.0538004522114,7,0.1,395.75850170559636
06/10/2022,06/11/2022,873.5600600129973,2,0.5,-46.28303193158579
05/14/2022,05/20/2022,6427.124066613438,14,0.5,-900.9525569181196
08/24/2021,08/25/2021,8346.855941375896,11,0.2,291.3112547345934
12/06/2020,12/13/2020,3357.900327933044,12,0.0,890.7366821684211
12/04/2021,12/09/2021,12787.424768212022,14,0.0,3947.2410917859793
11/13/2020,11/20/2020,739.595899180016,1,0.0,163.7204270574359
09/09/2021,09/13/2021,650.6904040147793,8,0.5,45.18688533098086
10/18/2023,10/19/2023,2456.669312100513,5,0.2,120.37646846156635
01/16/2021,01/18/2021,360.714711139213,10,0.0,49.27990032962969
08/20/2020,08/25/2020,1422.588748426313,2,0.0,500.51809818030017
09/29/2023,10/05/2023,1987.8259880459584,3,0.1,301.6804322897634
03/27/2022,03/30/2022,2374.335370527142,6,0.5,-48.25984660622069
07/06/2021,07/10/2021,1627.1982322308952,10,0.1,543.930844067112
05/05/2022,05/09/2022,3791.804649228334,6,0.0,861.6257939829283
03/29/2022,03/31/2022,1496.5449438350227,8,0.0,151.22142446333717
07/01/2020,07/04/2020,4735.91791277642,5,0.0,1806.239224336355
11/30/2022,12/03/2022,2034.7817572620784,5,0.4,-194.85967436987818
01/31/2021,02/06/2021,365.3040633340531,7,0.5,17.78515166089775
02/17/2022,02/23/2022,1170.9714462345876,10,0.4,-3.668334030075628
06/25/2022,06/30/2022,6934.9851703438835,13,0.2,978.6458763035587
09/18/2023,09/22/2023,6071.987769094959,14,0.1,1300.5320417922421
05/06/2020,05/07/2020,3325.2061029694637,5,0.1,573.7244677500034
01/01/2020,01/07/2020,2332.6453785848603,9,0.1,658.5306007514976
04/06/2023,04/08/2023,3174.4241350973093,6,0.2,886.3370668585744
01/19/2020,01/21/2020,1296.3339644509424,7,0.0,163.23905987497244
09/17/2023,09/19/2023,5592.386239419713,12,0.15,1482.4066163078255
08/06/2021,08/13/2021,7665.772765075891,8,0.0,1062.4863947778115
03/31/2021,04/06/2021,8215.220129584995,13,0.0,1019.370432492068
08/14/2022,08/20/2022,208.22788465453561,5,0.3,49.297834213253424
02/06/2023,02/08/2023,8306.545937417788,14,0.4,388.657755968385
07/15/2023,07/21/2023,1636.446896888532,11,0.1,156.74049945256502
03/20/2021,03/27/2021,2883.553646680536,4,0.0,781.4059383486486
06/17/2023,06/18/2023,3867.8741184495884,12,0.4,-81.3369770265158
08/17/2023,08/18/2023,1929.069317928069,8,0.2,268.7052835084949
08/24/2021,08/29/2021,2226.448566881184,12,0.0,639.8765939628711
04/12/2020,04/16/2020,1673.3280657055368,10,0.1,520.0384836810402
09/14/2022,09/15/2022,7738.341159564709,9,0.0,780.987589273391
06/27/2023,07/02/2023,874.1833890217891,1,0.0,143.5778015082399
06/03/2021,06/06/2021,988.0375394577762,3,0.3,-20.86620386856822
03/22/2023,03/26/2023,1351.0229795486896,12,0.0,174.45666577516516
05/08/2022,05/09/2022,3541.293811233288,4,0.0,1358.9120911103012
06/22/2020,06/29/2020,6397.902177073397,13,0.0,2436.4803311038727
09/28/2023,10/01/2023,3110.623590467712,7,0.0,1010.3069758207862
10/01/2022,10/06/2022,2479.700725159464,6,0.0,726.351240285387
03/06/2021,03/07/2021,3713.640321206136,10,0.0,1316.0812043561527
12/27/2021,12/28/2021,5307.453495725082,10,0.0,623.7458479204103
04/29/2022,05/05/2022,6693.453957801459,11,0.0,909.277192200485
09/09/2023,09/12/2023,471.76788153722634,1,0.0,92.05789576319918
09/16/2022,09/17/2022,3590.7267272819763,4,0.0,1255.8484643540953
09/30/2021,10/02/2021,1654.8715428454318,6,0.15,275.8170475600867
02/23/2021,03/02/2021,1572.8275931910666,3,0.1,316.2522646103584
08/16/2021,08/22/2021,613.9087619840908,2,0.0,103.61529302376499
04/29/2021,05/05/2021,1360.4697423982961,2,0.1,332.656951965843
02/15/2021,02/16/2021,555.4994416747664,10,0.5,64.63383001185801
07/24/2022,07/31/2022,1417.0464491571302,12,0.4,-1.6235583565460185
01/12/2023,01/18/2023,9638.272749932174,12,0.0,2754.1921661207834
02/10/2023,02/14/2023,612.3699816554987,4,0.2,60.98267431911549
11/27/2020,11/30/2020,8183.355475526305,13,0.0,2764.466232867775
11/02/2023,11/06/2023,970.541017385155,1,0.0,235.34447364576826
10/16/2021,10/21/2021,5276.617076283061,10,0.0,1065.0361194823884
02/10/2020,02/14/2020,391.04496375333713,2,0.0,88.38189306623936
08/16/2022,08/23/2022,3831.5643822578204,13,0.1,296.4414556119265
04/14/2020,04/16/2020,7014.399713362414,10,0.15,1997.9475664350196
07/20/2020,07/26/2020,573.0308863820384,2,0.2,164.70094799867897
03/25/2021,04/01/2021,2905.1049817580615,4,0.0,706.5919917491954
07/13/2023,07/19/2023,3118.3062490206803,4,0.0,518.8897846293239
06/28/2022,06/30/2022,506.1710187727125,1,0.0,151.54601350520534
07/28/2020,08/03/2020,5497.668753659075,7,0.0,1295.8799328081284
07/16/2021,07/20/2021,1133.068910343763,7,0.5,-84.198323248995
02/15/2023,02/20/2023,4167.984401993934,10,0.2,48.05662277596078
12/13/2021,12/14/2021,3793.3097473283046,11,0.5,443.48090866397894
11/01/2023,11/03/2023,1499.335534566361,10,0.15,395.8550260534125
02/09/2022,02/13/2022,2808.8574770836776,10,0.0,979.4537067727779
01/12/2023,01/19/2023,655.5162373597155,1,0.0,152.0482493744077
03/29/2021,04/02/2021,7246.871704943836,11,0.0,2362.3107264574855
10/28/2021,11/01/2021,3986.956959907593,8,0.0,1093.8917293209022
09/20/2021,09/21/2021,5583.406522500095,10,0.3,348.5865242150964
01/21/2021,01/24/2021,6821.280941788961,14,0.0,2406.7022575442747
10/05/2023,10/11/2023,12355.126598634342,14,0.0,4937.445444092557
10/22/2020,10/28/2020,4135.848620754065,7,0.2,1115.7886470627589
09/14/2020,09/21/2020,1575.5847818845086,7,0.3,288.10763842873706
01/09/2023,01/14/2023,4414.316152396809,11,0.0,1431.3525699479394
09/24/2020,10/01/2020,3422.150076451951,6,0.15,753.1284902641755
02/22/2021,02/25/2021,10746.097111623076,12,0.0,3826.5266663279185
08/22/2020,08/28/2020,672.9179233553051,4,0.1,133.18685896725032
08/27/2023,09/01/2023,5714.685936900163,11,0.0,883.026716564484
09/12/2022,09/19/2022,1020.7726168890637,8,0.0,337.2784997718669
10/12/2023,10/17/2023,487.32302640378083,2,0.15,146.61206437838243
05/21/2023,05/25/2023,4823.850819902169,7,0.0,976.3748419815445
07/27/2021,07/29/2021,208.69749334963223,3,0.2,49.02199548548472
02/18/2020,02/22/2020,6524.2029614855965,14,0.3,209.53659294855902
02/24/2023,02/25/2023,2705.409029207532,3,0.0,1035.5766900641731
08/10/2020,08/16/2020,10860.377786812754,14,0.2,2226.7933727458617
07/09/2022,07/14/2022,1414.1350377961403,7,0.1,312.21668778499134
07/26/2023,08/02/2023,9016.907724501565,12,0.0,3011.295947722857
12/02/2023,12/04/2023,2364.12219775711,3,0.15,635.8764136108526
08/10/2023,08/17/2023,426.936375399002,5,0.15,124.96896034402685
10/03/2020,10/09/2020,3023.1602813110553,8,0.1,968.4266481909305
02/04/2023,02/09/2023,7729.811621308932,14,0.4,-650.7941154208436
02/23/2021,02/28/2021,2465.887592285697,13,0.1,214.21728329316477
09/02/2021,09/06/2021,1868.8461538999268,4,0.5,182.80728544121908
12/23/2023,12/25/2023,3351.096947374474,7,0.1,1118.6480896789906
01/09/2021,01/11/2021,762.2590619852609,7,0.0,146.58360250359408
03/13/2020,03/19/2020,910.7570871759198,2,0.0,93.42595884765076
11/19/2022,11/24/2022,4661.980169173537,14,0.0,917.5315744488009
04/26/2023,04/28/2023,2083.5512564132896,8,0.1,343.4926782830365
10/19/2023,10/21/2023,4641.5169689574495,10,0.15,1175.742707115873
07/13/2020,07/20/2020,5865.081166132217,12,0.0,670.2344944819785
03/25/2023,03/31/2023,4871.47488023891,10,0.0,797.9089586199308
04/10/2023,04/14/2023,1361.644393089178,14,0.0,501.34463320585496
04/26/2022,05/03/2022,7238.654992951787,9,0.0,1060.0729582611177
11/30/2022,12/07/2022,2481.78710323141,6,0.15,627.3319868249142
12/22/2022,12/25/2022,9214.203828646381,14,0.2,998.7563443675609
01/23/2020,01/24/2020,2065.8717378386023,5,0.5,100.81054226305343
12/25/2020,12/28/2020,323.96397159956274,1,0.0,39.57347910958952
01/03/2023,01/05/2023,12.872556692582615,1,0.1,1.750247852778152
07/13/2021,07/18/2021,7388.279087536653,9,0.1,1310.9534946209928
11/02/2021,11/03/2021,6409.937067705174,14,0.4,1007.4099892697568
02/15/2023,02/16/2023,395.0100866678037,4,0.15,76.65121643641749
11/04/2023,11/09/2023,704.7097636630704,1,0.0,80.03218804521848
11/09/2021,11/10/2021,328.05339580410975,11,0.0,111.72185528884323
08/06/2023,08/11/2023,318.59256749217775,10,0.15,13.175856531869215
03/15/2021,03/16/2021,5093.4240691378955,12,0.2,1427.7375439302064
07/21/2022,07/28/2022,220.6618153823646,3,0.3,2.982296028298829
01/07/2020,01/13/2020,5788.158943560418,6,0.0,1426.074117754148
05/04/2023,05/10/2023,6264.250400686319,14,0.5,-803.8017338360438
02/24/2021,02/27/2021,7186.453020289466,11,0.0,1929.661204542023
04/12/2022,04/19/2022,474.96722734454596,13,0.5,-0.39488289934049337
05/01/2023,05/02/2023,3017.4408375838493,13,0.3,220.49816293377958
07/12/2021,07/16/2021,3534.353930117296,11,0.15,126.07703199043088
03/17/2023,03/22/2023,3110.854639810641,8,0.2,820.2729934879175
05/10/2023,05/17/2023,2303.77998846304,13,0.0,785.107439152237
07/02/2022,07/03/2022,5817.36526369224,10,0.0,1686.5065817101033
12/13/2023,12/19/2023,882.825882860262,2,0.0,239.83642017139982
12/21/2023,12/27/2023,7582.591950071439,8,0.0,2339.1077598778706
10/03/2022,10/08/2022,11804.099294344984,14,0.1,1100.1066982915008
05/05/2020,05/09/2020,7407.649805225444,13,0.0,2813.3755713938244
01/29/2021,01/30/2021,453.5340898414409,1,0.3,16.05600815734532
03/27/2022,03/28/2022,1610.6035340560552,11,0.0,478.2640192666422
05/30/2022,06/03/2022,392.85301096800873,2,0.15,81.33106415176292
07/29/2021,08/02/2021,6131.616101087255,8,0.15,1324.3321609876198
11/20/2020,11/24/2020,4915.219845667443,7,0.0,1787.594860196164
11/16/2023,11/22/2023,987.6794765512338,5,0.0,186.44757536222184
07/18/2022,07/23/2022,7468.606639162378,13,0.0,2424.9404872679675
05/12/2023,05/19/2023,7483.309103876436,10,0.2,1343.3835889362879
04/12/2022,04/16/2022,633.0949111805122,2,0.1,46.1007681000521
11/20/2022,11/25/2022,1745.6595458750498,9,0.0,391.4578762326415
11/12/2023,11/15/2023,3299.1175844900254,5,0.3,664.3943518691286
12/28/2023,12/29/2023,3733.2216535134257,8,0.0,726.5006755717176
04/16/2022,04/17/2022,4674.918844371334,13,0.15,793.236325927002
07/14/2022,07/16/2022,1099.5661111792908,4,0.0,271.14373416501013
10/31/2023,11/03/2023,9997.897750373937,14,0.2,1853.6398371141693
09/29/2023,10/06/2023,4574.667235791669,9,0.4,755.7595381318805
03/18/2021,03/22/2021,3271.683963539093,10,0.2,170.32962411324576
03/15/2020,03/19/2020,282.1500296867564,7,0.0,70.92830349388062
07/10/2021,07/17/2021,904.3698324021562,2,0.0,205.54533629291362
03/24/2023,03/30/2023,397.00381646993077,3,0.3,15.394230718522232
12/24/2023,12/27/2023,2118.294212263493,14,0.0,796.229624863757
12/28/2020,01/01/2021,798.3253515529386,2,0.0,81.7894922209818
03/23/2021,03/25/2021,432.34467188472365,5,0.2,15.83740695159978
06/11/2023,06/16/2023,1915.7797237246966,2,0.0,613.0559006690669
09/18/2020,09/19/2020,285.3189498173449,5,0.0,51.081359577974375
05/04/2020,05/07/2020,3177.376262772971,13,0.4,371.60615909996017
06/29/2022,06/30/2022,1539.6810751024013,9,0.0,538.3896477415582
09/01/2020,09/06/2020,1383.846416626937,2,0.0,244.0894804163803
06/25/2021,06/28/2021,633.7680100013962,9,0.2,36.49444480502521
04/29/2021,05/04/2021,2701.553840486085,7,0.3,-17.316447350852275
05/01/2020,05/05/2020,5427.593361749428,7,0.0,868.5592210311117
05/04/2020,05/11/2020,11311.654916711925,14,0.15,1189.4840490621193
06/18/2020,06/22/2020,2806.169149358874,5,0.2,731.3576801061474
05/03/2020,05/10/2020,867.9747204659014,8,0.0,287.30078165167737
11/24/2022,11/28/2022,683.4474095189973,7,0.0,68.72288903793103
01/15/2023,01/20/2023,4405.692408316111,6,0.0,1595.8992613232256
10/07/2021,10/12/2021,357.0817775254943,2,0.2,8.442730820536253
02/24/2022,03/01/2022,1901.6210452970483,6,0.3,278.7390143111577
07/19/2020,07/20/2020,13675.968464729835,14,0.0,1989.0660924736571
01/03/2021,01/08/2021,1150.3908225877715,2,0.3,-36.02708486508284
03/07/2022,03/11/2022,678.5019389817589,1,0.2,154.65176743489278
03/17/2020,03/19/2020,7759.4598511271815,9,0.0,1863.519126398523
02/28/2020,03/04/2020,6888.016248259783,13,0.15,1410.1061038296768
03/06/2021,03/08/2021,3732.4729231192678,5,0.0,849.5328799404937
09/29/2021,10/06/2021,2192.2278329276664,10,0.4,-175.04597531898207
04/18/2020,04/22/2020,8986.1558787641,10,0.1,2443.2050338443323
10/04/2022,10/09/2022,975.2082230575352,4,0.15,264.38415332393083
07/25/2023,07/26/2023,6059.89475855894,12,0.15,226.79860855193735
03/08/2020,03/09/2020,2863.486509226016,11,0.1,465.932662915618
12/28/2022,01/04/2023,677.3219043050456,8,0.3,79.37871424146402
04/03/2023,04/05/2023,2430.6173159547698,5,0.15,502.05622491068283
10/31/2020,11/06/2020,3022.4475469228187,14,0.4,221.98632691733752
11/04/2021,11/05/2021,3700.538571543369,7,0.1,954.3030138437628
12/30/2020,12/31/2020,1689.2750756950286,3,0.0,658.893061627129
03/31/2022,04/01/2022,2624.8039768902045,8,0.4,45.083518504484765
11/03/2023,11/07/2023,898.063153617236,8,0.15,172.4165136157743
12/08/2020,12/09/2020,1136.7363648474764,3,0.15,266.8188391210255
08/04/2022,08/07/2022,3662.4775500216174,9,0.5,101.55005203414603
06/17/2022,06/22/2022,4507.888848248653,14,0.0,973.8180813929864
10/09/2023,10/16/2023,3595.1455219131562,8,0.0,1032.6113094087866
12/10/2023,12/11/2023,498.89327441706536,1,0.0,147.19020848898109
02/06/2023,02/12/2023,5875.907196367625,8,0.15,1178.0638220546566
01/31/2022,02/06/2022,5535.967680883573,12,0.3,63.8474126347614
12/06/2020,12/07/2020,600.6028021891748,11,0.5,1.0777261401743279
07/30/2022,07/31/2022,3466.0771037878844,4,0.0,1266.1823773459273
01/17/2021,01/20/2021,4001.9775154908916,6,0.2,1042.8375557394606
09/30/2022,10/01/2022,6351.319974662742,14,0.4,795.4163059625537
10/26/2020,10/27/2020,5208.941691398924,13,0.15,1219.7187769474876
05/18/2020,05/23/2020,7599.699296509488,10,0.0,1109.4325362732527
12/24/2020,12/30/2020,3702.253011424921,9,0.15,602.8726566271046
04/15/2022,04/18/2022,1848.1432474597282,5,0.5,-215.70531294696605
11/09/2023,11/15/2023,3084.581721629838,7,0.5,293.60694417139484
07/27/2023,07/30/2023,9852.579670536163,13,0.15,1106.5724054681898
04/27/2021,05/03/2021,322.02295191190603,1,0.3,57.98337520219518
06/27/2022,06/28/2022,7746.743273026581,9,0.0,2667.7743917464704
02/08/2023,02/14/2023,1546.199293836904,14,0.0,568.6129800546656
05/15/2022,05/21/2022,332.4036699357397,6,0.5,25.312214888822822
05/18/2020,05/21/2020,6080.627051386858,11,0.0,1638.2346362950395
09/22/2022,09/29/2022,2621.304689086825,4,0.0,732.53794548291
03/10/2021,03/12/2021,968.783029311712,6,0.0,190.05070371633005
05/23/2021,05/26/2021,2148.5620996106986,5,0.1,221.51429755962064
09/29/2020,10/02/2020,263.71855490129775,3,0.15,16.92832121870762
01/27/2023,01/30/2023,4242.549434884441,7,0.0,655.9280794833346
04/13/2020,04/17/2020,1541.777573493575,3,0.4,277.8060650665546
05/22/2023,05/29/2023,5774.048172822761,13,0.4,-292.57115799164853
01/31/2022,02/04/2022,5383.1209166697,14,0.0,1707.1019450585588
02/25/2022,03/01/2022,12920.126162719756,13,0.0,2007.6398381315994
06/13/2020,06/16/2020,1066.0890027223606,2,0.2,311.92370954839646
09/25/2022,09/27/2022,9723.441806166846,14,0.15,1312.4250644757662
06/03/2021,06/06/2021,2692.0016536752614,4,0.0,602.0417499133481
07/31/2023,08/01/2023,6926.654897233788,7,0.0,1533.239122171132
05/31/2021,06/02/2021,4115.730847727976,5,0.0,1419.6709596970218
10/18/2021,10/22/2021,7339.205800030806,14,0.0,1214.5443055867981
09/04/2021,09/10/2021,3358.8969048829254,9,0.0,1173.2876144826635
06/12/2020,06/18/2020,5825.332887287509,10,0.15,1293.9092882816615
03/04/2020,03/11/2020,3328.189708026058,7,0.2,219.94025620319363
01/19/2023,01/24/2023,6077.348017125791,12,0.2,119.25132570639691
02/14/2023,02/21/2023,4894.143080692871,14,0.0,1627.2916233509059
09/23/2020,09/25/2020,3127.9761818269126,9,0.2,205.47335760399224
03/09/2023,03/13/2023,7875.218527984406,14,0.0,2888.0005238133176
09/02/2020,09/04/2020,7568.015111123622,9,0.0,1051.466593201677
01/29/2021,01/31/2021,7346.686354418632,12,0.2,1358.4711412855368
04/20/2021,04/26/2021,216.69783005619618,2,0.15,50.4148624372852
09/03/2022,09/06/2022,253.0987075191979,1,0.0,75.24896006892615
04/22/2023,04/23/2023,340.2572308425684,11,0.15,40.76585963432005
11/09/2022,11/14/2022,42.914309486245195,4,0.4,6.9803152827667665
07/11/2021,07/15/2021,835.6741725147816,4,0.1,234.7756349471857
10/14/2022,10/16/2022,8333.808480704058,13,0.2,1275.5885810137268
06/01/2022,06/06/2022,905.7001815926432,2,0.5,28.06575424833212
05/26/2020,05/28/2020,954.8416373750692,3,0.2,162.23844891016716
10/27/2021,11/02/2021,1532.429848729652,3,0.1,511.84623973869066
08/20/2023,08/21/2023,3544.960379679135,5,0.0,1307.8208604286672
09/11/2021,09/17/2021,953.4073322592093,1,0.0,162.69818474440143
03/30/2022,04/04/2022,7401.803610888105,9,0.1,953.5590619906183
05/13/2022,05/17/2022,426.3704342244232,8,0.2,125.53685309384583
08/04/2021,08/06/2021,2045.473478217504,8,0.0,349.7109403716831
10/19/2022,10/20/2022,87.97964777343797,3,0.5,11.969085372154595
11/25/2021,12/01/2021,1240.7539935583216,2,0.0,365.930750684263
06/05/2023,06/10/2023,570.7107066463301,1,0.2,8.57939800943366
01/30/2023,02/05/2023,3782.406938795356,12,0.0,759.1977605144325
12/11/2023,12/13/2023,5131.880334311294,6,0.0,1246.2577487567337
05/24/2023,05/26/2023,4170.390068457183,13,0.3,833.7771927593137
02/10/2021,02/14/2021,9983.976999460425,10,0.0,1982.5744624958352
02/02/2021,02/03/2021,10.39569566343168,1,0.0,2.0081728500958915
12/15/2021,12/18/2021,1491.7746228130757,14,0.1,486.4363439785189
12/04/2021,12/10/2021,3056.875574009271,11,0.1,225.32322668986134
01/30/2022,02/01/2022,141.0100878967041,5,0.2,23.33101648915755
05/13/2021,05/18/2021,3530.3222842239074,9,0.5,4.48979664407943
08/31/2022,09/06/2022,684.6847699183179,11,0.0,80.24534812521323
03/22/2020,03/26/2020,6087.067679383201,9,0.1,464.6122784064477
08/26/2021,08/30/2021,685.5726549282757,13,0.15,95.69924451006757
02/10/2022,02/12/2022,1561.199952039091,12,0.5,-171.34424604389022
06/21/2022,06/23/2022,2022.8737140046665,4,0.4,87.83635527304887
12/30/2020,01/01/2021,5328.872311253943,7,0.2,973.4073366229779
06/11/2020,06/18/2020,5296.80159834723,14,0.1,1363.4973989875646
12/07/2022,12/10/2022,10672.635321363683,11,0.0,2816.946250420536
05/25/2021,05/27/2021,4414.2848016467,7,0.0,944.2067115499082
09/14/2023,09/20/2023,1518.0363763509674,4,0.1,134.99531341690215
04/25/2020,05/01/2020,3219.093322112951,5,0.2,239.0035938377451
07/29/2022,08/05/2022,2827.208446677772,11,0.15,426.41796356063765
12/02/2020,12/09/2020,1966.595750975637,9,0.2,545.2078849422031
05/30/2022,05/31/2022,4619.875400993745,7,0.0,742.7843724854811
01/06/2022,01/11/2022,2220.861934751119,7,0.2,275.39414052819313
04/19/2022,04/21/2022,1445.5884667552978,10,0.0,462.1440181723347
05/26/2020,06/01/2020,534.062150559068,7,0.0,166.3929406813854
09/08/2023,09/15/2023,7109.677354373933,9,0.0,2770.483276182163
03/18/2021,03/24/2021,2377.030685695124,5,0.3,17.281937759216266
04/16/2022,04/22/2022,2506.081454163224,6,0.0,263.02799309451564
11/02/2022,11/09/2022,1884.2572535206264,3,0.3,87.98912007203633
07/31/2022,08/03/2022,416.7481849181736,1,0.0,60.3900558561668
10/13/2020,10/20/2020,7845.117684258027,11,0.0,2075.353047062429
12/20/2021,12/27/2021,6552.173681677582,12,0.4,1111.4695732683288
02/11/2023,02/16/2023,1516.1549474184462,2,0.1,388.84530269815724
04/24/2021,05/01/2021,4127.949828609466,8,0.0,580.9662425997045
01/22/2020,01/26/2020,8889.79037078945,13,0.0,1198.58383138366
10/04/2023,10/11/2023,251.71747137605718,1,0.4,43.656605547555294
11/13/2021,11/19/2021,6507.252005711729,10,0.0,1602.624667033628
06/24/2022,06/26/2022,1669.3545579602342,7,0.1,546.0490436706419
11/15/2020,11/21/2020,2201.9734631592887,5,0.0,706.5369081359718
05/05/2020,05/10/2020,2826.8536429356686,13,0.0,1125.1005786890835
10/03/2020,10/07/2020,286.8186189165152,6,0.0,103.64716326518358
05/12/2023,05/19/2023,4030.050274073406,8,0.15,601.5400445366054
07/12/2020,07/15/2020,2770.512166071327,4,0.2,630.2038262656542
11/26/2021,11/27/2021,211.9349512617576,6,0.0,51.15441072841173
08/02/2023,08/09/2023,2285.577765206433,14,0.2,159.81145523790394
02/26/2020,02/28/2020,3584.990706818411,11,0.3,79.97676047294327
08/19/2023,08/20/2023,1204.6281276128952,3,0.4,23.12481652136293
04/01/2023,04/04/2023,1256.618312132313,7,0.0,167.68298145058495
01/19/2020,01/24/2020,132.25576136183605,2,0.0,20.2787607419074
10/25/2023,10/30/2023,4400.40913661681,12,0.3,440.8444508826513
09/20/2020,09/23/2020,6564.180927413886,8,0.0,2534.9340123803204
03/04/2022,03/10/2022,583.4732828553665,13,0.0,159.46669221678619
04/22/2020,04/25/2020,1743.7912036916343,7,0.3,126.51035120662873
09/12/2023,09/19/2023,8002.555144384823,12,0.0,1382.9223224326593
06/25/2021,06/27/2021,1673.2150324973081,12,0.0,265.65700562592644
10/08/2021,10/12/2021,1948.6984729906337,8,0.0,579.7808791261493
08/01/2021,08/08/2021,756.1928042877647,2,0.3,154.6396100044295
12/24/2022,12/31/2022,2861.0981382017276,3,0.0,628.4595983839176
08/08/2023,08/15/2023,2473.5412133150753,12,0.3,284.946293040974
01/25/2020,01/26/2020,1675.017299828911,4,0.15,397.0092978989818
01/01/2020,01/02/2020,4384.0607878847595,12,0.1,295.87444280674083
06/29/2022,07/04/2022,8085.804347788013,9,0.0,1659.765896314442
05/20/2020,05/27/2020,974.0515846896537,12,0.0,310.65024608035634
10/09/2021,10/15/2021,5818.958377359038,12,0.15,1340.604845333088
07/06/2020,07/11/2020,4238.292510990223,5,0.0,491.6602293603493
02/25/2023,02/27/2023,3557.651044651077,6,0.4,-101.94253571245923
07/19/2020,07/22/2020,701.7382425465893,1,0.0,213.31941845611178
02/24/2023,02/25/2023,1390.0900352754936,4,0.1,182.69232253163094
09/13/2020,09/20/2020,5847.885526120463,14,0.0,2013.5620036840346
06/30/2021,07/02/2021,1146.1292721450761,4,0.2,10.144914839602631
07/12/2020,07/17/2020,6075.769688088839,10,0.0,954.5283820485454
12/03/2021,12/08/2021,5936.093704088547,8,0.0,1094.5794333358065
02/01/2023,02/02/2023,4599.128172537033,8,0.3,1046.701555484313
07/12/2023,07/17/2023,3801.844607277061,10,0.1,1098.3365093489472
03/12/2022,03/18/2022,3885.523653076824,6,0.1,1224.8861765922372
07/30/2022,08/04/2022,6236.010489544455,8,0.15,979.9500369055596
11/08/2023,11/12/2023,6635.639134844627,9,0.2,1637.4675611140353
07/07/2023,07/10/2023,3534.9435634374804,5,0.0,1258.6098388142268
02/17/2021,02/22/2021,640.5331708844108,1,0.0,140.9090008724945
10/13/2023,10/17/2023,375.34757033882966,1,0.3,93.21327298669908
01/03/2023,01/05/2023,382.7313830006146,2,0.0,136.01185964706258
10/10/2023,10/15/2023,211.82936972698286,2,0.2,61.90270408265196
06/28/2022,07/04/2022,2454.2694836074324,5,0.0,883.4121717753144
07/06/2020,07/08/2020,1174.9480025176933,7,0.0,391.0944752513561
08/06/2023,08/13/2023,4068.609484888498,7,0.0,1558.9005892383752
02/14/2020,02/19/2020,2337.2845307935413,4,0.1,411.2353343687749
03/23/2020,03/24/2020,5860.471829070486,13,0.15,1523.722851659989
02/20/2023,02/24/2023,184.24978154995003,4,0.0,30.19252561017959
12/23/2020,12/27/2020,940.1095090003237,14,0.0,300.6828921881183
12/25/2022,12/26/2022,1026.545291811233,14,0.4,139.2056853566553
07/24/2022,07/27/2022,1783.2028163230118,11,0.0,561.6327853328817
01/09/2021,01/16/2021,6929.886513421478,10,0.3,1420.2381044933145
06/10/2020,06/16/2020,631.8901200500842,3,0.4,15.165763534217357
11/04/2023,11/08/2023,1644.7950194768032,11,0.5,22.09032020071444
10/13/2023,10/15/2023,86.44155703062148,2,0.3,-4.0454455745357745
04/26/2023,05/02/2023,1916.9015603362218,3,0.0,275.6810168511086
11/17/2020,11/21/2020,2622.6755091198715,8,0.5,113.45216319238203
03/25/2021,04/01/2021,128.5859418780146,1,0.3,15.262528931268985
11/02/2022,11/05/2022,2576.1375514430274,4,0.3,23.699831904243823
07/02/2020,07/09/2020,5617.420277904232,7,0.0,972.0352492919469
04/20/2020,04/22/2020,595.0403090985824,5,0.5,-27.833212428430745
05/22/2021,05/29/2021,785.5859737717952,2,0.2,168.8416049676504
08/06/2023,08/12/2023,371.04555810948915,1,0.2,67.86979113714787
10/21/2020,10/23/2020,2130.2114393933853,6,0.0,257.481594779117
06/22/2022,06/23/2022,10652.958754065641,13,0.0,3493.9759984150905
05/23/2023,05/28/2023,768.1169649721066,13,0.5,-54.69156483500166
08/31/2022,09/01/2022,1895.2249384328165,5,0.1,476.70195546534063
09/23/2021,09/29/2021,1301.2524577311747,3,0.0,178.28310721568297
11/16/2022,11/21/2022,3650.095283973891,11,0.3,910.2475595802578
01/02/2022,01/03/2022,9490.101403064067,11,0.0,1177.726815124067
06/08/2023,06/13/2023,2485.837216494349,11,0.0,801.732737411276
11/16/2020,11/20/2020,1007.0454759943503,9,0.0,264.2478343907029
07/01/2022,07/08/2022,1864.891134578691,3,0.0,234.56928423946465
06/10/2023,06/12/2023,364.1922604565334,2,0.0,39.348474387438415
03/12/2021,03/17/2021,420.91382498036774,5,0.0,87.88668680279521
02/19/2022,02/23/2022,3891.444555288086,9,0.0,1325.6874412281088
11/27/2023,12/04/2023,1546.659772537005,8,0.15,57.76058469339537
12/12/2022,12/19/2022,1323.3760296454934,6,0.4,147.31768894425255
08/29/2023,09/01/2023,721.2077171138689,3,0.1,177.85911427222942
07/28/2023,07/29/2023,610.2605885770895,6,0.0,109.64021253273151
12/26/2021,12/29/2021,2823.7186544747974,5,0.0,348.016577510831
01/31/2020,02/06/2020,25.723763701363577,1,0.3,5.77746956212028
12/02/2020,12/06/2020,2416.778986286139,5,0.5,-144.75312040613036
07/01/2020,07/04/2020,4870.841031246632,14,0.0,649.8431077986064
11/12/2022,11/15/2022,4887.44154769434,7,0.0,1488.0066200427545
06/27/2021,07/04/2021,6213.783215238112,9,0.15,559.267635137729
01/02/2023,01/06/2023,2748.6119768079325,12,0.2,392.1973173832953
10/30/2022,11/06/2022,751.2513220189676,1,0.0,86.48530172521838
10/21/2021,10/23/2021,2126.9464495196794,3,0.15,686.7807666060295
06/08/2020,06/13/2020,1592.9859934303834,8,0.2,213.9162555950656
11/03/2022,11/09/2022,2977.709190381336,6,0.5,445.8613135069374
04/16/2023,04/22/2023,396.26334817769003,13,0.0,85.47498023034252
02/15/2021,02/16/2021,562.0761885829642,5,0.5,-25.655536637591112
10/08/2022,10/15/2022,10168.867133284897,13,0.0,3806.936060306557
02/22/2020,02/27/2020,1617.5177184415627,10,0.2,159.87505686448137
02/11/2021,02/12/2021,1262.2990764116598,2,0.1,226.71101483519564
04/26/2022,05/02/2022,2570.9253027992236,3,0.0,317.3373597282599
11/11/2022,11/16/2022,9788.14572506076,12,0.15,3050.365169798255
11/19/2022,11/22/2022,959.0100804925337,2,0.0,120.39927755199224
12/03/2021,12/05/2021,971.3980317522962,1,0.0,321.87806114120144
09/16/2020,09/19/2020,2922.5425160040327,7,0.0,764.4921680566293
05/13/2023,05/15/2023,2846.9291668982883,14,0.1,194.79128702086967
12/18/2022,12/25/2022,1556.3479036616343,3,0.0,156.43031512613274
02/14/2022,02/18/2022,2743.9650498471865,7,0.4,495.741440928025
11/01/2022,11/02/2022,5560.604194673332,12,0.0,1794.1401828974788
08/06/2023,08/07/2023,3999.119036689866,7,0.0,1223.4539783726934
04/29/2022,05/03/2022,3377.9607667993337,8,0.0,782.2241029962744
12/19/2020,12/24/2020,476.56290103293355,1,0.1,57.94248857807781
01/03/2023,01/07/2023,4765.34857613548,5,0.0,1448.470218153877
05/22/2022,05/29/2022,5048.328410109687,10,0.0,1426.103910990904
09/17/2022,09/23/2022,2345.830528330509,9,0.0,745.7457612399953
06/18/2023,06/22/2023,9133.909863569339,12,0.0,1915.7257541817582
10/14/2022,10/16/2022,3029.035796192858,11,0.2,896.8282196123165
03/23/2023,03/29/2023,4867.368339723402,7,0.15,219.53095086916773
01/24/2023,01/28/2023,66.27356909404631,1,0.0,8.211990096471656
10/20/2020,10/21/2020,2710.8495787008355,8,0.0,1016.7387094105483
07/27/2020,07/30/2020,217.1742492738694,3,0.3,31.34083516232584
09/28/2023,09/30/2023,1228.0403980438507,13,0.0,243.0294655000713
01/16/2023,01/23/2023,1588.333592593711,4,0.4,204.2371890482253
03/28/2022,03/30/2022,1565.9258133602855,4,0.0,369.29544202852765
01/24/2021,01/29/2021,8727.641525652614,10,0.0,928.0664397717015
11/20/2020,11/23/2020,5837.900168741692,14,0.2,1140.3234664725314
07/28/2022,07/30/2022,2540.074227268703,12,0.3,58.25299836082916
06/07/2022,06/11/2022,5789.439992660582,8,0.0,779.2617202642077
03/26/2023,03/28/2023,627.7766236698427,1,0.0,105.20403374083517
10/29/2021,10/31/2021,6412.789396967291,8,0.0,1557.3290031131462
09/24/2021,09/26/2021,3494.622925323717,9,0.4,-297.19346421120036
07/30/2021,08/04/2021,1341.3761143986726,9,0.15,388.9262579600459
05/16/2020,05/18/2020,3368.0346864519765,5,0.0,902.5504590576988
03/03/2021,03/05/2021,1590.5348225586088,4,0.0,298.8596704609278
09/03/2021,09/08/2021,1874.0463998199696,4,0.0,573.6483286478356
06/29/2022,07/05/2022,8301.140369819743,9,0.0,2832.9380525707556
03/29/2022,04/01/2022,2930.9152466781566,8,0.0,832.8998404082151
05/20/2020,05/27/2020,5234.6361882679075,10,0.15,448.86170166488546
01/11/2023,01/17/2023,3698.4691607811715,10,0.0,492.2164122889868
06/25/2020,06/26/2020,1245.362526050566,12,0.0,445.8023102593411
07/16/2020,07/21/2020,2730.991027335514,7,0.15,260.55354187490263
09/15/2021,09/20/2021,7213.090672980665,12,0.0,764.7659853212583
11/21/2021,11/23/2021,1240.2847773516683,3,0.0,363.24298715647126
12/15/2023,12/17/2023,1587.0380913256101,4,0.0,231.49426176242466
02/04/2021,02/11/2021,7399.572558799076,9,0.0,2939.7831813583134
04/15/2021,04/16/2021,386.0055415524399,14,0.3,81.41599913550574
08/05/2020,08/07/2020,3344.056447638542,13,0.15,694.0044671127093
07/17/2022,07/21/2022,6509.117541787516,8,0.0,2279.230598717909
09/23/2021,09/25/2021,11055.898165500625,12,0.0,2666.2482538294166
08/08/2022,08/10/2022,5018.1190797890395,12,0.0,1688.8272682253494
06/24/2022,06/28/2022,800.915670687704,1,0.1,195.39143965646565
06/23/2020,06/24/2020,558.7402164402124,3,0.1,32.7384858639364
01/23/2020,01/27/2020,3208.9791605419928,14,0.0,1234.2609911286493
08/22/2020,08/27/2020,10172.753553827464,12,0.0,3644.6521649807437
11/02/2022,11/06/2022,9042.25163927212,10,0.0,3490.510026072927
01/29/2023,02/01/2023,368.9243364528653,2,0.2,80.94560763362361
07/17/2022,07/22/2022,96.22332729649497,2,0.3,7.083795514517745
06/06/2021,06/08/2021,775.4829863409319,13,0.4,-29.394242909345973
03/06/2021,03/13/2021,3493.971351293795,13,0.0,538.0677596491796
03/03/2022,03/08/2022,4888.541352802093,8,0.2,212.52872188096842
06/16/2021,06/17/2021,2471.4811656879365,6,0.2,163.56977302729726
09/05/2022,09/06/2022,3319.4372675064624,12,0.4,216.3967843103128
08/09/2023,08/13/2023,7059.582382252091,12,0.0,2154.0446190468147
03/20/2022,03/25/2022,8556.680470344616,12,0.2,806.1844926694486
07/01/2022,07/03/2022,1293.838985010013,13,0.0,342.3809651176137
01/29/2023,01/30/2023,3558.662120437099,6,0.15,453.28742681997875
08/20/2023,08/26/2023,3710.0917487954043,4,0.0,1146.2439467640197
05/20/2022,05/22/2022,176.97323307265282,1,0.2,52.48068067735244
06/23/2021,06/29/2021,6463.338364577064,11,0.3,1012.8380234492487
10/20/2022,10/23/2022,4907.311245563351,7,0.0,577.6355486205874
10/10/2023,10/16/2023,175.13172512937533,8,0.1,33.830280693722145
08/19/2023,08/20/2023,478.59112711701385,2,0.0,158.46929823674452
08/14/2020,08/18/2020,1219.572626573844,2,0.0,320.3481686502749
06/13/2023,06/16/2023,507.37633609629955,1,0.0,195.501696234865
05/22/2022,05/27/2022,2130.627560006389,4,0.0,248.0721707667353
06/10/2022,06/12/2022,1006.3667055151685,6,0.3,37.58443819392677
11/02/2022,11/03/2022,9495.548104021565,14,0.0,1578.3066329588232
07/28/2020,07/31/2020,1163.4552957164888,5,0.15,297.0146171183317
01/10/2022,01/13/2022,1107.513727078274,4,0.3,118.65671769443269
01/31/2021,02/01/2021,3151.9047564587136,14,0.4,-184.37614230825082
01/28/2023,02/02/2023,2160.9752700758386,4,0.2,185.14799389211987
01/31/2020,02/05/2020,993.5023406638521,10,0.0,255.12921229639005
06/16/2022,06/20/2022,1046.0837619459382,7,0.3,260.3061175306609
10/10/2021,10/17/2021,1459.4446998475203,7,0.0,305.44383505219895
11/24/2020,11/30/2020,140.8085128494636,2,0.4,-7.456116422230043
04/04/2023,04/09/2023,2241.397902100183,13,0.2,334.2371604340946
08/09/2022,08/13/2022,3421.5421253670766,7,0.2,318.3947269253813
01/28/2023,02/03/2023,1469.6929783308926,2,0.0,396.50853791780565
09/12/2021,09/15/2021,2389.321484997953,4,0.1,454.00236036428987
04/11/2023,04/12/2023,336.30537962075147,1,0.3,52.74848197882609
06/10/2020,06/15/2020,216.6857888478605,5,0.3,48.59985160377517
02/14/2022,02/18/2022,959.4169405799073,1,0.0,153.6547535450672
07/10/2023,07/13/2023,423.3496709498808,4,0.4,61.95892667933033
09/30/2020,10/05/2020,8732.583037120983,13,0.0,3360.120809307994
10/23/2022,10/25/2022,6990.277076353767,9,0.15,958.2474845744972
11/17/2022,11/24/2022,7743.832541484025,13,0.15,457.6512894272023
11/21/2020,11/24/2020,2710.429725444729,12,0.0,939.3627132339816
07/28/2022,08/02/2022,2581.1066862110624,8,0.0,800.991593045785
03/18/2023,03/21/2023,191.5382800367243,6,0.2,12.2227589570201
06/23/2021,06/24/2021,4933.045267469539,8,0.0,1152.1969685414426
05/02/2021,05/03/2021,3084.3152553637547,5,0.0,843.244579523811
04/01/2022,04/08/2022,4078.175223150647,7,0.2,207.80841831981638
12/24/2022,12/25/2022,116.96342774404475,8,0.3,19.237425035030967
12/21/2020,12/27/2020,5163.876118398198,7,0.1,1326.9345097543296
06/29/2023,07/01/2023,10378.533869568271,14,0.0,3799.975465321019
08/22/2020,08/23/2020,597.9109737153917,4,0.0,161.54471652864285
08/14/2020,08/16/2020,1416.6013727051552,5,0.2,244.0717882937692
08/29/2023,08/30/2023,7513.033834509543,13,0.1,1771.695140344908
02/18/2020,02/24/2020,5959.982983672003,14,0.15,638.5226483069164
04/27/2020,04/30/2020,867.6032488357487,10,0.3,154.07050790459382
02/23/2020,02/28/2020,578.8315283113441,6,0.0,172.92579080167
07/18/2021,07/23/2021,10970.984305638149,14,0.0,3858.9744766867843
12/03/2022,12/04/2022,1381.0225534361064,14,0.4,180.32812679314586
02/22/2020,02/27/2020,1948.014869664303,12,0.1,470.5852035961996
07/11/2021,07/12/2021,7784.939909864826,11,0.15,570.3842157866601
01/30/2023,01/31/2023,2217.6656575833053,6,0.4,389.741870123623
05/17/2022,05/24/2022,4747.613926164975,13,0.4,48.25310724111872
02/01/2021,02/05/2021,3924.8737405626234,9,0.1,1331.668725918202
03/07/2023,03/11/2023,5733.050642582681,10,0.0,1264.4887621516043
11/05/2021,11/12/2021,4240.26395427665,14,0.5,-450.39452853755995
01/21/2021,01/25/2021,11520.96087269222,14,0.15,3346.285254681268
04/20/2020,04/22/2020,461.48714878580694,2,0.0,156.2215322083503
09/05/2021,09/09/2021,1201.0506957186542,6,0.1,343.36696235658883
01/17/2020,01/18/2020,866.4019367674127,13,0.0,109.87988795712202
04/20/2023,04/26/2023,1389.3953027245811,3,0.3,297.0304158106281
06/02/2022,06/08/2022,7749.724626196549,14,0.0,2161.554674089756
06/24/2021,06/27/2021,168.1775365314427,2,0.3,15.322103879373362
06/19/2020,06/23/2020,1557.7528922214224,6,0.3,348.86107569418164
02/12/2021,02/18/2021,523.254405178097,4,0.3,78.39000125618105
01/09/2022,01/13/2022,1352.6676919874117,5,0.2,53.983949239320715
11/02/2023,11/05/2023,3331.1303469523236,5,0.3,352.63729871210336
04/26/2023,05/02/2023,2059.456951475171,3,0.0,599.2710329454744
05/07/2022,05/08/2022,209.92091744628635,12,0.0,77.57946779657627
08/17/2020,08/19/2020,727.9523805295908,4,0.3,24.72725425665095
04/28/2020,05/05/2020,60.77379482100372,3,0.0,20.55796164396774
03/25/2023,04/01/2023,5024.038696466958,7,0.0,1707.8911632865072
02/22/2022,03/01/2022,474.72758403492355,1,0.0,65.70934517367112
04/09/2021,04/13/2021,5964.471029377472,6,0.0,627.2831487251588
04/13/2020,04/19/2020,2355.991770919781,4,0.2,410.93893772092093
11/28/2021,12/04/2021,418.18705062464255,1,0.2,99.04495409653647
06/23/2020,06/26/2020,806.6583739260539,1,0.0,214.83671755450717
01/14/2022,01/15/2022,2477.1446515260736,5,0.3,480.5765792622126
12/15/2023,12/20/2023,3518.737822034782,14,0.0,1008.7902613436979
03/03/2023,03/09/2023,2139.8227683169653,5,0.2,419.3789609621849
11/15/2023,11/17/2023,5604.387375857301,10,0.0,607.775230081133
10/26/2021,10/29/2021,2557.628537081662,7,0.2,67.9803876362628
02/02/2020,02/08/2020,2436.209056148509,13,0.0,773.5180218114426
02/24/2020,03/01/2020,2773.6243336956977,12,0.0,912.114640608122
06/02/2021,06/05/2021,807.0633954499255,4,0.3,90.9184302019348
01/25/2022,01/28/2022,282.1363703813495,14,0.0,78.16575113353939
01/12/2020,01/16/2020,4129.985039615164,9,0.5,141.69876228095822
12/20/2021,12/26/2021,2343.39910766999,4,0.15,132.39594656638195
07/08/2021,07/13/2021,4849.047998386383,7,0.0,1456.5210640030434
01/07/2021,01/09/2021,2450.5810576018775,5,0.15,413.0233649453344
04/28/2021,04/29/2021,3462.0885003972426,5,0.0,972.0052106839679
08/30/2022,08/31/2022,5303.03719162446,6,0.1,1161.060478283708
06/05/2023,06/10/2023,1565.2349370325935,8,0.5,123.4971531985543
09/14/2021,09/17/2021,3577.001655038991,5,0.0,699.555927470388
11/02/2020,11/05/2020,878.2409144010071,3,0.2,98.41380930624415
04/01/2021,04/04/2021,5134.475464556146,6,0.0,1116.655438240387
06/08/2020,06/14/2020,10227.435017771502,14,0.15,2595.0769379060143
11/26/2020,11/29/2020,10838.925134031002,12,0.0,2485.7317430207763
02/14/2022,02/17/2022,215.7216739924338,14,0.0,33.03182725113253
08/12/2020,08/18/2020,305.2095305461339,2,0.5,44.228612344659126
09/09/2022,09/15/2022,1711.021292274961,12,0.0,424.358191567191
12/29/2021,01/03/2022,4686.3526262948035,12,0.15,270.75132808219695
12/04/2022,12/08/2022,3603.5650530180346,8,0.1,904.7920748494529
05/22/2023,05/28/2023,1896.0840172897845,8,0.1,515.2583805520879
12/18/2022,12/20/2022,1851.8406691677803,3,0.15,324.19591575061116
10/05/2021,10/08/2021,2992.3778161844607,12,0.1,729.9521625348349
09/07/2021,09/11/2021,6842.8196922442,8,0.0,1038.756858135827
07/13/2020,07/14/2020,1003.7669820859925,9,0.4,10.415804485830478
05/03/2021,05/08/2021,1307.4702963617076,5,0.3,-1.8976872150588646
06/05/2020,06/09/2020,3130.07690420031,5,0.0,676.6305301519028
09/01/2021,09/07/2021,3655.6903185517244,6,0.0,982.7963579255451
06/03/2023,06/06/2023,488.5933969565156,7,0.2,64.86654967264012
02/15/2021,02/18/2021,1271.694039103558,3,0.5,35.56222719588867
05/13/2023,05/16/2023,1505.2107102386935,5,0.5,0.7943779786532563
01/07/2023,01/11/2023,609.8126672540677,1,0.3,27.651535858038216
02/21/2023,02/24/2023,9558.551446901489,11,0.0,1367.1099035946754
04/15/2021,04/21/2021,3302.7570208276843,10,0.4,-79.92058197324525
05/26/2023,05/30/2023,3190.8577495841323,5,0.3,32.59134309642821
05/30/2021,06/02/2021,3399.6948833012857,4,0.0,1061.4754739881992
02/01/2023,02/02/2023,958.5417151161533,1,0.0,331.6458991260425
01/27/2021,01/28/2021,5963.953902016686,7,0.0,1885.3047202648293
09/22/2021,09/24/2021,699.5430406174672,1,0.15,152.5844987769221
08/30/2021,09/02/2021,6170.669386311852,13,0.0,1186.9616159851712
09/06/2022,09/09/2022,1759.2859981931877,8,0.0,551.1766815354109
03/09/2021,03/13/2021,12762.423040426234,14,0.0,3592.941631386516
09/16/2023,09/20/2023,7253.23694581615,10,0.0,827.3623045133323
03/12/2023,03/19/2023,3467.1646266784205,12,0.0,1290.7686521593373
06/23/2021,06/26/2021,556.1372248449378,2,0.2,13.339592191787638
10/04/2020,10/06/2020,6892.177267386483,10,0.0,1728.643323492364
08/20/2020,08/23/2020,3767.7052551070465,13,0.4,203.15747736917737
01/18/2023,01/24/2023,761.6089843143984,12,0.3,153.16120925251641
05/07/2023,05/11/2023,450.1003988646013,5,0.4,78.28157403638203
12/27/2020,12/30/2020,7781.198845442756,13,0.2,2193.541255195953
01/26/2020,01/30/2020,2011.7029991820752,6,0.0,544.9736417592412
11/14/2022,11/17/2022,4613.156407062169,9,0.0,1401.0740451961497
11/18/2023,11/23/2023,10765.373688593867,14,0.0,1362.4221881796334
05/21/2021,05/25/2021,2637.8234321914715,7,0.5,-9.562628924995636
08/17/2023,08/19/2023,1052.0692597104069,6,0.0,388.5891574185025
09/24/2023,09/29/2023,483.34466589770227,5,0.1,90.24486946059305
09/23/2020,09/29/2020,2857.1556961701076,6,0.2,59.65221271275631
04/05/2021,04/08/2021,6251.418979612187,14,0.4,-248.85434422323172
03/31/2021,04/07/2021,1386.4358004240153,11,0.2,178.64513213835312
10/15/2023,10/21/2023,1286.001497143607,4,0.15,123.78856414669757
12/27/2022,12/31/2022,871.5752160079643,1,0.0,189.73127004305633
10/03/2022,10/08/2022,9636.765283476121,12,0.15,1203.5217643747944
05/12/2022,05/18/2022,4135.761570061687,9,0.0,809.2805130698854
12/06/2023,12/08/2023,683.14996511704,11,0.3,-15.4737682632648
05/05/2021,05/12/2021,1193.037712381591,5,0.1,375.5854603409487
12/08/2022,12/12/2022,1925.1217688990212,8,0.0,592.5753432895272
07/17/2021,07/22/2021,1035.6111500097147,7,0.4,90.11326153651682
01/30/2023,02/05/2023,3991.5431066036604,8,0.0,1125.378946235133
08/03/2020,08/08/2020,411.1753766222588,1,0.3,28.35081664247107
07/12/2021,07/17/2021,827.0923045967568,9,0.3,162.93271163249545
06/07/2020,06/13/2020,623.3237125241357,1,0.3,142.7486089171194
05/03/2021,05/04/2021,1871.3222551449112,3,0.0,190.28573043184895
11/16/2021,11/19/2021,4810.2337037226025,8,0.0,595.3123251431634
06/19/2023,06/23/2023,8294.212150563706,12,0.3,1264.8066825399048
03/04/2022,03/08/2022,4865.341540430094,11,0.3,101.29649269182212
01/05/2020,01/12/2020,929.6695578081731,1,0.0,347.2422706981865
12/26/2020,01/02/2021,4107.521636906714,14,0.0,1233.1762454064453
04/03/2021,04/10/2021,247.72819544303258,1,0.0,52.1436579556785
09/04/2020,09/08/2020,1564.0604998686258,6,0.5,-39.75103423694197
08/03/2022,08/08/2022,2567.614290801497,5,0.0,788.9373672008908
02/25/2021,03/04/2021,2576.406942879637,11,0.0,366.5949620802516
01/15/2020,01/21/2020,3583.5614116878364,6,0.15,1039.3172526956996
01/05/2022,01/08/2022,118.01244313297906,3,0.0,11.97018025018963
02/19/2023,02/21/2023,4162.345006943749,10,0.4,806.1799882497679
10/03/2020,10/07/2020,5551.273287144805,12,0.0,834.3210917695418
03/28/2021,04/03/2021,6921.1743573662825,10,0.0,2233.0020674012258
11/14/2023,11/17/2023,2604.4730514095604,6,0.1,161.41849964427794
08/10/2023,08/13/2023,1955.120890111696,2,0.0,448.5607849462818
08/20/2021,08/21/2021,2730.704812736693,8,0.0,789.4306630223699
03/21/2021,03/27/2021,11792.966491588373,12,0.0,1427.7536654142423
07/28/2020,08/01/2020,445.94521832511373,6,0.0,103.89991069072737
12/14/2021,12/21/2021,6251.000819790827,13,0.3,255.92173031559173
10/28/2020,11/02/2020,5975.801191321819,13,0.0,1490.801550120793
05/31/2023,06/07/2023,1647.8324985488066,4,0.5,2.26240941022197
01/03/2020,01/06/2020,2691.8476906674155,4,0.15,701.4133577143909
09/16/2022,09/19/2022,11230.913134660492,14,0.0,1539.2119026766047
01/21/2023,01/23/2023,1141.7033464044396,11,0.0,142.50270823918376
06/03/2021,06/10/2021,5192.094870034895,7,0.1,885.600408996621
12/22/2023,12/23/2023,3106.5965821705263,14,0.0,1137.8095626600718
05/07/2021,05/10/2021,106.27038366133327,3,0.0,37.893984362952594
06/12/2023,06/15/2023,2481.17465736324,11,0.0,664.9495301799672
09/11/2021,09/16/2021,1235.4552468147278,3,0.15,360.29846453419344
03/30/2023,04/04/2023,4021.3273300865158,6,0.1,1172.6314321841755
11/26/2020,11/28/2020,2038.0154042207264,9,0.0,373.7350107552006
11/28/2020,12/04/2020,109.6897253484318,1,0.1,11.082159622065516
02/19/2020,02/21/2020,2598.0303298948115,5,0.2,234.72411707474356
05/12/2022,05/14/2022,984.0590559964174,1,0.0,165.45512711656437
09/28/2020,10/03/2020,423.4031193453333,1,0.3,57.92816781872901
08/02/2021,08/09/2021,1874.1963343019067,3,0.1,422.5745486447014
06/29/2023,07/06/2023,848.3336539634338,3,0.5,25.052323557329427
07/13/2021,07/20/2021,3138.0998391448757,4,0.0,492.0260031384991
11/26/2021,12/02/2021,1464.0695640110255,3,0.5,128.19219988396367
01/18/2023,01/23/2023,2798.308479261729,6,0.15,433.9835759034633
03/21/2021,03/22/2021,4564.3241515532245,12,0.1,875.1433207506614
10/13/2022,10/17/2022,3102.262669974691,4,0.1,1082.9643891657881
09/17/2023,09/21/2023,7760.248482579122,8,0.0,1433.1746078656067
03/08/2023,03/09/2023,82.73389467652335,1,0.4,1.5091821683064093
12/22/2020,12/29/2020,3960.2469395701464,8,0.15,902.6945781394433
09/30/2020,10/04/2020,8739.889318825912,11,0.0,3182.4026372773774
11/08/2022,11/14/2022,538.0060111048268,1,0.0,74.26328421746169
11/06/2020,11/11/2020,4566.154983621212,11,0.0,1463.5154200243012
05/19/2022,05/23/2022,559.8758944854563,1,0.15,168.23383662623667
06/04/2022,06/10/2022,1650.689540730878,7,0.15,250.70240928868674
06/02/2020,06/07/2020,355.6424055089857,1,0.0,66.1559163297783
11/14/2023,11/20/2023,8931.185030632781,9,0.0,2709.0172610573063
07/07/2023,07/08/2023,8065.268580987456,14,0.1,998.6584554316901
09/11/2021,09/13/2021,6294.225782361341,8,0.1,1040.3532183025773
06/01/2022,06/02/2022,10525.980762788036,13,0.0,3884.8659527457767
03/07/2022,03/11/2022,655.7498288500839,1,0.0,181.70812398293705
05/04/2020,05/09/2020,1684.643583268371,2,0.0,216.46521114697623
10/09/2023,10/15/2023,353.14429257508226,2,0.4,-0.3851888055943424
07/20/2023,07/24/2023,1025.1924549186806,2,0.2,192.92025435349632
09/10/2021,09/14/2021,1784.0923638862232,6,0.5,-9.902977279857392
09/01/2020,09/03/2020,2504.7816191416455,4,0.0,746.6798968129458
04/27/2022,05/04/2022,990.8954041017217,8,0.3,176.80787017655865
03/25/2021,03/29/2021,241.80001815837454,1,0.15,40.908823891765714
07/18/2022,07/20/2022,2937.9173560461372,10,0.0,1163.666482234254
06/24/2023,06/29/2023,8482.973813258497,14,0.0,3176.043741829857
06/03/2021,06/08/2021,3113.0285172332424,4,0.2,55.94803904555967
03/10/2023,03/16/2023,5727.161254021959,10,0.4,-114.94789870578468
12/27/2020,01/03/2021,2584.0942320577956,11,0.0,491.3992501984108
01/08/2020,01/10/2020,1558.983953180524,5,0.0,242.09010795039094
04/22/2021,04/23/2021,349.61474117627216,9,0.15,41.46603921642256
10/07/2023,10/12/2023,1012.0685849020005,5,0.5,-22.826002691651034
05/09/2021,05/16/2021,8697.804756821024,13,0.2,134.51410508981397
04/12/2022,04/18/2022,10082.536437559065,11,0.0,1393.3064245503892
12/21/2023,12/22/2023,732.3945443167926,3,0.0,94.3864413940761
11/28/2022,12/03/2022,3004.501816293459,11,0.0,342.1979799667255
08/15/2021,08/20/2021,640.1956913622652,4,0.3,60.46591077214634
07/05/2020,07/11/2020,2852.8202551906634,10,0.2,285.6840591217924
01/23/2022,01/29/2022,5082.284369009228,7,0.1,1680.3768684349754
04/02/2020,04/05/2020,650.3888951856155,1,0.0,85.0891828529518
03/26/2020,03/30/2020,5201.337957321415,11,0.4,924.8530267427084
12/03/2022,12/07/2022,2994.7240558869607,6,0.15,152.62217410449895
05/16/2020,05/17/2020,1060.6229891142214,8,0.5,37.933397552958645
02/24/2021,02/28/2021,212.1428145693768,1,0.1,26.37340403603901
03/14/2020,03/15/2020,105.89991330862884,8,0.3,20.97259822060441
03/25/2023,04/01/2023,3837.5443459761254,7,0.3,-121.1035048206772
07/02/2023,07/07/2023,848.6500139030705,1,0.0,327.36881928131123
06/19/2020,06/22/2020,3467.698981344595,9,0.5,-470.9927235650106
06/18/2020,06/21/2020,920.2384086632642,11,0.0,158.58834796509186
05/21/2022,05/26/2022,1835.0385861556017,3,0.2,255.53906503131864
11/17/2020,11/23/2020,55.309778618766614,2,0.5,4.248751505869991
03/31/2021,04/02/2021,801.7599453452907,7,0.0,308.9452186649639
08/01/2022,08/03/2022,4170.760289551235,11,0.15,639.8477196444449
02/28/2022,03/04/2022,1299.7409548560975,3,0.1,360.2791310811058
09/04/2021,09/10/2021,654.3659602020075,1,0.2,142.74912694875098
03/24/2023,03/25/2023,4779.1213618435095,10,0.3,579.9495725194237
06/07/2022,06/14/2022,1787.7460941361903,13,0.15,415.25006988481533
12/14/2020,12/17/2020,491.1591623326779,3,0.3,-18.948918066363646
04/11/2023,04/15/2023,1756.9106182565993,6,0.0,408.43466915135775
01/10/2020,01/15/2020,397.30773324092934,3,0.0,133.3993326241332
01/09/2022,01/15/2022,1473.842187478192,5,0.0,357.0623576575906
07/12/2023,07/15/2023,5594.538130980168,9,0.15,1605.919864487597
06/24/2023,06/25/2023,1742.912187843471,7,0.0,610.1785033781225
10/28/2021,10/29/2021,1422.9102860026303,2,0.15,404.1546284721848
06/29/2021,07/01/2021,474.82182517395574,1,0.0,65.99976157835957
05/08/2020,05/12/2020,1846.355860338892,7,0.2,135.23141882768752
08/23/2021,08/28/2021,1673.1756940135374,4,0.0,182.1740008456381
08/27/2021,08/30/2021,6660.956579303653,11,0.15,2130.441804805455
11/22/2020,11/29/2020,3103.6674184705057,7,0.15,297.4599603315777
09/06/2022,09/07/2022,61.9411584071069,6,0.4,0.6273400736966036
02/07/2021,02/10/2021,5169.363405467656,7,0.2,426.3584146493738
09/20/2021,09/25/2021,241.07533750986624,4,0.2,2.877978317459792
10/14/2023,10/17/2023,1690.6232435872353,3,0.4,-36.555665272667525
12/18/2021,12/22/2021,386.287212915312,12,0.15,21.036699388804056
11/06/2022,11/08/2022,3866.34770803937,5,0.0,843.9654230124554
09/30/2020,10/03/2020,1132.588718313056,3,0.3,271.874790790707
11/15/2021,11/21/2021,5719.491890538327,14,0.2,1198.111792346119
04/25/2020,04/27/2020,246.15215255569345,3,0.0,76.8167605719283
05/10/2022,05/15/2022,788.3441927505188,4,0.2,107.1775845913373
11/23/2021,11/25/2021,4366.722325809425,8,0.3,844.4856846584308
01/19/2023,01/22/2023,892.3472316232692,2,0.5,109.29937381934893
01/10/2023,01/13/2023,1067.6549884848996,4,0.5,147.8328499291882
11/19/2020,11/25/2020,3957.909586388664,11,0.0,513.3292641089062
08/18/2022,08/19/2022,208.03132795070616,3,0.0,75.7011861678534
04/23/2020,04/29/2020,4797.49718563974,7,0.0,803.7000687112348
12/17/2022,12/20/2022,571.3242891588396,2,0.0,125.22289803175826
06/02/2020,06/09/2020,45.12450448955773,1,0.3,2.4206209426689074
11/28/2023,11/30/2023,6691.932118076358,10,0.0,2024.5705315481366
07/13/2023,07/19/2023,417.2332062586577,1,0.15,85.27302206321005
11/10/2020,11/16/2020,111.39689384400414,6,0.15,6.431105591819587
11/30/2022,12/07/2022,287.5555169166807,3,0.2,67.53148976523663
04/14/2020,04/21/2020,4915.469369674393,7,0.0,1139.8659887894732
05/01/2023,05/08/2023,584.2769578810453,8,0.0,58.81714734656481
11/25/2023,11/26/2023,4336.517170972801,5,0.0,972.9018773471751
07/25/2023,07/28/2023,1591.065073228667,5,0.0,405.56164823581
12/19/2020,12/22/2020,586.6788343923622,12,0.5,-75.87962914772288
10/12/2022,10/17/2022,1067.0237261409386,2,0.3,-4.971714010981078
01/02/2022,01/03/2022,4233.463696867948,8,0.0,1685.2218851542393
12/09/2021,12/14/2021,2195.015424388532,10,0.3,463.9354323092908
07/03/2023,07/08/2023,5356.485657283478,13,0.0,749.8984885642294
10/12/2021,10/17/2021,24.958617319022103,1,0.2,4.345116070095092
04/03/2022,04/07/2022,6660.715521640346,10,0.0,1423.881067040121
08/04/2022,08/09/2022,2679.234854931433,9,0.2,437.0424765070462
10/22/2021,10/28/2021,716.8971940308484,1,0.0,172.88732739145146
04/08/2020,04/10/2020,631.8894344930217,1,0.0,72.31638255108021
08/10/2021,08/16/2021,654.7416440506405,1,0.0,127.42980830058494
10/08/2020,10/14/2020,5564.746487260716,7,0.0,766.0217141020532
02/06/2021,02/09/2021,2031.5087922959633,4,0.2,298.0028935922514
02/06/2023,02/10/2023,5094.4640393936825,12,0.0,1896.134124622292
11/30/2021,12/05/2021,2356.368302397871,7,0.15,762.6617683442894
07/17/2020,07/20/2020,513.5451427888291,5,0.2,145.4749730647863
08/19/2023,08/20/2023,7972.819586051729,12,0.15,2556.956092825507
11/22/2020,11/23/2020,8551.170402175247,14,0.2,39.11215327295714
06/02/2020,06/05/2020,1776.8476839026773,7,0.0,566.5196206436908
07/05/2021,07/07/2021,7776.495842140469,10,0.1,1025.60037834353
02/08/2021,02/11/2021,4982.1510917868645,14,0.4,795.5767574724895
04/06/2021,04/09/2021,2879.2048451251985,7,0.15,774.8517437817451
05/11/2020,05/15/2020,92.8925512714191,4,0.15,14.129177460566696
03/01/2022,03/02/2022,622.262038409077,2,0.2,88.34764571656403
05/23/2022,05/24/2022,5154.112484426451,8,0.0,925.3049326442119
03/24/2020,03/29/2020,158.16057489839943,2,0.2,13.70322372047434
11/23/2023,11/29/2023,2510.8468333128326,9,0.4,487.9889248153819
01/23/2022,01/26/2022,4967.507959239901,5,0.0,1821.365935642731
09/19/2021,09/22/2021,4532.051480272953,9,0.3,34.265443713988795
02/06/2023,02/08/2023,4962.619607639295,9,0.0,906.4592113922346
08/08/2020,08/15/2020,7527.835785255603,14,0.0,998.1488535766455
07/06/2021,07/13/2021,298.63361603942985,8,0.3,73.66133651311878
10/23/2023,10/24/2023,5363.3512409895975,8,0.3,1191.5379612548202
03/16/2023,03/18/2023,2600.908474310139,4,0.3,300.7414761860204
04/21/2020,04/25/2020,5758.877573977013,14,0.4,621.1982098476265
09/06/2021,09/11/2021,432.08613273893786,4,0.0,140.16186346038876
07/12/2022,07/14/2022,2567.4911376051314,14,0.15,221.17233451469366
04/19/2021,04/20/2021,384.14088103365873,2,0.0,146.127153191834
04/15/2022,04/19/2022,2097.5308010008266,4,0.0,541.2107999702381
09/27/2020,09/30/2020,862.9033430278629,4,0.0,110.22335653594156
02/24/2021,02/28/2021,3354.4442684580304,6,0.2,399.59744338560574
12/07/2021,12/13/2021,1484.3994851961768,3,0.1,342.1451257373735
10/22/2023,10/24/2023,38.474233381120506,2,0.3,2.1486688741724866
07/27/2023,07/28/2023,4778.346653857889,8,0.2,1002.3123413131748
07/30/2023,08/01/2023,393.88089857481805,2,0.0,143.6148815187776
02/09/2020,02/12/2020,5621.126625690316,8,0.15,1442.199177399777
07/07/2020,07/14/2020,2530.4648792622443,7,0.0,740.9135526959556
04/02/2023,04/05/2023,1035.7004495454603,3,0.0,262.7025650753858
09/20/2022,09/21/2022,91.1364821657994,6,0.3,2.400447972017226
06/19/2021,06/25/2021,5334.39914270645,6,0.1,994.7792868972911
10/24/2022,10/29/2022,4311.190070461016,10,0.3,163.33319578698843
10/16/2020,10/20/2020,4799.232082670264,14,0.2,1344.778492946989
03/08/2021,03/12/2021,475.4483568752655,5,0.1,153.18629747293454
04/15/2021,04/18/2021,7302.428468498869,13,0.2,341.3733052737828
04/19/2023,04/21/2023,2319.225322336156,8,0.0,804.2750265314371
06/25/2023,07/02/2023,10872.37811210951,11,0.0,3379.944120317113
09/19/2021,09/21/2021,11412.502626693959,12,0.0,4480.132159413587
10/05/2020,10/11/2020,3689.718560073804,5,0.0,881.8131095578364
05/26/2022,05/31/2022,6799.5284768609745,7,0.0,2153.086408793479
08/03/2021,08/05/2021,343.7325714876756,6,0.5,1.8441857562021142
05/12/2022,05/16/2022,2842.4504486186797,11,0.1,201.3027643181977
09/10/2020,09/17/2020,1551.2295926244406,7,0.15,60.54359892061604
06/29/2020,07/01/2020,1056.802914371223,13,0.0,144.39461005115217
11/11/2021,11/18/2021,8752.538987925673,9,0.0,1652.9810490656057
04/04/2022,04/09/2022,208.12303734127477,3,0.0,36.99052571307706
11/30/2021,12/04/2021,7294.037127112284,10,0.15,1776.0834568398604
07/19/2021,07/26/2021,5393.358672317496,7,0.0,1697.7042945621993
09/11/2023,09/13/2023,4470.6684741819145,13,0.1,1526.368360946228
10/12/2023,10/16/2023,257.573601031509,10,0.1,36.86322484247761
11/10/2021,11/13/2021,38.48387023692197,3,0.2,10.834580464734413
01/25/2021,01/28/2021,2755.400729730792,13,0.0,782.1347729928979
01/13/2023,01/19/2023,798.3005027735284,2,0.2,118.62155790345643
09/02/2023,09/05/2023,5003.973486755639,12,0.1,1252.7568387184886
07/30/2020,08/01/2020,3507.1659222557055,7,0.15,827.0831395005097
01/18/2021,01/23/2021,3096.958866256618,4,0.0,469.4330257134172
12/07/2020,12/11/2020,383.5810687116037,1,0.0,124.86125773510098
04/23/2022,04/30/2022,1012.5603513253454,6,0.0,321.5403918806107
11/27/2022,11/28/2022,4411.266352130769,11,0.5,658.4242269846062
02/23/2021,02/26/2021,2036.1826471073923,6,0.0,760.6859385327573
01/20/2022,01/23/2022,882.0392364462516,6,0.5,48.86327092704014
04/07/2023,04/08/2023,1533.337836089886,2,0.0,481.0220539135621
09/28/2023,10/05/2023,934.7980437023131,1,0.0,358.77146033395024
11/01/2020,11/08/2020,2472.691506814753,3,0.1,841.094625695857
12/02/2021,12/03/2021,1752.8160191832817,12,0.0,610.1369554140493
05/18/2022,05/25/2022,4268.263204250696,14,0.4,555.8049696152397
06/20/2021,06/22/2021,142.71821324724834,2,0.3,-2.367731264128639
02/09/2023,02/16/2023,4614.557756723212,6,0.2,1149.4709127829153
12/05/2023,12/09/2023,2464.9854575496847,13,0.15,248.861736031127
07/24/2020,07/31/2020,2218.9170133956636,12,0.1,486.2430205664818
04/23/2023,04/26/2023,2669.990448829244,6,0.5,-75.79638003818592
11/06/2023,11/11/2023,12586.236644419689,13,0.0,2563.5922459997932
05/10/2021,05/12/2021,2802.6237468092168,5,0.2,260.85420646775316
11/03/2023,11/05/2023,1168.1548502600938,10,0.1,358.1891305071685
12/06/2022,12/13/2022,2454.9852721763355,10,0.5,198.2175637380153
05/18/2021,05/23/2021,2864.536650923457,5,0.3,306.60460830029234
11/11/2022,11/16/2022,2595.3858534202323,9,0.5,128.06710408181544
07/31/2020,08/06/2020,1779.9882178812466,14,0.1,614.7338564301951
11/05/2020,11/10/2020,900.8443600409777,5,0.0,197.51962149920308
10/22/2021,10/29/2021,10126.353031194547,13,0.1,2180.509439207191
01/22/2022,01/29/2022,4254.070976404869,10,0.2,680.8943222660675
09/28/2020,09/29/2020,3402.136348939418,6,0.2,955.291691732064
07/26/2022,07/29/2022,4172.650910678075,11,0.0,857.3492636690487
05/10/2023,05/16/2023,1933.7786175227511,4,0.1,668.848435096533
02/01/2020,02/08/2020,9773.321089838148,10,0.0,1870.704392811264
03/18/2021,03/19/2021,3296.7788646648755,14,0.3,-57.12621955236967
06/10/2020,06/16/2020,9492.568991264685,14,0.0,1494.2448735204077
02/05/2022,02/08/2022,153.66342637978582,1,0.15,23.489975195608395
09/10/2020,09/16/2020,522.0899456309198,4,0.0,153.97830911963405
06/04/2021,06/05/2021,1571.607420292879,2,0.0,400.83464726456265
09/03/2022,09/07/2022,5074.002767323764,10,0.4,65.37067603430509
01/10/2020,01/17/2020,2014.8857351877639,3,0.0,541.2184164508494
12/26/2021,12/29/2021,1166.2971541832123,7,0.0,410.11892731136567
05/19/2021,05/21/2021,1737.2746019027925,7,0.0,610.9635303096414
02/23/2022,02/26/2022,820.8575559127445,1,0.1,219.88177259431922
03/11/2021,03/14/2021,2011.5556565199595,8,0.15,625.059816529932
02/08/2023,02/11/2023,5744.7033772460245,7,0.0,1591.6355616135572
06/01/2020,06/05/2020,249.11622861810295,1,0.15,6.800198259205765
07/05/2022,07/12/2022,7520.543549041601,8,0.0,1408.4390468853146
05/18/2022,05/19/2022,8970.022160344603,14,0.3,434.74837182410243
01/30/2023,02/06/2023,517.7393105465006,14,0.3,59.124702244824896
01/22/2022,01/24/2022,772.7098469987345,2,0.5,93.85862444616595
04/29/2023,04/30/2023,853.2822846339023,8,0.4,129.21636679998315
07/16/2021,07/22/2021,669.3567289419531,3,0.0,113.55763789259245
01/09/2023,01/15/2023,4652.4676020816105,10,0.0,1190.1806338783529
05/03/2021,05/09/2021,3251.1078222109513,7,0.2,642.8889853928316
06/13/2022,06/14/2022,4323.042383150231,13,0.0,1713.0205115145532
01/16/2023,01/21/2023,3477.7771913920024,6,0.0,380.43698849846317
05/02/2023,05/06/2023,894.7589381386261,5,0.0,213.99340642786453
04/13/2020,04/18/2020,353.2570562094938,11,0.0,140.04261191991714
01/24/2023,01/31/2023,5179.609300303309,10,0.1,1777.4437353942744
12/17/2023,12/23/2023,7311.375503077739,14,0.0,1456.5572780022285
05/06/2023,05/10/2023,7620.331668786823,11,0.0,762.0714276295895
10/21/2022,10/22/2022,1045.318146157034,2,0.2,183.9972925885772
10/03/2022,10/09/2022,1797.0230328632317,2,0.0,647.0750281739646
02/10/2021,02/11/2021,3021.680570739548,13,0.5,-159.2752991780036
11/02/2023,11/06/2023,219.42935935215124,12,0.0,83.44481388884445
06/15/2020,06/16/2020,539.1942315637526,1,0.15,67.2972262643724
05/23/2021,05/24/2021,9497.335474300608,14,0.0,2688.3195402222223
11/08/2020,11/10/2020,4736.520355518091,9,0.0,1499.647812525825
12/12/2023,12/19/2023,7616.530036926839,11,0.0,1550.9138673447749
02/01/2022,02/06/2022,2378.5054207472963,8,0.1,370.2427291003088
11/11/2021,11/16/2021,880.993232891343,8,0.3,80.16901768903016
04/21/2021,04/26/2021,534.326501853474,1,0.2,133.88460378155528
03/13/2020,03/16/2020,1263.672824616867,5,0.0,164.5999947547288
03/10/2023,03/12/2023,5541.0330022963535,12,0.0,1603.817734658992
08/04/2021,08/10/2021,2980.2390198331927,6,0.0,903.621520662521
09/18/2020,09/24/2020,964.8551099274092,2,0.0,257.96542594218863
09/25/2023,10/01/2023,6024.6465224315625,10,0.0,2293.8932980613085
08/24/2023,08/29/2023,97.89792959150066,5,0.5,2.995404007633483
09/01/2020,09/08/2020,5344.842617896252,6,0.1,1284.7559899396201
09/22/2023,09/27/2023,5177.861058234137,9,0.2,931.6422278477012
07/14/2021,07/21/2021,3664.6381838365883,10,0.15,885.3972262105177
01/04/2023,01/06/2023,139.5917109911393,1,0.3,-1.3089759449257117
06/23/2020,06/30/2020,1161.8821398459954,13,0.0,427.901320501609
04/18/2020,04/19/2020,5403.748131358886,10,0.2,68.88534317127971
07/01/2020,07/06/2020,679.9507234988426,3,0.3,96.70475958992354
07/10/2020,07/16/2020,2846.204084008432,12,0.0,810.1557112605841
03/05/2020,03/06/2020,3475.3935891708907,9,0.0,564.530208525972
08/20/2022,08/25/2022,4178.956998507431,14,0.5,-575.8047272581024
01/28/2023,02/01/2023,539.990531613729,1,0.2,22.490939957643477
05/13/2022,05/16/2022,648.7183686609849,1,0.0,117.74343255571868
02/25/2023,03/02/2023,778.1696348913486,1,0.1,244.8368406919411
01/03/2021,01/07/2021,1585.9889973158988,7,0.0,565.7545046278321
04/30/2022,05/02/2022,8324.923120347135,13,0.0,991.9701360058629
02/12/2020,02/16/2020,550.5161621211657,5,0.0,102.82563029376273
12/13/2023,12/15/2023,3314.7320580011165,6,0.0,1215.826724159739
05/02/2021,05/07/2021,6498.712944035759,13,0.15,623.8615510436882
03/18/2020,03/20/2020,2509.6391705821175,14,0.2,749.8540617028854
04/05/2022,04/09/2022,2227.5467126714166,8,0.3,60.259724508798534
07/17/2023,07/24/2023,11604.893449631501,14,0.0,3733.6885222262777
11/04/2021,11/07/2021,1428.0171652604474,13,0.3,107.26943937376359
12/01/2021,12/02/2021,880.3222712793636,2,0.0,124.01396117951897
01/28/2022,01/29/2022,12134.274626491386,13,0.0,2142.2623077535163
12/28/2021,12/31/2021,610.8814061071258,2,0.4,62.636983186478176
08/31/2023,09/06/2023,2183.6471241448626,3,0.0,439.1683853089389
07/13/2022,07/14/2022,10771.76592907994,13,0.0,3029.434927945971
06/20/2022,06/25/2022,635.2098932911125,3,0.0,102.68759485269584
06/07/2022,06/13/2022,2938.45582130884,13,0.0,689.286192842563
09/19/2022,09/24/2022,1826.4132996897592,3,0.2,280.6717517463204
04/06/2023,04/10/2023,1511.5473415892739,4,0.5,-39.549078440334135
12/04/2020,12/08/2020,166.9955698397349,3,0.2,9.915430328085282
07/11/2020,07/17/2020,460.9825616032205,2,0.3,40.781309746901684
10/09/2020,10/15/2020,2912.7396023233464,9,0.2,605.4716709462239
09/21/2023,09/27/2023,3489.149997633057,6,0.3,835.5526774678401
01/24/2021,01/30/2021,1282.9308986263202,3,0.0,432.1635944760374
09/26/2022,09/28/2022,5004.015848095741,9,0.4,-258.0013302532865
06/08/2021,06/15/2021,3986.566797476935,4,0.0,724.7999217588939
06/17/2023,06/23/2023,1879.0053696897746,4,0.4,-143.46738012396443
10/20/2021,10/27/2021,5357.782581372679,8,0.0,753.8124556129087
12/16/2021,12/22/2021,2228.6778882326084,7,0.2,167.60747422767028
06/09/2022,06/13/2022,427.66668891247303,7,0.2,25.59936242765577
01/17/2023,01/22/2023,2887.036844160846,10,0.5,-248.01154901693494
01/23/2023,01/30/2023,2061.291996335886,7,0.2,142.7054462255774
03/27/2021,03/31/2021,3573.8909507402013,10,0.0,679.7669560564447
03/03/2021,03/04/2021,6839.238385805178,11,0.1,599.6358376726065
03/20/2023,03/22/2023,2345.0148250533466,5,0.0,429.9596292970422
10/31/2023,11/02/2023,5282.010344266148,7,0.0,1619.0605522723104
11/11/2022,11/16/2022,1616.7659618341013,4,0.0,276.338123141815
06/01/2022,06/07/2022,1274.838013053576,8,0.0,193.20364920785843
11/08/2020,11/12/2020,3780.5458125195873,9,0.1,265.80525628514056
04/19/2022,04/20/2022,7421.718635620454,13,0.4,371.022445354179
06/02/2021,06/06/2021,5785.267556342827,12,0.4,882.801851933871
05/14/2023,05/20/2023,641.0752875678991,3,0.0,75.4577624145911
01/09/2021,01/15/2021,2781.7124763994525,7,0.0,730.749770513298
03/26/2021,03/29/2021,11142.170091219989,12,0.0,3289.008995182763
10/11/2022,10/15/2022,1324.6206813930085,10,0.0,367.8981571897877
08/17/2021,08/22/2021,2352.6966550165794,9,0.0,854.7040181199517
04/17/2023,04/21/2023,269.6004194131774,1,0.0,97.03422548190332
05/18/2023,05/20/2023,1035.4023844296546,2,0.1,69.57104460644969
05/14/2021,05/15/2021,2624.7437150395203,7,0.1,415.45281016236305
04/08/2021,04/15/2021,1042.1420168991415,13,0.1,261.83708661026833
02/21/2023,02/26/2023,1265.7792800626296,2,0.0,488.2533411049135
04/22/2020,04/25/2020,605.2876808997129,7,0.2,146.11973829009764
11/01/2022,11/02/2022,427.2455478615011,1,0.3,1.2718216245768694
02/23/2023,02/24/2023,1535.8148892712966,3,0.0,282.2254159956605
11/26/2020,12/03/2020,2493.659870590297,5,0.0,820.6089996032847
07/30/2023,08/01/2023,1075.4979598473253,14,0.0,259.6708668930601
05/19/2020,05/21/2020,7713.938908976406,12,0.0,2037.9511716453903
11/25/2023,11/27/2023,6118.098784048125,14,0.0,1729.5494876028642
06/20/2022,06/25/2022,4586.945671691126,11,0.0,600.8323412154589
01/25/2023,01/29/2023,3602.9212947261085,6,0.0,1285.4812807927308
05/31/2021,06/01/2021,7932.412531512065,13,0.0,2847.262786138684
07/22/2021,07/26/2021,179.15733219145426,9,0.2,25.16655889105434
04/25/2022,04/29/2022,1205.7627797205712,9,0.0,347.32426790622964
12/28/2022,12/30/2022,659.2132043179382,3,0.1,163.46591306728075
04/27/2020,05/01/2020,9536.76584017527,14,0.0,1496.4785435660424
06/06/2022,06/07/2022,4647.789726074491,8,0.0,621.7601553246789
12/18/2022,12/19/2022,6916.480853654245,13,0.3,-302.92883128566444
11/22/2022,11/28/2022,2526.885873460623,4,0.15,755.19660450349
09/03/2023,09/06/2023,5982.557283598625,7,0.0,1218.7305948037324
02/19/2020,02/24/2020,1953.5382345644177,6,0.15,99.1406598398329
01/19/2020,01/23/2020,2390.9699471459944,8,0.15,393.8883736696201
12/26/2021,12/31/2021,4996.231494137572,6,0.0,612.9753213281224
07/15/2020,07/20/2020,980.9020741140507,4,0.0,123.17699948584298
07/12/2021,07/17/2021,653.1849099116192,2,0.3,63.140513651755384
03/27/2021,04/03/2021,1416.6767685141904,7,0.0,357.9247992880943
10/15/2020,10/21/2020,10061.725681896036,11,0.0,2757.344742435076
03/10/2023,03/15/2023,5378.424778553569,13,0.0,1596.8190558135857
01/12/2023,01/18/2023,1939.1858573869767,11,0.2,388.7683899613607
01/25/2021,01/26/2021,1668.223815991735,4,0.4,49.87823432651859
08/02/2020,08/09/2020,2295.003905998202,13,0.3,328.3230695947644
08/02/2020,08/06/2020,6797.293683397353,9,0.2,621.4216859990934
11/27/2023,12/03/2023,1682.733800975928,9,0.5,-29.628807175100114
05/07/2020,05/10/2020,3974.566114635871,7,0.15,568.355460585739
01/29/2022,02/03/2022,1407.169927383357,5,0.2,138.93410895478954
02/07/2021,02/14/2021,1213.7596907453085,3,0.5,-95.19365815747047
11/18/2022,11/21/2022,2693.8605408376443,3,0.0,332.7933357729498
12/03/2020,12/04/2020,6043.799695027883,9,0.15,1068.3814697814769
04/10/2022,04/11/2022,6120.101005489763,9,0.2,986.4773905909406
12/14/2021,12/16/2021,798.2065415394692,12,0.4,0.6756923981782136
12/26/2020,12/31/2020,8415.898675390894,13,0.3,2042.985988522958
07/22/2021,07/24/2021,4836.044456216261,11,0.3,566.2445292182011
11/16/2023,11/23/2023,2089.2608564268903,4,0.4,348.28637779372036
08/05/2020,08/08/2020,6807.164725781257,11,0.1,1504.5576191875614
07/20/2020,07/24/2020,209.82919185827328,1,0.0,32.93788617086282
01/17/2020,01/19/2020,7974.974158179856,13,0.0,3129.274286009466
11/17/2020,11/18/2020,900.3309959331862,10,0.1,284.14491530429206
06/01/2021,06/06/2021,3493.828999579885,5,0.0,843.3477932972569
09/10/2023,09/13/2023,5808.755815376738,14,0.0,1004.4347642903581
12/06/2023,12/12/2023,1281.7267309536549,8,0.0,213.79315289672115
09/03/2023,09/10/2023,5876.62510625838,10,0.4,833.3414529068596
11/11/2021,11/18/2021,3608.2943198742973,4,0.0,435.64951991658313
01/10/2023,01/11/2023,6262.257933884549,10,0.3,885.5967090470921
02/28/2021,03/06/2021,4745.5926197323815,10,0.4,436.7866086646879
05/12/2023,05/19/2023,2780.24525556833,4,0.0,430.2050427582966
10/15/2022,10/19/2022,8560.872911361195,13,0.0,2666.4868510808506
01/21/2021,01/26/2021,1104.3158335374405,12,0.2,233.69740027063816
02/16/2022,02/20/2022,10097.47841721102,14,0.2,1060.328738804107
04/07/2020,04/14/2020,7940.854011074079,9,0.0,1945.6106677140033
09/30/2023,10/04/2023,6753.366902336445,9,0.0,2362.524031374178
07/26/2020,08/02/2020,6496.292666390598,7,0.0,1669.1962987861102
08/08/2021,08/13/2021,5575.526168840121,10,0.0,1591.517944782836
06/14/2020,06/19/2020,3625.327290963038,8,0.0,811.4602527330572
01/22/2020,01/28/2020,11619.215137735391,12,0.0,1683.3887141984164
06/02/2020,06/06/2020,4788.796734380731,12,0.15,1553.5813862386315
08/11/2023,08/14/2023,1289.8223933129723,4,0.5,12.202953020302779
08/06/2020,08/12/2020,2579.454372651011,8,0.15,324.84084813850416
10/30/2021,11/04/2021,5375.688895580056,14,0.4,613.560691086116
08/17/2020,08/18/2020,3469.910427213268,6,0.2,646.2587764739127
01/20/2020,01/27/2020,6535.453288370915,13,0.2,456.6483559113724
07/06/2021,07/12/2021,1558.2519354121073,3,0.0,565.7664505357507
08/07/2022,08/09/2022,2149.7678275428634,7,0.0,260.70423855575916
05/27/2020,05/30/2020,1359.5551606872084,3,0.3,179.06629719645645
02/05/2023,02/12/2023,6001.674401637744,11,0.4,260.27189767906384
02/06/2021,02/12/2021,117.9042568057948,7,0.0,23.04550992882183
08/18/2021,08/23/2021,712.9486857769673,5,0.0,248.04485649629913
01/01/2021,01/06/2021,411.44136612754284,4,0.2,81.00586080112839
12/08/2023,12/11/2023,2771.9197495917765,3,0.0,908.7734715191684
08/25/2023,08/27/2023,5328.961696583909,8,0.0,1195.8063366702804
03/12/2022,03/18/2022,2666.3566311352574,4,0.3,620.5131803982118
07/06/2022,07/12/2022,4226.293011458189,8,0.1,648.3853082698865
03/03/2023,03/07/2023,3970.4823295951196,10,0.15,731.813404871573
07/30/2023,07/31/2023,1429.9550688531938,3,0.4,257.5278060907676
03/13/2020,03/18/2020,1523.995603204251,10,0.1,114.23366197605613
04/25/2021,05/01/2021,4534.039401303534,13,0.1,374.7072128815914
10/07/2023,10/13/2023,4244.503483159933,9,0.0,1690.400379438479
07/13/2021,07/20/2021,1832.8428634019822,6,0.0,717.4064912195912
09/11/2023,09/18/2023,1510.2910251375747,5,0.2,349.64820281402433
01/14/2022,01/20/2022,436.6206752758703,5,0.0,107.0840511452425
04/09/2020,04/11/2020,2678.048796215811,13,0.0,674.3815735724147
12/18/2022,12/19/2022,1026.4252593828573,3,0.0,181.84546306946748
05/22/2021,05/28/2021,1595.863057801606,2,0.0,366.7601481399337
09/14/2020,09/17/2020,1144.0342877666114,6,0.0,262.4469722624253
02/16/2021,02/21/2021,3302.1766217849754,11,0.15,118.30710057852056
12/24/2022,12/28/2022,74.27108531496583,1,0.0,17.524074110510295
08/17/2021,08/24/2021,7861.466219296759,14,0.0,1917.7128823599373
03/23/2023,03/26/2023,3875.3717893349663,7,0.1,967.8157888340376
09/22/2020,09/27/2020,2600.5838964826357,5,0.4,142.86534930599706
03/31/2022,04/07/2022,3283.6993540677777,4,0.0,1177.2222419422824
01/07/2023,01/09/2023,2237.809939798369,9,0.15,302.70530029993455
08/31/2023,09/07/2023,1310.2573706816504,10,0.1,226.56351666660407
10/23/2021,10/24/2021,131.61788031063978,1,0.2,22.56519512460264
08/04/2022,08/05/2022,10662.01733971044,11,0.0,1714.6316951388255
07/13/2021,07/18/2021,1623.584534081481,4,0.4,29.304768374440645
07/05/2022,07/08/2022,132.96995380927763,3,0.15,30.696145952572586
06/09/2022,06/13/2022,610.7281424775033,6,0.3,44.91454879411594
06/25/2023,06/27/2023,2454.710322249731,5,0.0,913.1153038580142
05/17/2022,05/22/2022,1208.202891001056,7,0.2,223.02236047040972
09/01/2021,09/03/2021,8378.472909560194,13,0.2,386.501678124053
02/17/2021,02/18/2021,577.4849463936713,1,0.0,142.19602537720908
01/25/2020,01/31/2020,8014.5765142482705,13,0.0,2640.2709833392514
10/10/2020,10/16/2020,1989.8384934170585,5,0.15,433.79185467963845
05/30/2022,06/03/2022,3689.0300674087334,14,0.0,1348.6321889983203
10/27/2020,10/29/2020,949.6153233128339,2,0.2,213.6585752281261
12/27/2022,01/01/2023,1439.600691398249,2,0.0,170.5698380344791
10/27/2022,10/31/2022,4149.624565392518,11,0.0,555.0280324980642
03/27/2022,04/03/2022,4767.510716813993,11,0.15,1048.4929333084972
03/06/2023,03/13/2023,1682.5742615346257,2,0.0,288.59915457462347
04/02/2023,04/05/2023,707.3772489190607,9,0.5,18.639723536405228
03/23/2020,03/29/2020,3848.405225569515,10,0.3,722.2120350822917
12/14/2023,12/19/2023,905.0677647878864,3,0.15,179.27534890331358
01/01/2023,01/03/2023,1976.1470697781626,4,0.3,147.51260255436625
06/14/2023,06/18/2023,100.17749255769746,5,0.3,14.4136471566417
02/15/2020,02/20/2020,9432.759935272195,14,0.0,1349.6943154911608
09/09/2021,09/13/2021,313.23251869287145,4,0.3,52.29805265645117
07/16/2022,07/20/2022,296.4803018548857,4,0.0,91.64429501962148
09/18/2020,09/22/2020,3636.885339745134,5,0.0,924.9363509876773
06/24/2020,06/26/2020,5795.448582375295,10,0.1,774.5272114451221
04/04/2023,04/09/2023,6451.103315402872,9,0.2,1543.549916451735
10/18/2021,10/19/2021,6293.500874911664,12,0.0,1593.2947215067493
04/21/2022,04/22/2022,4812.517631447059,9,0.0,566.6887339916589
01/04/2021,01/06/2021,8448.377120927342,14,0.15,2539.445007813378
02/23/2020,03/01/2020,4622.290408256062,14,0.0,1526.8115370157718
11/20/2021,11/22/2021,223.40798816502354,6,0.2,39.19504245370121
12/13/2023,12/19/2023,2222.919185768459,11,0.15,346.8813266046294
09/26/2023,09/30/2023,2947.599333328835,12,0.0,1143.5798463359552
02/24/2023,03/01/2023,4792.231664855767,14,0.0,1593.446607558384
12/03/2023,12/08/2023,2407.2716695606487,3,0.15,446.5438880263029
01/01/2021,01/04/2021,4840.766224059099,6,0.0,1432.6062168815479
07/18/2023,07/21/2023,9365.966827531402,10,0.0,1725.4463675783643
10/05/2021,10/06/2021,3994.493976847482,4,0.0,633.9852440297823
01/13/2021,01/16/2021,1318.3236421385222,3,0.0,239.92945053472175
03/13/2020,03/16/2020,1408.8155010810094,6,0.0,264.77395428687913
07/03/2022,07/04/2022,5587.6007844626965,11,0.1,1519.388983348959
06/25/2023,07/01/2023,4235.15073508146,6,0.2,177.95388586749962
05/09/2022,05/16/2022,847.9341763279783,2,0.1,240.1995378398962
02/12/2020,02/13/2020,3215.175450143145,9,0.3,344.0835561645274
01/11/2021,01/18/2021,1144.7577189483875,8,0.0,246.5486808154251
11/30/2022,12/03/2022,2557.5056258525005,6,0.0,486.229984666269
06/18/2020,06/23/2020,334.15613245391853,1,0.15,59.80064206785495
07/30/2020,08/02/2020,3653.35050193531,12,0.15,439.3356329953486
02/08/2020,02/12/2020,1510.3236614824282,2,0.15,232.34154322794228
01/03/2021,01/10/2021,219.8669404166708,4,0.2,48.74550919907937
01/26/2022,02/02/2022,5785.932980856821,7,0.15,1231.2439456841612
05/30/2020,06/03/2020,163.479213183642,9,0.0,53.03179243268421
02/08/2023,02/12/2023,8042.173627387642,10,0.15,1921.2118018454448
12/30/2023,01/05/2024,2210.2681112406326,5,0.2,540.4586221023143
12/06/2022,12/08/2022,3527.103959780573,10,0.5,-315.6511573082266
10/20/2022,10/24/2022,331.9445860368924,2,0.15,107.39632228570905
01/06/2022,01/13/2022,7267.247131072171,13,0.15,1218.9436093402205
10/21/2023,10/26/2023,8743.067109240306,11,0.1,2321.0209887743827
03/09/2020,03/16/2020,1140.257105951926,11,0.3,174.82997652910367
10/25/2020,11/01/2020,746.9593788280638,11,0.5,14.823427834487857
08/01/2022,08/07/2022,248.75050404638242,1,0.2,74.31293589473165
03/12/2022,03/14/2022,1445.9233851804754,10,0.15,130.4147053176134
10/22/2020,10/24/2020,1673.5514545737908,14,0.0,379.09063323855156
07/21/2020,07/25/2020,7087.972794504564,13,0.2,271.6052186450147
03/01/2020,03/04/2020,2482.909495061698,14,0.2,135.44430597734922
08/03/2022,08/10/2022,536.2758003263731,1,0.2,114.70361213957212
08/20/2022,08/21/2022,4316.549674223291,5,0.0,437.9260664537304
08/30/2023,09/02/2023,7800.504067636558,14,0.15,2277.3274848337055
03/30/2023,04/02/2023,897.2137945137283,7,0.0,260.1519353095772
11/26/2020,11/28/2020,4160.4609478101875,9,0.2,550.3104773036833
12/03/2020,12/05/2020,3597.231576324918,9,0.0,717.3179490788804
08/20/2023,08/26/2023,2379.5731460158345,8,0.15,149.6328291765136
09/23/2023,09/29/2023,325.34615394353386,1,0.0,122.48266833066054
09/30/2021,10/02/2021,4650.689507907246,5,0.0,1458.9059397775989
10/01/2020,10/06/2020,3799.920148765847,6,0.15,478.47796407599577
04/02/2023,04/07/2023,855.0618101069523,6,0.0,103.70262640906579
11/14/2020,11/15/2020,1636.234444779473,4,0.15,200.77390123170397
08/11/2021,08/13/2021,195.02450670082823,1,0.4,-8.699986990523787
05/18/2021,05/22/2021,1467.2383941307478,3,0.5,126.00935891635444
01/21/2021,01/27/2021,9782.486832236378,10,0.0,3090.0880806607497
05/19/2022,05/21/2022,913.7495628511729,4,0.3,90.87073849123804
04/12/2022,04/17/2022,1434.3679399360005,4,0.0,524.6234174389854
10/11/2022,10/13/2022,4706.676507508405,13,0.4,-215.5459856834367
08/25/2021,08/30/2021,1550.4446213895205,4,0.2,210.22428329655824
11/21/2021,11/23/2021,3093.578088115998,14,0.0,968.8656292057199
05/08/2021,05/15/2021,3319.0402265936264,5,0.0,399.4156405115222
05/04/2021,05/08/2021,4430.235646674319,13,0.0,938.3381233507095
12/21/2021,12/22/2021,5783.178133469844,11,0.2,991.8118150963047
01/01/2023,01/08/2023,3508.6023639406953,9,0.0,736.9505653284297
05/23/2021,05/27/2021,2390.9065027202105,4,0.15,404.20592838357317
01/24/2021,01/29/2021,5134.079292782768,9,0.15,1064.9903298335855
10/21/2020,10/27/2020,2311.7608276280585,9,0.5,-91.27482680634691
10/24/2023,10/30/2023,424.6155544822335,1,0.4,-28.956952091294635
03/06/2022,03/09/2022,2331.7800973484755,5,0.0,330.7241808109916
05/14/2022,05/18/2022,899.8337999060761,9,0.2,142.26479534686177
07/02/2021,07/04/2021,532.7985342511471,4,0.3,1.290442146947483
10/10/2021,10/11/2021,887.3662098838486,5,0.3,192.5141894290147
07/21/2021,07/23/2021,290.38655577375846,4,0.0,101.70954797104012
04/25/2023,04/27/2023,9285.476309516725,13,0.0,1900.8263333567616
05/02/2022,05/06/2022,747.4326491266044,2,0.0,261.0753479189792
02/08/2022,02/09/2022,1025.8806336372734,10,0.0,266.684184135129
03/20/2021,03/23/2021,1643.517079036649,2,0.0,242.77258318233663
12/28/2020,01/04/2021,1373.6354832378784,2,0.0,390.47450761077926
05/02/2020,05/04/2020,5057.607042058484,13,0.15,1157.3592026019228
04/26/2023,04/27/2023,254.9510817418069,1,0.0,31.911582778179078
01/11/2022,01/14/2022,408.5825088800416,3,0.15,48.75857250491673
11/10/2021,11/17/2021,6493.0662977251595,14,0.0,659.7942063256121
02/23/2021,02/25/2021,6825.228298969517,11,0.3,306.6482320341126
06/29/2023,06/30/2023,1179.0682202355013,10,0.4,0.7470574778709973
09/20/2023,09/27/2023,487.02674119633707,1,0.15,104.25420466211934
04/01/2020,04/05/2020,2693.793578756093,4,0.3,26.16477364623764
03/03/2020,03/09/2020,640.7454090169668,1,0.0,69.85873938128377
05/26/2021,06/01/2021,1425.8082651337909,4,0.2,135.01029798491072
03/08/2023,03/10/2023,2157.627729628558,3,0.0,750.1766611023365
04/23/2023,04/25/2023,7436.989258456675,9,0.0,1634.230507735078
05/13/2023,05/20/2023,594.6111349079737,1,0.0,133.5069267630681
02/10/2022,02/11/2022,11001.23684607859,14,0.1,2098.0268341682745
05/22/2023,05/28/2023,4155.566734255843,8,0.0,1352.7892703753064
09/12/2020,09/14/2020,7776.663458922215,11,0.15,1314.314198453108
05/14/2020,05/17/2020,8572.491432014744,9,0.0,1092.0053274051613
05/24/2022,05/26/2022,4252.340671767568,12,0.3,50.68764515630129
04/01/2022,04/07/2022,3623.262605655358,7,0.15,294.82201619897364
03/28/2020,04/02/2020,613.3728675203366,1,0.0,154.79016072745202
09/14/2022,09/20/2022,3134.482059849231,4,0.0,341.5922173772729
05/15/2023,05/18/2023,5773.153272429539,10,0.3,202.5509818437718
02/26/2023,02/27/2023,36.957023044000124,1,0.0,10.427737532899817
04/02/2022,04/05/2022,2649.693486418142,4,0.1,414.3993497938709
10/23/2022,10/28/2022,2004.2415850690347,3,0.15,475.6338810753159
08/31/2022,09/05/2022,1406.850290127309,2,0.0,305.80198439102173
07/22/2022,07/24/2022,716.5587027298651,1,0.0,282.164521524837
04/30/2020,05/02/2020,305.9329835545605,6,0.0,119.19359708332694
11/09/2023,11/15/2023,5371.419303953005,12,0.0,1826.0258865241012
11/27/2022,12/01/2022,5739.984972571662,7,0.0,2217.454683951289
09/26/2023,09/29/2023,5608.002419292916,6,0.0,905.3193042524126
10/04/2022,10/10/2022,2134.559172295939,9,0.0,694.3228966016186
07/13/2022,07/17/2022,7000.835891391205,12,0.0,1375.6473806147299
10/06/2021,10/12/2021,3628.2912171978505,9,0.5,245.2300196115546
12/14/2021,12/19/2021,1358.790419575069,2,0.1,220.35237706143843
05/09/2022,05/11/2022,996.3219452964454,2,0.2,86.50684641759227
01/21/2020,01/23/2020,256.538487414422,9,0.0,99.44420178200161
08/29/2020,09/04/2020,726.6469817104502,1,0.0,118.41848499809831
03/30/2021,04/01/2021,2714.2852738610936,5,0.3,481.9772059731751
08/20/2022,08/21/2022,616.7778598254719,1,0.15,140.25630236717492
09/12/2021,09/18/2021,5377.0574891254,7,0.0,1027.2507669123904
10/29/2020,11/03/2020,3929.4516937686453,9,0.0,933.2561933004855
03/13/2022,03/20/2022,5366.59897211714,6,0.1,498.4654301034811
08/21/2022,08/27/2022,7576.174657796537,14,0.3,1714.9624520034488
03/09/2020,03/15/2020,1165.7864104543714,2,0.0,455.1649135391758
02/26/2023,02/28/2023,5048.186528065451,6,0.1,1361.69232916123
07/14/2020,07/19/2020,6545.637763656755,9,0.2,1667.9993639427507
05/19/2020,05/25/2020,1224.6320920213834,3,0.5,-153.34202666731227
10/09/2020,10/11/2020,3578.7652097017503,9,0.3,233.30179898279155
11/07/2020,11/10/2020,4254.640071641971,8,0.0,847.7086748209252
01/15/2022,01/20/2022,3488.376867609666,13,0.2,591.2291918476275
10/03/2020,10/07/2020,2480.3443134039258,12,0.2,136.4352787432844
03/01/2020,03/02/2020,2896.52116210988,7,0.2,489.5537752600531
09/04/2023,09/08/2023,3259.2220869311827,8,0.3,476.85551137644535
02/21/2020,02/28/2020,1512.4870028655425,10,0.4,-91.1940009196005
06/01/2020,06/06/2020,5540.251387301663,6,0.0,772.9548907386068
08/27/2023,09/02/2023,1685.103770300926,3,0.0,186.41800336455265
06/27/2021,06/29/2021,2974.9455239186204,7,0.2,679.0840761578468
07/20/2021,07/27/2021,1765.1280179299154,4,0.0,351.79453455743976
11/13/2023,11/18/2023,742.3964103566112,11,0.0,124.44504218542889
09/13/2021,09/14/2021,8835.773211152507,10,0.0,2946.097004561816
04/15/2023,04/20/2023,3173.4779849502747,14,0.3,-22.28826563210976
10/17/2023,10/24/2023,3230.1786556180577,5,0.0,736.9815020348519
11/09/2020,11/11/2020,4157.242718986278,8,0.15,1032.8087631738751
03/17/2022,03/21/2022,4120.49369991477,7,0.0,1121.391104819113
04/27/2022,04/30/2022,3713.1855599402775,7,0.0,988.4501559002999
04/06/2020,04/10/2020,1517.0034807761183,8,0.0,223.36211072293872
05/30/2022,06/01/2022,2877.996836374859,10,0.0,444.0168291290033
05/21/2023,05/28/2023,1110.7870001709537,3,0.3,138.59027052451543
04/08/2022,04/10/2022,1662.0429568700092,3,0.3,-71.35140720110694
05/16/2020,05/17/2020,700.2705295102631,2,0.2,182.58531430149083
10/26/2022,10/31/2022,211.88332751566952,1,0.0,43.46600858263413
10/07/2022,10/12/2022,873.5848250163455,10,0.1,152.86412276343336
04/18/2020,04/22/2020,3998.285360754504,6,0.0,709.8144022875393
06/30/2021,07/07/2021,2574.6394254897177,6,0.0,934.5975351540307
11/28/2022,12/01/2022,1569.171049248061,13,0.1,380.9181894837015
10/23/2021,10/26/2021,5421.777689496911,10,0.2,731.7911099190112
02/28/2021,03/01/2021,2586.0353225499534,12,0.0,712.6922983075744
09/21/2021,09/23/2021,4111.407102565123,8,0.0,880.2969878044269
09/17/2020,09/18/2020,2630.259200739172,14,0.4,104.35485908923906
12/20/2023,12/25/2023,5594.238982737962,6,0.0,1159.6278856378783
03/27/2020,04/02/2020,849.6186681904342,6,0.4,19.713224695993752
04/09/2021,04/15/2021,212.8596681633041,1,0.5,-11.815209433374106
03/16/2020,03/22/2020,10366.905537285038,12,0.1,759.8145918840418
04/15/2021,04/17/2021,2278.7654969725254,7,0.0,253.40757273282284
02/17/2021,02/18/2021,3629.6244957329855,7,0.2,189.5820431607825
04/04/2022,04/11/2022,3235.5977326926195,10,0.0,567.8193272868999
06/13/2022,06/17/2022,1076.1140639346886,9,0.0,395.08619420906285
12/26/2021,12/31/2021,7070.243716003439,14,0.2,1296.5030875672617
04/01/2021,04/07/2021,11002.454639189844,12,0.0,4263.331805814578
08/01/2023,08/08/2023,3206.2731439322565,7,0.0,647.327496273074
06/16/2023,06/19/2023,4283.420485405689,8,0.15,623.3293507085764
10/14/2021,10/15/2021,1960.990173196982,4,0.2,423.42870192915615
11/02/2021,11/07/2021,3788.4492504143745,9,0.0,1035.6507328891032
10/27/2023,11/01/2023,8662.467413279166,14,0.0,2238.069939656651
05/09/2021,05/12/2021,266.72490357478245,1,0.0,72.72766940365327
12/04/2022,12/07/2022,3074.0602044561724,8,0.0,846.1061556916105
11/25/2023,11/28/2023,1074.9496027170032,3,0.2,246.93970943490316
06/24/2023,06/30/2023,9692.128283340784,14,0.2,1942.541013759435
08/19/2021,08/25/2021,301.622131002184,1,0.15,94.16470239292666
03/25/2021,03/26/2021,1277.5713552693362,2,0.0,491.08425484400385
04/29/2021,05/02/2021,1327.6187942682582,6,0.0,300.8076909160375
10/07/2021,10/11/2021,1300.2201588169373,5,0.0,143.9561929855732
09/11/2021,09/16/2021,9127.22421387529,14,0.0,943.0470275165779
11/07/2022,11/10/2022,2294.060484278813,3,0.0,314.1899850509936
10/23/2021,10/28/2021,4207.4640428491675,9,0.0,515.2848381149172
01/27/2022,01/29/2022,2733.989598479911,8,0.0,579.6326281415598
10/15/2020,10/22/2020,9476.155939878678,13,0.2,150.31438328500403
12/08/2023,12/10/2023,346.67936855652556,3,0.2,64.99344103503778
12/21/2021,12/24/2021,1302.3127714911366,2,0.1,139.4155355711842
09/29/2021,10/04/2021,5546.152337997055,8,0.0,1409.7742197699413
08/22/2020,08/29/2020,6794.758568785058,14,0.3,-129.61929597110142
02/19/2021,02/21/2021,2340.1655999482227,5,0.5,230.08208578636066
07/26/2022,07/29/2022,6578.175581738858,9,0.0,2197.0293936887633
05/13/2021,05/18/2021,246.83963001239064,1,0.2,28.620108794653046
08/31/2022,09/03/2022,2519.125923929903,10,0.3,562.2134848403812
09/25/2021,10/01/2021,1072.4396313633174,3,0.1,113.3678013298586
10/16/2022,10/21/2022,202.502936785625,5,0.0,69.69766562753911
04/24/2020,04/26/2020,1828.750424508349,2,0.0,482.3450496517748
07/20/2022,07/23/2022,223.6061101306208,3,0.1,33.289140621190754
11/04/2021,11/06/2021,2811.185357105988,4,0.0,352.26480319624386
06/11/2023,06/14/2023,1758.8625475077085,4,0.4,-85.4924374877853
10/31/2022,11/01/2022,7438.445521093262,11,0.2,1925.506944638064
07/24/2020,07/26/2020,5020.457697356106,9,0.0,1416.099530019956
09/03/2020,09/05/2020,655.2106016561744,1,0.1,79.36478712290187
01/27/2022,01/31/2022,3158.896091257174,12,0.15,548.8767172113311
02/24/2023,03/03/2023,6733.153537232959,9,0.0,891.139610186471
05/26/2020,06/01/2020,3149.834219003403,9,0.0,408.38466066512797
04/27/2020,04/29/2020,5965.146618040032,11,0.4,1027.9701107029196
11/06/2023,11/11/2023,927.4391443190824,6,0.1,173.762110756485
02/15/2021,02/22/2021,3548.597113239354,11,0.0,739.7765589498875
12/28/2020,12/31/2020,503.7817570395793,1,0.0,193.81569741904056
05/16/2020,05/17/2020,7703.111310608508,11,0.1,1307.2195576262336
04/13/2023,04/18/2023,8790.34003440842,13,0.1,1326.2217935656422
08/05/2023,08/12/2023,2623.3164669751013,12,0.0,477.1703821139655
08/15/2022,08/20/2022,779.2460321929598,6,0.15,151.57803910690473
01/19/2020,01/24/2020,2487.439266009258,8,0.0,665.4476567355532
07/13/2020,07/18/2020,2444.5830507957176,5,0.0,256.3347075287043
11/25/2020,12/02/2020,2446.267474698719,5,0.1,602.3167905917209
06/23/2020,06/24/2020,434.84621504572635,1,0.0,146.3223295179871
09/28/2022,10/02/2022,466.5214508370688,1,0.3,62.88212905779156
03/24/2021,03/30/2021,3466.2668332901226,8,0.0,1251.2060040509477
08/03/2022,08/05/2022,10462.866204225444,13,0.15,1129.2038757613207
10/09/2023,10/16/2023,1341.795797508603,5,0.0,211.45872650385337
05/20/2020,05/25/2020,5048.78719570715,8,0.0,1561.0013331483271
01/27/2022,01/29/2022,4922.113274188244,10,0.2,278.4327779727747
07/18/2022,07/25/2022,577.5179493269225,2,0.0,73.53620586583581
04/02/2020,04/04/2020,1336.2263944604385,4,0.2,38.72988140559017
08/26/2020,08/31/2020,4350.280933973182,13,0.1,1220.332315709327
07/23/2020,07/27/2020,1789.6632872608159,11,0.1,104.91219249414443
07/13/2021,07/20/2021,5404.249317658559,14,0.2,469.28885988568254
12/27/2023,12/29/2023,3338.762859178795,10,0.15,212.8659077090489
09/01/2020,09/04/2020,1426.9865264686314,9,0.15,358.84864561492094
04/11/2022,04/13/2022,4735.964947621273,13,0.2,715.3576813929993
09/02/2023,09/08/2023,769.7259514370731,3,0.4,-29.520741865011832
07/13/2022,07/18/2022,840.3121252971907,6,0.0,273.2050256572654
10/21/2020,10/22/2020,1384.7690983384246,11,0.1,380.963761201703
10/01/2021,10/03/2021,4557.226142330684,7,0.0,1170.7823583087434
05/05/2022,05/09/2022,2128.5449900097988,3,0.0,389.0021036704708
07/29/2023,08/01/2023,941.7686157098158,1,0.0,259.8180732293462
01/17/2020,01/20/2020,134.58850097908436,2,0.3,30.963300014853875
03/11/2020,03/12/2020,1254.1604867992623,11,0.1,82.13611945251931
07/16/2023,07/22/2023,686.5594084521972,14,0.2,54.983078634918776
09/10/2023,09/11/2023,5369.061464493608,10,0.0,995.911284114534
10/31/2020,11/06/2020,4385.634037065919,7,0.0,1269.831824756523
10/27/2022,10/29/2022,1719.8505131339116,7,0.4,163.98657520668402
08/30/2023,09/04/2023,9599.078385018256,12,0.0,1554.039132932037
03/27/2022,03/31/2022,689.8324416437621,1,0.0,113.70520504223802
01/31/2023,02/03/2023,9859.820167373913,10,0.0,3731.5850606677077
03/31/2022,04/01/2022,820.4897874134184,7,0.2,186.16063683755388
07/11/2020,07/15/2020,677.3250769907634,10,0.0,257.5737963455166
06/12/2021,06/18/2021,3102.6123536506334,11,0.0,1082.4980262971496
06/19/2020,06/24/2020,147.18443615474558,6,0.15,21.435263361707918
09/07/2020,09/10/2020,10266.138449466323,11,0.0,1402.07004831656
11/11/2023,11/14/2023,1492.3782820862098,6,0.2,281.85818822429235
05/15/2023,05/21/2023,3898.34105711221,7,0.0,801.4884686318871
06/24/2021,06/29/2021,2274.2225558496816,7,0.0,517.6667189448161
02/19/2021,02/22/2021,215.34795540359494,1,0.15,32.89739832312456
03/04/2022,03/09/2022,1125.8875371459183,10,0.3,260.0303542400085
11/04/2023,11/07/2023,1308.649044503377,5,0.2,27.035021723573585
03/13/2023,03/15/2023,6935.765100363622,14,0.2,401.79669886522595
01/25/2020,01/31/2020,13606.669827669135,14,0.0,3842.290358762582
10/29/2021,11/03/2021,4500.088959707824,8,0.0,1643.1058705758874
01/01/2023,01/05/2023,4299.05580350412,8,0.0,1613.7915857921062
09/23/2021,09/25/2021,94.31181464060035,3,0.3,11.091812385917176
01/21/2023,01/28/2023,1767.5658535731332,3,0.3,-70.05152359779218
05/19/2021,05/23/2021,190.37536436659127,7,0.5,-7.8312219147578235
12/01/2020,12/07/2020,3628.6798054497776,4,0.0,1363.1135241095583
02/28/2021,03/03/2021,2933.7390437570143,6,0.1,586.6985976022531
05/13/2021,05/20/2021,1352.3818347399674,9,0.15,328.60712576307463
10/19/2023,10/23/2023,3657.522544691153,10,0.2,295.37430125296544
08/04/2022,08/06/2022,1691.5588809898227,2,0.15,54.97920085225064
09/21/2021,09/28/2021,499.25123763784336,2,0.2,86.62411163246836
05/07/2023,05/14/2023,1660.5910251785572,6,0.0,582.0276911663649
12/18/2021,12/23/2021,380.4775082762426,3,0.0,151.08024072263177
12/07/2023,12/08/2023,601.1709253029304,1,0.0,212.80737307210472
12/04/2020,12/08/2020,196.66945804764657,2,0.0,52.35307710450885
10/20/2021,10/21/2021,10756.871764324509,14,0.0,3040.0885600726047
08/19/2022,08/25/2022,11960.406629434283,13,0.0,4153.241776808358
03/04/2021,03/08/2021,6527.86680072341,7,0.0,691.5831571083987
06/17/2022,06/21/2022,397.2461071854555,4,0.15,123.34225650322377
05/18/2020,05/23/2020,4726.511759587288,12,0.3,516.9214516539186
07/30/2022,08/02/2022,148.5942588944029,2,0.3,35.01113636489967
06/25/2021,06/27/2021,6339.255780763997,11,0.0,2087.868440175388
02/26/2020,02/28/2020,9801.969352289823,12,0.0,1428.1009005069525
06/09/2023,06/11/2023,6508.947128163022,12,0.0,973.5949315861089
10/19/2021,10/25/2021,3493.3331513824573,8,0.5,-153.3790091499035
03/10/2021,03/17/2021,2893.167400683182,4,0.1,373.7868318048049
01/18/2021,01/21/2021,1135.1314657621165,4,0.0,263.1116999408757
07/13/2021,07/14/2021,887.321764075064,2,0.3,116.39102620732001
07/12/2020,07/14/2020,242.73207295918164,14,0.0,56.06476137248781
06/17/2021,06/18/2021,281.457047735931,1,0.3,-9.308861025827902
06/01/2021,06/04/2021,245.58056610645224,1,0.0,96.43690591867849
12/16/2021,12/22/2021,2813.2355474521537,3,0.0,640.1141647284039
01/20/2022,01/23/2022,2221.2096566720134,6,0.1,678.1852882790752
07/03/2020,07/08/2020,3221.866542277453,7,0.3,-89.61206914566827
10/18/2020,10/25/2020,6685.422317945928,13,0.3,1290.4166318553305
09/20/2023,09/22/2023,6281.391347687008,9,0.1,640.8362846749279
01/01/2022,01/07/2022,3692.0872004867674,5,0.0,1121.7354082446345
04/25/2020,04/30/2020,2666.460693400717,9,0.0,796.0505319981474
04/04/2022,04/06/2022,2756.8280790477193,8,0.5,338.930000370143
12/08/2022,12/11/2022,470.4914793237114,1,0.15,57.024980699943576
11/15/2021,11/18/2021,5292.3106557159845,11,0.2,172.9946695337432
03/22/2020,03/26/2020,129.67765362800787,12,0.0,46.60222530067
04/13/2022,04/17/2022,717.3225673469855,3,0.1,107.22054181820909
11/28/2020,12/01/2020,7451.014877987992,8,0.0,1264.8853043761428
07/10/2021,07/13/2021,2139.662321803213,9,0.2,312.09667428232126
11/30/2020,12/01/2020,4347.626596866033,14,0.3,-26.778306049313368
06/15/2021,06/22/2021,701.3060725456212,4,0.1,97.54396447714545
08/08/2020,08/09/2020,2061.0313693851404,14,0.0,444.3257787856682
09/26/2021,10/03/2021,3032.1519053324523,14,0.0,555.4192404599816
11/18/2020,11/23/2020,7813.551978096246,14,0.0,1836.793001615946
01/03/2020,01/07/2020,6622.836227108691,12,0.4,101.95989944463534
07/24/2020,07/28/2020,1997.6231285833703,6,0.0,663.9646005402694
02/09/2020,02/12/2020,924.4868435204955,4,0.3,208.49267946156317
02/28/2020,03/02/2020,5912.391482587196,13,0.2,179.00927012859142
08/08/2022,08/13/2022,2614.862091716668,9,0.2,645.8467832598393
07/27/2021,08/02/2021,1093.5742650049776,2,0.4,196.33087758413564
10/05/2021,10/11/2021,1958.7547673007803,6,0.15,452.44090106977865
04/22/2022,04/28/2022,3815.641290955897,11,0.3,949.81195330754
02/19/2023,02/23/2023,6994.720084699188,13,0.0,1402.5316081680842
09/10/2021,09/11/2021,1999.8301488068744,3,0.15,548.1394099308785
04/05/2020,04/11/2020,4546.135040165878,10,0.2,918.8227689477367
12/08/2023,12/10/2023,987.0541965834035,4,0.0,194.4779421680797
06/12/2023,06/17/2023,212.39573529616584,2,0.2,44.90108395832889
06/16/2022,06/22/2022,8257.891850754255,11,0.2,1262.520609515941
12/21/2022,12/23/2022,4499.865242279211,8,0.3,30.113850754911283
07/03/2023,07/09/2023,327.35558186026583,10,0.0,49.81170356867496
07/14/2021,07/15/2021,5598.533122466122,8,0.15,1338.1594500059734
06/23/2022,06/24/2022,594.691815965721,1,0.0,186.4829474395082
12/13/2020,12/19/2020,4189.642341476751,10,0.2,667.1256668006646
11/01/2021,11/03/2021,132.64132339993992,6,0.0,33.216663644349296
02/21/2023,02/26/2023,704.7498742385138,1,0.1,73.30211529912256
11/12/2020,11/14/2020,1236.5061845930259,6,0.0,282.8951022757383
12/19/2021,12/24/2021,5114.909807434968,7,0.0,1848.6268986924463
12/07/2022,12/13/2022,51.41912978431819,2,0.0,18.326713263123985
12/03/2023,12/08/2023,7185.511018525718,9,0.0,2143.263117240775
03/05/2023,03/08/2023,223.10170096613305,8,0.15,72.33113392164711
05/09/2023,05/13/2023,1534.2640427003012,9,0.3,334.3982241783015
09/06/2020,09/13/2020,2755.954303875863,10,0.0,395.66995365345394
11/09/2020,11/13/2020,2157.1361724361423,13,0.0,474.0110890984581
10/23/2023,10/24/2023,1944.9904569336613,4,0.0,271.4841903239519
12/23/2023,12/26/2023,930.7234560657339,4,0.2,130.14016159180207
03/17/2022,03/21/2022,11920.26115163981,12,0.0,3968.431922545842
08/30/2023,09/05/2023,4673.352843454277,8,0.0,685.7519675025203
10/10/2023,10/15/2023,570.8130468036981,1,0.0,207.84821951998265
04/29/2021,05/04/2021,1829.2874704431254,8,0.0,495.21970174253994
05/19/2023,05/21/2023,2902.217810294336,7,0.0,942.3017617195575
02/13/2020,02/15/2020,1592.8585729968001,12,0.0,180.8639040305472
07/24/2021,07/29/2021,4283.462174476142,7,0.2,120.58565412034528
08/05/2021,08/11/2021,2584.534550743357,9,0.15,546.0045200066635
01/20/2023,01/25/2023,9807.800275770616,13,0.0,3447.025690008561
07/12/2023,07/14/2023,3212.821839406536,10,0.15,922.5923944624005
06/13/2022,06/17/2022,6922.08767399588,7,0.0,2121.6946138760263
08/07/2020,08/08/2020,215.29248723849068,2,0.4,-8.551069670936892
07/13/2022,07/15/2022,11.508654944497982,1,0.0,1.824196780664089
02/04/2021,02/10/2021,479.10182877168154,1,0.2,126.6787512210138
11/24/2023,11/28/2023,5339.172541286975,7,0.2,181.37497831676458
12/27/2021,12/31/2021,3252.9175717845974,5,0.0,994.8113479828314
09/17/2022,09/21/2022,227.67909004967794,4,0.4,13.672596489182064
06/17/2022,06/20/2022,2725.3778932078158,5,0.0,617.0964934504392
05/07/2022,05/10/2022,7738.332567598975,10,0.15,1215.6949083855734
03/14/2022,03/21/2022,164.41007201212608,10,0.0,63.06149037331796
05/04/2021,05/08/2021,1051.4585442565246,6,0.0,376.8773983026658
07/26/2022,08/01/2022,8817.292157849173,12,0.1,2728.9092397936374
04/23/2022,04/28/2022,8949.68035511708,10,0.0,1986.6992008388838
07/16/2023,07/22/2023,4260.534087957529,6,0.0,562.7925347746122
09/23/2020,09/26/2020,991.6445620034226,1,0.0,396.0150704814482
02/23/2020,02/25/2020,168.83340949419616,2,0.15,11.582465927681525
06/11/2021,06/18/2021,1650.6592520345841,3,0.0,420.3811483262236
09/07/2021,09/10/2021,2752.5791016844414,4,0.0,493.77348470063254
12/18/2022,12/23/2022,3598.6531931435243,6,0.15,641.3622588140993
11/29/2022,11/30/2022,9546.597230288891,12,0.0,1827.9820389019349
06/14/2023,06/21/2023,11021.397415780673,12,0.0,4067.6229725344833
08/12/2022,08/15/2022,4048.2753427703788,11,0.0,1580.861555863168
01/20/2021,01/26/2021,682.9388654342732,13,0.0,152.30853732537784
01/03/2022,01/10/2022,3319.3574580253385,9,0.0,401.83109788070686
12/16/2021,12/22/2021,4859.27003342421,12,0.4,481.07176554898064
10/11/2021,10/15/2021,442.64305292061414,2,0.0,94.2775121355701
10/26/2020,10/30/2020,6494.985776344986,8,0.0,2570.6542965421922
01/29/2021,02/02/2021,2048.1013183104224,9,0.0,259.7247119539843
05/15/2023,05/22/2023,39.92553671274321,2,0.0,5.419409795704266
09/21/2023,09/22/2023,4155.299728498883,9,0.1,1079.658789370505
08/15/2021,08/20/2021,5104.378689827086,7,0.0,1672.168327972806
05/28/2021,06/04/2021,3205.4290841831908,9,0.0,773.5627431484477
04/16/2023,04/18/2023,4508.441049248513,6,0.0,825.8534394682549
01/30/2021,02/05/2021,621.6284070917173,2,0.3,26.69459784800508
01/05/2021,01/11/2021,1439.9797690693447,8,0.0,290.0002471486294
05/07/2022,05/14/2022,996.5280986096536,10,0.0,167.00275999641894
03/01/2022,03/08/2022,5137.0653114595725,9,0.2,1310.9418979617988
10/19/2021,10/24/2021,4702.291676722189,12,0.0,562.0327711009929
09/03/2023,09/04/2023,5847.334593565009,8,0.2,714.446912977504
01/05/2022,01/12/2022,926.2492635799574,2,0.15,230.89629029720777
10/24/2023,10/28/2023,2839.5847523079647,8,0.0,287.2173029035771
01/18/2021,01/23/2021,959.8527478435298,3,0.1,300.8272145706198
03/02/2020,03/04/2020,210.185228712184,3,0.5,13.00793580771836
05/19/2021,05/23/2021,4573.562154707477,9,0.15,215.013159502917
08/26/2020,08/28/2020,4573.494619638507,13,0.4,770.6291633444134
07/13/2020,07/16/2020,7217.943795154158,9,0.0,1776.9963938875924
11/08/2021,11/10/2021,1882.6649355816478,9,0.0,556.6509306148909
05/30/2023,06/03/2023,714.9161905225659,4,0.4,117.68236295517565
03/01/2020,03/04/2020,1275.1870728555105,12,0.0,464.61275659606844
02/26/2023,03/02/2023,2116.7214617235236,14,0.5,-57.94898485910092
09/16/2022,09/22/2022,3036.747662177997,7,0.0,520.215662609928
11/15/2021,11/19/2021,7522.227350776662,13,0.4,-171.30772060967283
06/04/2020,06/07/2020,5252.282742769314,8,0.0,1732.1108071167134
11/02/2023,11/04/2023,10205.587476258246,13,0.0,3866.173603321236
07/11/2022,07/17/2022,3023.5185559513957,13,0.3,-85.65869347576454
05/17/2022,05/18/2022,765.3384234000775,5,0.0,79.98239484122684
06/21/2022,06/22/2022,3433.9856524245547,13,0.0,1191.1827234348086
09/25/2022,09/26/2022,263.9030140893279,1,0.0,56.997979084990774
09/01/2022,09/02/2022,4492.72393883027,9,0.15,484.9211406792818
05/15/2023,05/20/2023,1044.1692633914352,6,0.5,-97.61713499654205
01/22/2021,01/23/2021,2576.474627069838,3,0.0,525.4570127052308
06/05/2022,06/08/2022,2965.977222132399,3,0.0,1161.0033896613568
04/17/2022,04/24/2022,4898.115896951395,14,0.0,1925.56658257979
09/25/2023,09/26/2023,7929.708314641575,14,0.2,788.6416703858548
12/05/2020,12/09/2020,6609.117161011651,10,0.0,2571.6539857057473
07/22/2020,07/29/2020,202.51786285495865,1,0.0,38.47009778237063
06/09/2020,06/10/2020,11944.770615341558,13,0.0,4256.451264967455
01/26/2021,02/02/2021,1493.626761478924,8,0.1,169.67788617586342
02/07/2022,02/09/2022,1035.4225844942025,2,0.3,204.95804521664215
07/28/2021,07/31/2021,3824.642295196949,12,0.1,597.099786638058
06/17/2021,06/20/2021,373.4107513388816,1,0.0,59.26665512486456
12/29/2022,01/05/2023,2903.6357428684455,7,0.1,959.4598924165757
06/11/2022,06/17/2022,9697.664460675387,14,0.2,623.1263365880985
02/08/2021,02/13/2021,1637.3436430571,11,0.0,650.9268948628095
08/30/2021,09/03/2021,576.2149385076573,9,0.0,76.39006346861693
04/07/2022,04/14/2022,2448.1224643478613,6,0.0,252.17187791316525
02/17/2023,02/20/2023,416.1871881642701,8,0.2,108.72393522402452
11/20/2021,11/22/2021,4973.219094433436,8,0.1,1123.854628005242
06/20/2022,06/21/2022,6178.046776643223,9,0.1,1090.3504437769566
05/25/2023,05/28/2023,5993.156895640084,7,0.0,746.6824892129287
02/25/2020,02/27/2020,6717.634407258848,9,0.0,1830.3387947055098
12/31/2020,01/01/2021,4127.345458900885,9,0.5,-131.58936695218767
03/30/2021,04/04/2021,9009.81733795188,12,0.0,2208.1852627928547
04/13/2020,04/16/2020,6182.318230965476,11,0.4,550.9531061231929
03/17/2020,03/20/2020,181.06171764054258,1,0.1,43.81332922543975
08/17/2020,08/24/2020,3029.1870092343174,6,0.0,1175.8691238195222
07/05/2023,07/12/2023,11927.895524494315,12,0.0,3536.8121559897972
07/11/2023,07/13/2023,3286.8595234429845,8,0.4,5.986166791884558
11/26/2020,12/02/2020,8798.547068093647,10,0.0,1749.9416918933196
04/20/2023,04/27/2023,252.56609213551806,9,0.3,23.52609855188782
06/11/2022,06/15/2022,3492.161278331012,4,0.0,620.9003733965958
11/18/2021,11/23/2021,8198.612396048607,13,0.1,1335.8138015290497
01/27/2020,01/31/2020,250.66703150696696,2,0.3,50.793621044778156
07/23/2023,07/26/2023,233.79936927178005,11,0.4,36.9235792151556
10/25/2020,10/29/2020,2405.9458110995674,9,0.0,693.7249860597343
08/14/2022,08/15/2022,7012.109534331745,9,0.15,1401.3860962649758
03/09/2022,03/14/2022,8057.419311759403,12,0.0,1838.1386608536193
01/19/2023,01/23/2023,7362.195305923929,8,0.0,2140.7031339653167
04/24/2021,04/25/2021,1355.0678240079505,3,0.0,463.18386837120454
07/26/2021,07/28/2021,4686.304121414443,5,0.0,1505.9631246771573
04/02/2021,04/06/2021,936.6604345811112,2,0.0,103.63010106752023
12/30/2020,01/04/2021,2970.970480438116,14,0.0,948.7467410098411
05/08/2022,05/09/2022,239.81929431390427,3,0.5,15.82430829836953
12/16/2020,12/20/2020,844.7926406689897,1,0.15,46.207759083871636
11/24/2023,11/26/2023,1362.0961394393007,4,0.0,197.6050205242634
09/09/2020,09/13/2020,421.1312376610295,5,0.5,36.37418029395464
02/19/2022,02/20/2022,219.8921589821357,12,0.0,58.86444346096121
03/13/2022,03/17/2022,585.4277417286523,2,0.0,202.8440955220722
10/08/2022,10/13/2022,2270.0737045246096,3,0.15,182.5666834276814
04/03/2021,04/06/2021,6464.030729646343,12,0.0,705.7715069174304
07/05/2022,07/06/2022,3053.3313648465864,6,0.2,148.3385516447403
05/13/2021,05/14/2021,5539.003157109765,6,0.0,1305.9363886017625
08/07/2022,08/08/2022,3623.9806324817123,7,0.0,931.318906682652
05/22/2021,05/23/2021,10078.76456872906,12,0.0,3601.246760723979
08/20/2023,08/24/2023,1785.2127045961865,9,0.4,205.0498150195087
05/15/2021,05/20/2021,3322.924870323546,4,0.15,1070.3712289830128
03/13/2022,03/15/2022,374.10937280364345,5,0.15,18.187655407130038
08/20/2021,08/25/2021,7203.054179555506,11,0.1,641.5495412252398
06/14/2020,06/15/2020,1327.9212477853828,2,0.0,166.39740039970462
12/09/2023,12/15/2023,1018.7494330407746,6,0.15,190.0348847263356
04/06/2021,04/10/2021,1579.8222354322825,4,0.0,284.45999738855784
07/08/2022,07/14/2022,1598.5041280461817,5,0.0,487.68743584868923
04/23/2020,04/27/2020,616.110240912564,7,0.15,39.928420598993725
12/27/2023,12/28/2023,3533.6408563279965,6,0.0,462.7564892871186
09/18/2022,09/22/2022,7949.86517687611,8,0.0,1892.4625513369406
10/11/2023,10/12/2023,2368.767490499992,6,0.3,148.68636515779343
07/25/2020,07/30/2020,4673.362116389831,10,0.15,1279.3304249050616
06/12/2023,06/19/2023,593.9357863439336,14,0.15,164.08439610846716
10/10/2023,10/13/2023,1182.6241690404283,8,0.0,159.92461113366076
05/29/2021,06/02/2021,6735.129676746099,13,0.0,2314.842746157925
05/16/2023,05/17/2023,11725.388664652544,14,0.15,2277.65082342917
12/09/2021,12/15/2021,9831.826570801091,14,0.2,1485.2692851143015
02/22/2023,02/23/2023,1248.5053085739692,4,0.1,97.91903891863662
05/17/2020,05/23/2020,3285.445270115077,12,0.5,236.1881329701883
12/04/2020,12/08/2020,1950.1132001105834,7,0.5,-257.6291921488822
06/20/2021,06/22/2021,2065.5210199036837,3,0.0,378.62555817001856
03/08/2020,03/14/2020,483.632954578723,1,0.3,-10.335497193564155
01/17/2021,01/18/2021,9265.166392974734,13,0.1,1938.5533860020325
01/19/2020,01/23/2020,281.2426481894131,9,0.1,68.50199553033953
11/13/2021,11/14/2021,8498.190498579643,9,0.0,3121.0160722871806
03/14/2020,03/16/2020,428.5516978585123,6,0.1,115.77820221901665
07/26/2021,07/29/2021,577.6782124346047,2,0.4,108.79490009480153
07/27/2022,08/03/2022,5890.454295010895,8,0.2,1344.7020634206015
07/23/2023,07/30/2023,3942.337127510152,10,0.2,352.5313985466003
12/07/2022,12/09/2022,438.00279534471406,6,0.0,115.75338284896308
07/29/2020,08/03/2020,1658.6333372967385,7,0.0,393.7295194034207
05/04/2022,05/08/2022,7577.441141591599,13,0.0,2044.32252156227
10/12/2021,10/14/2021,96.98300171997938,1,0.0,26.343182588462117
09/20/2022,09/23/2022,1159.4911096092335,3,0.1,302.19854547496027
11/25/2021,11/26/2021,335.80233352949085,1,0.0,41.946125375900394
06/23/2021,06/27/2021,7353.499963913974,10,0.1,2015.032081681167
04/29/2023,05/05/2023,119.03061895209471,1,0.0,17.03602927127901
08/31/2023,09/02/2023,8231.64558788638,12,0.0,887.8833325632098
06/19/2022,06/22/2022,4950.2781620058,12,0.0,1265.6458479552632
02/18/2022,02/20/2022,4557.423437240561,11,0.3,567.139846759163
02/10/2023,02/15/2023,2775.19390461741,13,0.0,306.53493366919287
06/18/2020,06/25/2020,613.6066479140093,1,0.0,156.23120744296375
11/03/2022,11/10/2022,1896.2662603974643,4,0.3,209.29292196125263
10/14/2020,10/18/2020,516.9401185940359,13,0.5,-69.40000164345491
07/07/2020,07/08/2020,4626.164619479803,7,0.2,987.5732009219887
07/02/2022,07/05/2022,6038.491002315513,7,0.0,984.7988418629419
03/24/2023,03/26/2023,875.0221815116012,12,0.0,296.05304847218076
11/24/2021,11/28/2021,3946.5114859060336,13,0.5,-223.97779128718997
06/06/2022,06/08/2022,2093.2498370087665,5,0.3,195.44204722811537
04/15/2021,04/19/2021,241.20533969739603,12,0.1,76.59602528376458
01/03/2023,01/10/2023,2093.5376988983508,6,0.0,715.6839016699098
10/03/2020,10/08/2020,1938.4730497732203,2,0.0,648.5337476834676
07/28/2022,07/30/2022,2799.4812237302776,5,0.0,414.6878795336094
09/28/2023,10/03/2023,5556.584124048835,7,0.15,219.16676958988077
12/19/2023,12/25/2023,9504.434653260541,14,0.0,2677.6623740374976
07/24/2021,07/30/2021,171.4797586846965,9,0.5,-4.594372678361691
05/06/2022,05/13/2022,521.6163964074487,6,0.0,194.41852353701347
09/27/2022,09/30/2022,6959.588791811988,12,0.2,729.9076076360217
04/20/2023,04/25/2023,7826.309574514609,14,0.0,1746.554504516328
04/02/2021,04/06/2021,1222.9213315848924,10,0.1,254.12325193517304
07/06/2022,07/09/2022,2471.6882062803206,4,0.0,837.7050604430385
04/12/2022,04/14/2022,1949.2427687100344,3,0.2,156.89399731731945
12/23/2022,12/25/2022,6119.1661072334155,9,0.1,2034.9054186817618
04/18/2022,04/22/2022,1775.9058480222243,7,0.0,465.2453032680763
07/07/2023,07/08/2023,2045.2202308190226,11,0.3,413.73410092285127
07/11/2020,07/12/2020,12198.808780843769,14,0.1,2533.5162504493087
09/07/2021,09/09/2021,6930.539882223274,13,0.4,912.044901342021
02/09/2021,02/16/2021,1170.5541886316278,6,0.4,-98.99818570223839
07/31/2022,08/07/2022,3468.4185680437367,7,0.4,484.7591665801301
12/21/2021,12/25/2021,1360.9691554817598,8,0.0,350.02470235671854
04/02/2020,04/03/2020,1024.3634515664937,5,0.0,240.54581608742748
03/05/2021,03/10/2021,284.0761399603378,3,0.5,-33.099728012042775
10/15/2021,10/17/2021,290.53070179014003,3,0.0,93.6870756341245
12/28/2023,01/03/2024,11129.707354996644,13,0.0,1550.914655894726
11/28/2023,12/03/2023,932.8301267560473,2,0.2,53.8199549086184
03/09/2021,03/13/2021,2130.9322525519938,8,0.0,293.91304317449465
02/09/2023,02/15/2023,680.1347859202547,1,0.2,1.341689863386933
01/09/2021,01/14/2021,6758.810451110692,12,0.3,1004.1844097801448
12/18/2022,12/19/2022,703.6288188574595,8,0.2,57.17210259516673
12/02/2022,12/09/2022,1943.0939399928666,3,0.0,281.4399370377658
07/25/2020,07/26/2020,6521.537389594616,9,0.0,1278.1674914670507
02/18/2022,02/24/2022,8624.028763393251,12,0.0,2153.639096919663
08/12/2023,08/15/2023,10162.757930855574,14,0.0,2551.0936698181904
02/15/2023,02/22/2023,2133.158493510564,12,0.0,448.30203453800493
06/15/2021,06/17/2021,3541.2914869868982,11,0.0,879.9389801209213
05/30/2023,06/05/2023,1522.326102154952,2,0.1,271.2822218280281
06/14/2020,06/18/2020,8094.670494527467,10,0.1,2402.494755217914
10/04/2021,10/06/2021,1804.301085505096,9,0.3,-74.18530016811911
03/25/2023,03/30/2023,177.06233348626458,6,0.1,54.96174895708484
04/22/2023,04/29/2023,861.169277694447,1,0.0,149.13262513487018
03/30/2020,04/03/2020,1629.1139076490351,5,0.15,393.4874811340106
01/22/2023,01/26/2023,2689.351363202696,10,0.2,326.788153306931
01/13/2020,01/14/2020,3181.7671460256547,9,0.0,599.1264015386645
08/30/2022,09/04/2022,4658.011029994013,13,0.15,976.3387309632411
03/15/2022,03/16/2022,2306.9037326302314,6,0.0,762.8130740139798
08/02/2022,08/03/2022,3995.3661309955737,7,0.0,938.8348728486825
01/11/2022,01/18/2022,211.56210171169985,4,0.4,8.45532330901114
05/25/2022,05/28/2022,583.094875419258,1,0.4,-48.013813145958146
03/19/2023,03/20/2023,4216.8893585734795,5,0.1,1379.7611133509408
10/21/2021,10/23/2021,1496.1001282389507,2,0.2,380.1126768475176
10/28/2022,11/01/2022,4930.715147910128,8,0.3,342.18096249283326
11/18/2022,11/25/2022,1327.446078319825,4,0.5,105.512295716525
10/22/2020,10/23/2020,228.89747712094805,1,0.0,44.40239159835376
09/12/2022,09/18/2022,530.8978704741772,10,0.1,142.87870586123262
07/14/2022,07/16/2022,758.2949789376427,7,0.0,193.37091819252387
10/01/2021,10/06/2021,3969.030905531394,12,0.0,945.5422987723173
12/05/2020,12/09/2020,5597.286147649103,11,0.0,654.6412316378465
09/19/2021,09/26/2021,1589.3128647567137,2,0.2,460.3072440746928
03/14/2021,03/20/2021,926.2870194409716,3,0.3,186.3899666564963
03/13/2023,03/20/2023,5188.116369947337,14,0.3,975.4510684750459
07/30/2022,08/06/2022,6283.851072445797,9,0.0,1203.1994999343149
04/09/2022,04/15/2022,2210.441579696824,13,0.1,302.558734401529
06/02/2021,06/07/2021,8401.488583919698,9,0.0,2284.851435618428
09/02/2022,09/08/2022,1067.4885195686138,2,0.0,377.74891604608297
12/04/2022,12/06/2022,510.28880786235163,3,0.4,92.05024376719228
08/12/2022,08/19/2022,10293.336861229973,11,0.0,1859.786803061243
06/16/2023,06/21/2023,6040.282678784262,12,0.2,1100.6871291619736
08/09/2022,08/16/2022,4399.675505430465,9,0.0,1395.44877564419
08/01/2022,08/07/2022,584.3543508611664,1,0.0,98.12340559769957
06/03/2020,06/08/2020,1276.3926344174963,2,0.15,187.9368033720641
04/19/2023,04/24/2023,1792.9188602162617,11,0.0,280.1297343655858
05/23/2023,05/24/2023,1732.3642527923862,2,0.0,536.4638771255221
03/28/2020,03/29/2020,9599.117421952307,10,0.0,3447.3842281055695
07/03/2023,07/04/2023,6798.822897267627,14,0.15,1959.830771291119
01/01/2023,01/07/2023,1028.1722074944332,3,0.5,52.46419483341648
07/19/2022,07/23/2022,6028.646022264448,10,0.3,326.425307472245
06/27/2020,06/29/2020,571.5937876535032,3,0.5,27.614903691381272
07/30/2020,08/05/2020,6950.32433853502,10,0.3,1454.5640037256526
06/11/2023,06/18/2023,6221.6368360858405,13,0.3,857.0724713439356
04/09/2021,04/10/2021,773.5656804739241,2,0.1,134.49799445084724
05/31/2023,06/05/2023,4900.065085811599,8,0.1,1597.131257680071
09/22/2021,09/28/2021,4211.705857506417,8,0.0,1476.4765711984612
04/04/2022,04/09/2022,674.9408726086965,8,0.3,144.93043969162204
07/11/2023,07/18/2023,1595.8133034432506,2,0.0,591.9790831662946
05/15/2023,05/20/2023,7393.513717855236,13,0.0,1612.8483814695494
08/29/2021,09/03/2021,4308.590352393809,9,0.4,680.2906650468672
06/03/2022,06/06/2022,1796.9910306017025,11,0.0,487.1730761212539
12/31/2020,01/04/2021,1900.4075483146878,7,0.5,-263.3058518337917
10/02/2020,10/04/2020,7381.997083111524,12,0.2,1408.1226387503307
01/14/2021,01/16/2021,4942.107609574452,5,0.0,1191.9655710471156
08/25/2023,08/26/2023,5269.042156547366,7,0.15,566.6665035621722
07/15/2023,07/18/2023,4847.954332424184,8,0.3,1168.9142277495198
08/02/2022,08/08/2022,2294.869830884406,9,0.0,267.4011184656776
12/23/2022,12/29/2022,1343.367609107131,2,0.2,381.1983146587932
03/20/2022,03/22/2022,745.8715520236404,6,0.3,-1.6557466906417795
10/05/2023,10/09/2023,1855.139291126543,9,0.0,395.32360422585697
07/13/2022,07/18/2022,1547.2024919784849,13,0.0,348.38444014281777
05/08/2021,05/15/2021,5154.123392439896,6,0.0,1645.7433259189634
01/26/2023,01/27/2023,234.343902973611,2,0.0,38.592401345084504
12/30/2022,01/03/2023,146.73036494755993,1,0.0,58.080361494427514
12/29/2020,12/31/2020,2432.911474382995,12,0.2,546.6838593115375
07/23/2021,07/26/2021,1730.8073550883041,3,0.0,583.2574864955785
02/01/2022,02/02/2022,6786.613552544973,11,0.3,-122.64339224095914
10/02/2020,10/04/2020,2120.229368515062,5,0.0,514.9901501930149
02/19/2020,02/25/2020,3855.761627899071,7,0.0,1479.3894373569324
10/13/2023,10/14/2023,1486.0083006402838,10,0.15,157.5463347301963
12/28/2021,12/30/2021,1913.0047813716956,10,0.3,-12.214350952298542
06/24/2022,06/30/2022,384.9835631244764,3,0.1,75.30984474849306
07/16/2022,07/23/2022,3742.37690776577,9,0.0,1418.8021524789747
07/17/2021,07/23/2021,4161.0261146398725,10,0.3,399.6132444533136
02/21/2022,02/26/2022,3494.1520167974354,12,0.0,773.7809804843967
04/29/2021,05/02/2021,3390.1435880761787,4,0.0,1000.3694383559827
01/12/2023,01/17/2023,9814.25967496568,10,0.0,3739.8728225084355
08/06/2021,08/08/2021,206.32528606629631,2,0.2,3.036537672213519
08/12/2023,08/19/2023,83.0443663655127,3,0.0,12.126027399772473
08/23/2020,08/27/2020,3563.456122443762,5,0.1,320.0920537945933
02/25/2020,03/03/2020,536.5878777683408,3,0.1,40.56598705108284
12/25/2020,01/01/2021,1078.8453802027514,5,0.4,-10.106813188670628
04/19/2020,04/26/2020,1601.1556243722089,4,0.0,270.2633968672022
07/10/2020,07/15/2020,11926.634135155156,13,0.0,3155.8754090856446
06/22/2022,06/26/2022,7284.748169693504,11,0.0,1443.7411217322594
01/21/2023,01/27/2023,502.03395399861836,10,0.0,111.23182686356843
05/11/2022,05/13/2022,256.4862383929357,13,0.2,72.47259946242708
07/21/2021,07/24/2021,529.3096622151922,3,0.15,37.949752026039384
12/19/2022,12/23/2022,3119.9061260542494,12,0.2,363.5851180733283
10/11/2021,10/13/2021,2056.6501021320782,6,0.3,55.78571296117269
02/08/2020,02/12/2020,4029.4128872916813,8,0.4,260.9036572431888
12/08/2022,12/13/2022,4181.7045201673545,13,0.0,1341.9126100906583
12/14/2023,12/16/2023,2296.6310824736324,12,0.5,218.4012608576059
09/28/2021,10/03/2021,1344.178202838244,4,0.0,342.2129957132765
11/02/2022,11/03/2022,135.90491524255123,9,0.2,34.856210073275975
02/05/2020,02/07/2020,5160.507428125468,6,0.1,1473.4417684183547
04/10/2020,04/14/2020,516.6207385328817,5,0.3,-1.4975706754761053
01/14/2023,01/15/2023,884.3724102636436,3,0.0,153.5523679751228
05/31/2023,06/05/2023,552.0410763019096,5,0.2,111.24519703058074
09/23/2023,09/28/2023,1486.9131737854661,5,0.4,286.13890352533343
06/14/2020,06/18/2020,10447.85788248243,14,0.2,1178.9248971748407
01/17/2021,01/18/2021,1053.0596203126215,12,0.2,72.60040722426425
10/31/2023,11/07/2023,5357.855452231333,12,0.0,1932.786508693724
02/28/2022,03/06/2022,128.60438925545066,4,0.0,20.56173116907391
01/31/2020,02/03/2020,4639.13543503372,12,0.5,274.7411157940683
10/30/2023,11/03/2023,3288.550798806292,6,0.15,116.0027122733027
01/11/2020,01/16/2020,1897.2945280892125,3,0.1,105.66821463513081
08/18/2023,08/20/2023,4776.129972867754,10,0.0,1124.635392452213
04/05/2020,04/06/2020,908.5566992608417,1,0.0,269.80684929179387
04/28/2023,05/04/2023,2908.233134547184,7,0.0,415.0930930059261
03/28/2021,03/31/2021,3632.6095682744435,7,0.0,1195.7269691705465
07/10/2020,07/12/2020,8380.035960575076,12,0.0,1161.6485016725865
04/30/2021,05/01/2021,2101.4201387380213,4,0.0,546.6053145727801
07/13/2023,07/19/2023,1599.2825606410338,9,0.1,227.88138453258722
12/18/2023,12/22/2023,3498.119048136199,12,0.1,964.3474073682709
02/25/2023,03/03/2023,202.74304691483442,2,0.0,69.1830288993255
08/25/2020,08/29/2020,5127.962138267961,13,0.1,358.0721191576629
10/10/2023,10/17/2023,367.97890329327885,1,0.4,-15.535564874417302
02/09/2023,02/10/2023,382.03393447934775,3,0.0,140.50949582851783
09/28/2023,10/04/2023,3107.9781262515953,7,0.3,232.11577523088204
03/14/2023,03/17/2023,4827.294459114776,9,0.4,207.6738745014995
12/24/2022,12/30/2022,688.6929913113288,2,0.0,103.58435176899708
06/24/2023,06/25/2023,1378.8765915397898,6,0.0,549.4388029359676
01/04/2022,01/06/2022,2682.228009610452,3,0.0,1010.9701056963446
09/17/2022,09/19/2022,3127.6160259235794,5,0.1,158.2805193195653
04/04/2022,04/10/2022,1372.0910325118598,12,0.0,363.90653906163067
04/15/2020,04/21/2020,3726.277492870036,9,0.0,1347.7208450725243
06/29/2020,07/03/2020,1727.2391945803583,3,0.15,266.27133564590576
07/02/2020,07/03/2020,578.6400362257002,1,0.0,133.69146914458463
08/13/2020,08/17/2020,1555.904120390936,5,0.5,-56.31727679593447
02/15/2022,02/18/2022,571.4638222341869,1,0.0,62.088687402371484
02/28/2022,03/07/2022,3840.387607928838,8,0.4,526.4595381366837
01/17/2023,01/19/2023,2290.558810603062,7,0.0,542.9438927144813
11/18/2021,11/23/2021,7825.154968624063,11,0.0,2029.2167725685342
06/13/2021,06/18/2021,1982.3372961386829,2,0.0,350.2899725478808
10/26/2023,10/27/2023,2772.4148844235797,14,0.5,236.30830090381014
08/29/2022,08/30/2022,8724.516145501697,11,0.0,2949.9732179076095
07/24/2022,07/29/2022,1940.4083074507914,9,0.15,370.3778516007592
11/23/2023,11/24/2023,1011.7721080642309,5,0.3,223.99458564696982
04/15/2020,04/17/2020,5566.31565087816,7,0.15,332.6723534270589
07/18/2023,07/21/2023,142.7158907448076,4,0.0,47.950826612949264
04/10/2022,04/13/2022,1351.518428473326,12,0.5,23.753264388804666
11/09/2021,11/13/2021,4441.632566588335,13,0.3,85.74105347652453
04/28/2022,04/30/2022,407.82914548714456,1,0.0,56.97011613580622
11/21/2022,11/28/2022,7974.263227425779,14,0.1,1118.8059732240927
01/27/2021,01/28/2021,803.1793194271124,8,0.5,85.85567298053135
02/09/2020,02/10/2020,518.9699731114991,13,0.5,44.77974185033139
10/21/2021,10/28/2021,375.6400638267095,1,0.0,110.2652820659615
05/26/2023,05/30/2023,1111.134548417752,3,0.3,-25.447089719794626
09/07/2022,09/11/2022,3398.290912284373,6,0.0,1313.2667769715406
01/10/2023,01/11/2023,4843.8287064563365,8,0.0,928.2327750367799
04/24/2022,04/25/2022,4425.403006431515,8,0.0,1248.406166002882
07/19/2020,07/26/2020,506.58890252295146,2,0.0,172.71163885593137
03/22/2021,03/24/2021,5866.817425361234,9,0.15,380.50271303309574
12/22/2023,12/29/2023,348.84885283921653,4,0.1,85.6978682503915
11/27/2022,12/01/2022,825.4813630266445,4,0.0,90.54605931657368
05/19/2023,05/26/2023,10387.779205004923,14,0.0,1355.9873885014613
03/19/2021,03/26/2021,573.8577455283984,2,0.0,181.88024727651143
09/12/2023,09/19/2023,249.26935359665558,1,0.5,-25.79323443729642
01/30/2022,02/01/2022,2337.4803441290223,10,0.3,194.13245725816617
08/14/2020,08/20/2020,3583.3797964989017,7,0.0,625.2989332304888
02/17/2020,02/18/2020,2331.048996856083,11,0.4,61.46708740376652
11/07/2022,11/12/2022,9942.659100069899,10,0.0,1224.5982674600632
06/30/2022,07/07/2022,927.9521743346412,3,0.15,233.35228473313794
07/05/2020,07/10/2020,1261.5578464473379,4,0.5,-159.31917170690636
12/10/2020,12/16/2020,9784.057640218056,11,0.0,3437.8668859465597
08/11/2020,08/12/2020,4907.900679821438,9,0.15,1098.303065469586
04/09/2022,04/13/2022,3421.192095351075,6,0.0,769.6849930850843
05/02/2021,05/07/2021,8029.520242921046,14,0.0,2890.193396596605
05/26/2022,05/30/2022,451.3464934327365,1,0.1,47.77023465625054
04/28/2022,05/03/2022,3642.7706882568473,9,0.5,-257.2915594021136
06/06/2023,06/10/2023,539.2785381999133,9,0.0,76.11220816365028
11/14/2023,11/21/2023,2658.8358265501033,5,0.4,38.47497094782558
09/05/2022,09/10/2022,2834.0606306072946,8,0.4,555.5324384698603
10/13/2022,10/17/2022,5952.691423302335,7,0.0,882.8330295555517
07/06/2020,07/12/2020,223.17653070643104,11,0.0,77.95398783488828
09/26/2020,09/28/2020,5919.96875146961,8,0.15,1305.732114989847
11/05/2020,11/09/2020,1044.3827662504273,9,0.1,57.173939954799195
03/01/2023,03/03/2023,10136.081568598653,14,0.0,3886.8533775554997
12/31/2022,01/02/2023,422.3561789589653,2,0.5,59.69049201641071
04/24/2022,04/25/2022,5474.093337495561,10,0.2,1518.8978309715733
04/25/2023,05/02/2023,3159.539201502953,5,0.0,791.5337553925093
04/30/2021,05/06/2021,1167.985554856672,8,0.15,106.41814780563577
04/29/2023,05/01/2023,1558.4028804092286,3,0.0,338.7646881526387
12/16/2023,12/19/2023,3129.0398530885486,11,0.0,889.4529331587968
04/29/2020,05/06/2020,3727.8943311689136,11,0.4,50.8891659419211
08/07/2020,08/09/2020,3110.6176509337256,6,0.3,505.3244885791472
02/22/2020,02/26/2020,542.6749826161172,6,0.0,183.78918222944077
12/06/2023,12/08/2023,3279.8102355630053,7,0.1,370.0212034501822
06/14/2023,06/18/2023,6867.0614242287265,13,0.15,1005.9048228324344
01/27/2022,01/31/2022,3326.551569673659,11,0.0,1288.4509741920488
01/07/2022,01/10/2022,2860.420343904141,3,0.0,500.4077713035947
12/20/2021,12/22/2021,3780.7185402126806,8,0.1,581.9820600123578
02/09/2021,02/11/2021,1296.705048842819,8,0.15,46.289972837809856
08/30/2021,09/04/2021,1050.3934126316208,9,0.0,209.7738713104641
10/17/2022,10/24/2022,4369.943629389695,8,0.0,923.2791529646604
02/25/2021,03/02/2021,1144.457991946979,3,0.0,148.72308042332273
12/12/2021,12/13/2021,1203.7297607442047,6,0.0,120.89379984321825
09/03/2020,09/07/2020,327.17116553512636,9,0.1,72.83538316962078
03/12/2020,03/15/2020,570.9340792375012,1,0.0,108.7389516723177
07/03/2020,07/08/2020,1807.842703395976,3,0.0,190.45107858075005
01/06/2020,01/08/2020,210.53840523751532,2,0.3,43.78847044322478
05/14/2023,05/15/2023,7268.648031271216,12,0.0,2001.2252777270076
06/24/2022,06/27/2022,7619.624217284179,8,0.0,1153.2339743204363
01/21/2021,01/27/2021,2935.537961669526,6,0.5,321.6585981044498
11/29/2021,12/01/2021,7561.668061127197,10,0.15,764.3015816308242
01/04/2023,01/06/2023,7119.268596240971,11,0.2,485.7741761625369
04/15/2023,04/21/2023,2390.015741808177,11,0.0,880.4584179951739
04/06/2022,04/10/2022,1318.9666453677667,8,0.0,202.90635171341918
12/14/2020,12/18/2020,765.8468146462516,2,0.15,221.09671131150972
07/02/2023,07/07/2023,5829.12130608018,11,0.15,1549.9166662071336
11/03/2020,11/08/2020,5113.031383009766,6,0.0,986.4738247044145
09/30/2023,10/02/2023,1677.5038750780348,7,0.0,185.06075858553103
02/24/2023,03/03/2023,2327.28682327262,8,0.4,-175.07729357175032
10/13/2020,10/15/2020,5858.692555835497,9,0.0,778.3769896941038
02/04/2022,02/09/2022,2255.6895799453746,5,0.0,828.3786530842278
12/25/2021,12/31/2021,5056.169143393406,11,0.0,1118.4791878314986
01/31/2022,02/05/2022,489.01857777779213,3,0.3,-19.678632195780132
01/17/2021,01/19/2021,1381.5120142067512,2,0.3,161.58791533512593
11/30/2023,12/03/2023,3074.8246436695613,8,0.2,191.86190935760203
01/22/2021,01/24/2021,537.414525951437,1,0.0,91.64949781325147
06/08/2021,06/11/2021,2263.7369837396077,10,0.0,335.6047135328298
09/30/2021,10/03/2021,3113.972106891003,6,0.0,1023.2712843176696
07/26/2022,07/28/2022,446.75330701323827,2,0.15,11.250976375637004
10/02/2020,10/09/2020,504.7509332871163,3,0.2,66.47329992755911
05/14/2021,05/21/2021,1131.8601137340204,8,0.5,-140.28121457474649
12/17/2021,12/18/2021,12.732052020228178,1,0.0,3.3830638484156457
12/02/2020,12/07/2020,2929.6929644965016,6,0.15,377.3377268079696
07/20/2022,07/27/2022,1062.73405476256,3,0.1,62.17575985736653
04/25/2021,04/29/2021,5398.212774011946,6,0.0,1286.3523723346432
06/29/2022,07/01/2022,150.90030562918793,3,0.0,40.92048836753311
07/20/2023,07/23/2023,522.4061486872067,11,0.1,64.93310410069422
12/17/2022,12/19/2022,4878.581301767017,11,0.5,388.596412934267
09/13/2023,09/18/2023,1083.0255662583827,8,0.0,228.85914653098658
04/18/2020,04/24/2020,30.346257706904467,5,0.5,2.2700200729597673
07/26/2023,08/02/2023,673.649010273181,4,0.1,150.6984623474673
11/23/2020,11/30/2020,7430.736720119653,9,0.0,2680.8308794220093
11/10/2020,11/17/2020,4023.434709662506,5,0.0,1062.4983272501454
02/08/2023,02/11/2023,4160.770664820198,12,0.0,647.7827206505302
11/29/2021,12/03/2021,9398.908513221548,14,0.0,3259.3286649642628
02/19/2022,02/23/2022,2048.708841049878,4,0.0,686.1342560710268
06/06/2023,06/13/2023,7245.501119579576,8,0.0,2838.1116552441395
06/04/2020,06/08/2020,263.4369626529924,8,0.5,-32.11966343927058
07/19/2023,07/25/2023,5542.321894655005,8,0.15,1121.5960720613857
06/05/2022,06/12/2022,572.4565847461935,4,0.2,84.4377442121751
10/22/2022,10/23/2022,5170.160949946742,13,0.0,1557.5711391537877
01/27/2022,01/30/2022,200.0375799204182,1,0.0,78.82559940364202
12/22/2021,12/28/2021,1411.1765309963953,2,0.0,366.456612098777
07/01/2022,07/04/2022,1908.3201702760302,4,0.3,297.1666520679452
08/02/2023,08/09/2023,5524.186256820367,10,0.0,1127.840145879811
05/20/2022,05/26/2022,1402.3628128712373,2,0.0,266.0158095041477
01/13/2020,01/20/2020,6367.374414706408,11,0.1,958.8563528372532
08/30/2021,09/05/2021,7008.098716146828,10,0.1,431.57531467229893
05/12/2021,05/19/2021,2420.7233308209034,14,0.3,85.74733053393604
08/25/2020,08/26/2020,6084.7288430783865,14,0.0,924.1724575193615
01/22/2023,01/25/2023,480.3307921820593,3,0.0,113.94810239440157
09/23/2023,09/29/2023,3134.1429257615437,9,0.2,433.2872021366828
02/19/2022,02/20/2022,5707.866154639716,9,0.1,1595.7421439855127
04/09/2023,04/11/2023,9722.681488471113,14,0.0,2437.3546608791557
08/28/2021,09/04/2021,7835.6589768819285,11,0.0,1872.1307190603166
10/22/2021,10/27/2021,2272.8949441769737,9,0.2,157.938681840722
04/28/2022,05/04/2022,2329.5714191855513,7,0.5,246.3382072401822
07/24/2022,07/28/2022,1270.8916317363658,4,0.15,66.4679776479511
09/19/2021,09/20/2021,661.5329879507996,1,0.3,161.86970603188843
05/22/2020,05/23/2020,944.8182959981456,3,0.1,182.18222470422833
05/09/2023,05/15/2023,8497.83272385522,14,0.0,1323.9291957983785
04/18/2023,04/19/2023,6021.154056402034,8,0.0,1242.1545487264377
12/14/2021,12/16/2021,3084.9674061026644,4,0.15,91.34913895730347
10/19/2023,10/20/2023,4435.493174193718,10,0.0,665.1323795788796
04/23/2021,04/28/2021,2935.0420570094825,10,0.2,295.27094192180056
07/18/2021,07/23/2021,740.7374190578192,2,0.15,141.72127827713607
04/15/2021,04/22/2021,2313.215716239981,14,0.5,-257.1272200006457
01/18/2021,01/25/2021,4733.173765199815,8,0.1,1196.4942101795655
07/14/2022,07/18/2022,6533.727174579488,7,0.0,2308.2543911082166
02/20/2021,02/22/2021,1482.9132606692042,11,0.0,402.9103254603211
11/03/2020,11/08/2020,5653.128441224553,10,0.0,1068.8394487873488
10/10/2021,10/16/2021,5661.635100072384,9,0.3,-76.89803974855273
10/22/2023,10/25/2023,218.22679841891474,2,0.0,22.839729959358426
10/21/2022,10/24/2022,1247.3168916465452,5,0.5,86.73928964155219
12/03/2022,12/06/2022,2599.731899705525,6,0.5,100.20357367698105
01/08/2022,01/15/2022,10546.937968261049,13,0.1,2034.346360043206
01/26/2023,02/01/2023,1038.4172790827747,2,0.0,135.61591105277168
07/12/2023,07/13/2023,69.40473124608056,2,0.0,11.251031244647061
05/19/2020,05/25/2020,1489.576226366065,13,0.0,513.2360078257107
06/14/2023,06/15/2023,8271.8940890435,14,0.0,2017.9735654853125
08/31/2022,09/03/2022,1856.680285623541,14,0.0,721.9698652041025
10/13/2022,10/17/2022,1579.2359914215808,10,0.0,631.681200804951
08/10/2022,08/14/2022,8673.23438020808,14,0.2,2083.41617306149
06/22/2022,06/23/2022,3012.7405519589815,4,0.0,534.6261246213769
03/12/2020,03/15/2020,6754.760254649737,8,0.0,1143.8138737017227
04/28/2023,05/04/2023,1444.9400927771621,14,0.1,182.1929241842593
07/15/2023,07/19/2023,1340.062309858022,13,0.5,195.69670113699874
09/06/2023,09/07/2023,7803.807475486598,11,0.15,980.1749457619401
04/16/2020,04/22/2020,3619.383663054071,5,0.0,1129.0089071350076
06/09/2023,06/12/2023,5816.855279158271,9,0.2,1673.5401684367475
12/01/2022,12/03/2022,3167.514298108297,4,0.2,778.8247540692213
06/01/2022,06/04/2022,1818.1533091977044,3,0.3,235.05293748812971
05/18/2020,05/25/2020,5252.586183412627,10,0.0,791.5104124504044
09/06/2021,09/09/2021,1778.8988165159951,8,0.3,4.414290100709071
05/12/2022,05/18/2022,573.9798207089541,1,0.0,142.1902563811426
09/29/2020,10/05/2020,3467.8836975533827,9,0.4,643.5814697100501
02/19/2021,02/24/2021,1367.8360793880988,4,0.0,507.9433411268583
05/20/2021,05/25/2021,5103.3026029248895,11,0.4,-255.8917555366997
01/02/2022,01/08/2022,458.2181462908855,9,0.5,-29.18119951302853
02/27/2021,03/05/2021,6252.791377399143,8,0.0,1729.7934327869489
12/01/2023,12/03/2023,62.51780024269348,3,0.5,-0.4232987930715178
01/24/2021,01/26/2021,1508.9592003428259,3,0.0,204.93000285051917
12/07/2020,12/10/2020,12079.50938387807,14,0.0,2546.2658276517514
08/03/2022,08/10/2022,860.6728915306522,9,0.0,332.57632177178795
09/05/2021,09/09/2021,783.8423206938419,3,0.5,106.15785633087657
05/07/2021,05/14/2021,671.1900982868128,4,0.0,179.76334344980876
07/10/2020,07/12/2020,7256.52749973864,9,0.1,1745.763713059977
05/13/2021,05/16/2021,8507.025131985598,12,0.15,779.0043207634221
04/01/2022,04/08/2022,1869.1561417211055,4,0.5,135.67422737858695
06/10/2023,06/11/2023,7710.8461594101755,11,0.2,121.43700688580336
08/14/2020,08/19/2020,2217.563330301992,3,0.0,368.56935146714056
10/26/2023,11/02/2023,2702.564250856649,14,0.0,275.02673826966225
05/18/2020,05/22/2020,2166.343126585482,7,0.0,467.30269390190216
05/05/2022,05/08/2022,2559.621694297129,6,0.15,716.894645362515
03/27/2022,04/03/2022,593.0078136995764,1,0.0,234.09098675095447
03/18/2023,03/24/2023,10981.061859041089,14,0.0,3297.907087623574
02/12/2023,02/13/2023,1642.8302233363322,10,0.3,284.96533978565327
12/22/2022,12/27/2022,1095.956961643949,8,0.0,195.98436498849736
04/13/2020,04/14/2020,439.0056619989298,1,0.1,90.4789826693695
05/20/2022,05/23/2022,665.0519870567655,4,0.0,213.4639772764484
10/29/2021,10/31/2021,4180.79660583766,6,0.0,1041.7823861938748
09/29/2020,10/04/2020,3479.2474871448003,6,0.0,440.3471923920398
10/26/2022,10/27/2022,5205.877033340871,7,0.0,1677.6420697396948
03/16/2023,03/18/2023,713.4615017738618,14,0.3,11.322147140214508
07/02/2020,07/06/2020,10615.55643323738,11,0.0,1372.6901850941003
11/17/2022,11/20/2022,120.06577570776736,12,0.0,29.22609710847183
02/16/2023,02/19/2023,3720.5054976700735,14,0.2,83.2750452388665
10/19/2020,10/24/2020,2731.3537817303095,5,0.2,515.7700020589601
10/26/2023,10/27/2023,218.7626124939908,5,0.2,42.033480441312975
06/21/2023,06/25/2023,185.03217108806177,4,0.5,-13.505388639792262
05/26/2023,06/01/2023,412.3901897085029,6,0.2,119.32935995688443
06/25/2020,06/30/2020,4099.862406176387,7,0.0,1424.02766048196
08/15/2023,08/21/2023,6278.762433217069,10,0.3,-107.51697933144845
02/27/2020,03/03/2020,5038.943471416254,10,0.1,1383.4602627701804
07/16/2023,07/17/2023,607.535638756875,1,0.0,125.10520063546495
11/03/2020,11/07/2020,3172.8747122631858,9,0.0,1031.458914398712
08/04/2023,08/05/2023,399.75245896567736,14,0.0,136.01115210752707
09/03/2022,09/06/2022,251.18856458963367,8,0.0,36.5261874426223
02/02/2023,02/08/2023,6225.988067712716,7,0.0,1858.7848968648962
06/05/2023,06/07/2023,1003.9204289920523,9,0.0,360.2257125108221
06/24/2023,07/01/2023,2099.5621039983853,3,0.3,98.70479674690516
11/30/2021,12/03/2021,1036.670312376992,10,0.4,-78.68484078130089
03/23/2020,03/26/2020,2440.3971582562954,4,0.1,141.98290207974412
04/24/2023,04/30/2023,4652.382995549573,7,0.3,-79.08917048431991
09/08/2020,09/13/2020,2211.9983091936356,6,0.0,223.99087814935206
10/10/2023,10/13/2023,6191.54639762828,14,0.4,-11.86434821037831
03/06/2022,03/13/2022,4180.972500992568,13,0.1,584.4940035592076
06/15/2022,06/19/2022,623.7832923876617,2,0.0,83.02704101205198
07/28/2020,07/31/2020,419.57208349936906,2,0.0,123.91447376572064
03/26/2022,03/30/2022,8227.255578298758,10,0.0,3270.9256925356563
08/31/2021,09/01/2021,1853.6923508113948,7,0.0,686.3813562335437
03/22/2021,03/27/2021,2612.939231491191,9,0.0,459.4988986297944
04/04/2021,04/08/2021,10988.780492544687,11,0.0,3637.225793659101
08/25/2022,08/28/2022,4008.447973090399,12,0.0,1527.4550919423475
04/16/2021,04/21/2021,3856.920695493556,9,0.0,1434.4245646042166
01/04/2021,01/11/2021,3465.5421611898028,7,0.5,399.8017737508881
06/18/2022,06/23/2022,4131.680761595772,11,0.0,1387.9768114929689
07/11/2022,07/15/2022,2979.923897308066,8,0.0,559.9200801420694
05/16/2020,05/20/2020,7050.217233189634,10,0.15,352.996761666989
01/01/2021,01/03/2021,669.5032360859118,3,0.3,64.50382880241511
06/30/2022,07/02/2022,241.44824260598307,1,0.0,28.11359119081606
07/02/2020,07/07/2020,2101.992947855488,7,0.3,524.5357456608006
08/03/2023,08/09/2023,5629.075140563446,8,0.0,1167.9931529252106
04/16/2021,04/22/2021,105.6211894589454,2,0.0,40.928419571761644
10/30/2023,11/01/2023,3421.5918025174296,9,0.0,1135.7505147244383
10/15/2021,10/18/2021,1199.4603399496987,4,0.15,177.98466463840322
01/18/2022,01/19/2022,2523.7016378941225,10,0.0,341.9449756053233
06/20/2021,06/25/2021,6149.910724798569,11,0.15,591.3626671676899
03/12/2022,03/13/2022,2673.811616485865,9,0.0,807.25948348491
06/27/2023,06/29/2023,6350.908131546399,13,0.2,1581.2526695384256
07/08/2022,07/12/2022,1527.880419120242,3,0.0,601.7284266607952
05/24/2021,05/31/2021,1800.1437769411168,8,0.0,251.38765762387675
09/21/2021,09/26/2021,2711.613925070422,11,0.1,262.44139425058887
09/28/2022,09/30/2022,304.1198897149471,2,0.15,11.475003934043894
01/01/2023,01/04/2023,924.8809178342757,14,0.0,164.72994617881255
07/29/2023,08/05/2023,1308.2928147951113,3,0.3,256.84434845796324
07/04/2022,07/09/2022,540.8486455801528,1,0.2,32.16808573196695
10/15/2023,10/20/2023,871.699968362916,5,0.0,230.4421023814982
10/30/2022,11/05/2022,1238.476921678425,4,0.5,-19.912034531287716
05/19/2023,05/23/2023,10854.016013859875,13,0.15,1332.3073759751844
05/31/2020,06/05/2020,83.6580739884439,1,0.0,23.88470840102314
10/25/2022,10/29/2022,4954.67163773875,10,0.0,1242.1249661635904
05/03/2023,05/05/2023,5959.233435210063,9,0.1,896.4412406524078
07/30/2023,08/02/2023,333.2946351085778,6,0.0,102.20655483094566
04/08/2021,04/15/2021,4682.944554345838,6,0.0,861.6171101187796
02/10/2023,02/17/2023,13716.025746107398,14,0.0,4018.1783490372736
09/27/2020,09/30/2020,858.9062670973458,11,0.2,246.6553426414797
04/01/2023,04/06/2023,1648.0152128225322,2,0.0,525.198706614723
04/04/2021,04/09/2021,3770.998144856338,14,0.3,284.78528171637373
04/14/2020,04/16/2020,1068.7252828677017,7,0.0,346.5531923905369
07/29/2023,08/04/2023,5979.135325252611,12,0.0,2049.483432575675
06/10/2020,06/16/2020,775.7140648646741,12,0.2,75.82770994572095
12/16/2020,12/22/2020,4030.635014754169,9,0.15,953.4050549079001
03/09/2021,03/13/2021,174.97932074405466,6,0.0,40.30103747122366
05/01/2022,05/07/2022,8044.578599816032,11,0.0,2779.858392104822
05/19/2020,05/22/2020,3944.719911627782,8,0.0,744.026555503871
03/01/2023,03/08/2023,5014.982854718951,12,0.1,1661.603742841777
03/27/2020,04/03/2020,1021.1478940233142,5,0.0,278.1975305520966
07/01/2020,07/05/2020,588.240838778909,2,0.2,62.34823131987402
01/02/2021,01/04/2021,2223.593635740161,13,0.1,390.9330670229734
05/08/2020,05/11/2020,2952.1447981215274,4,0.0,603.2400399388233
06/23/2023,06/30/2023,2484.420557264364,12,0.0,357.44327669486796
10/31/2021,11/03/2021,620.5857937811979,1,0.0,74.81020192523587
11/02/2023,11/09/2023,286.8114260570746,1,0.0,56.36808453392425
05/28/2020,05/29/2020,3566.226819406107,6,0.1,669.0495868037827
09/11/2022,09/13/2022,981.090736797832,2,0.1,155.54711114905777
05/01/2022,05/03/2022,2060.1803776137253,6,0.2,8.603006496455679
12/27/2023,12/28/2023,676.2708250763667,1,0.0,185.09659201003242
09/19/2021,09/23/2021,2782.328015888169,11,0.4,-157.35471683995593
03/21/2021,03/28/2021,8231.568965492825,10,0.0,1344.2282473181726
06/02/2022,06/09/2022,2196.9074209587397,3,0.0,299.272747405552
10/20/2020,10/27/2020,6488.26799435861,14,0.15,1175.2188074971757
03/12/2023,03/18/2023,5533.227477288863,9,0.3,-118.69997041305649
09/06/2020,09/12/2020,1661.14640650675,2,0.0,293.8687176298187
05/27/2022,06/02/2022,3433.734404315483,8,0.2,465.3143293262993
08/05/2022,08/11/2022,326.60551040791603,6,0.3,0.10211829205467372
09/01/2022,09/07/2022,5475.229331301616,12,0.2,732.9821377289551
08/18/2023,08/19/2023,2170.226517988096,6,0.0,440.16650934217
11/14/2022,11/16/2022,2669.087885540914,7,0.3,555.6484558573305
02/27/2022,03/03/2022,2602.63662357047,5,0.2,620.6532640140632
09/10/2022,09/13/2022,6613.579928841759,12,0.15,2135.2364418609
06/07/2022,06/13/2022,5955.741467128829,11,0.2,945.0184621419858
06/08/2022,06/09/2022,1364.9518775891295,4,0.5,30.874021324842435
03/10/2020,03/17/2020,709.1316271582148,6,0.0,272.3021159008849
09/16/2021,09/20/2021,1598.3616572217657,8,0.0,351.4440280664339
05/24/2022,05/28/2022,2536.9423779877097,4,0.0,676.6147231116132
02/09/2023,02/13/2023,2070.4533242186317,5,0.0,442.5089798582257
10/19/2023,10/20/2023,5356.561901968942,7,0.0,1412.8371884955739
08/19/2023,08/22/2023,721.7650229771008,6,0.1,53.57656695539514
04/15/2021,04/21/2021,2594.900938192341,13,0.0,869.6505022694133
03/31/2020,04/04/2020,1913.7919864411679,4,0.15,613.531059998293
06/13/2021,06/14/2021,4602.238905584499,13,0.3,-139.3460339463957
10/22/2021,10/29/2021,1094.9327297476923,4,0.0,372.61865851238025
01/08/2022,01/10/2022,2485.5588664206416,10,0.4,-68.30206363420733
12/26/2021,01/02/2022,178.52586110434618,4,0.0,28.43276344890439
05/21/2022,05/22/2022,32.66740884010127,1,0.3,5.161813841401792
07/10/2020,07/11/2020,363.9220647881802,5,0.3,-13.377893533872085
06/19/2023,06/20/2023,4648.196229348439,8,0.0,1110.7878390901203
05/17/2020,05/21/2020,6055.554753269154,7,0.0,608.1795880587532
12/10/2020,12/11/2020,1338.1052818348965,5,0.0,356.3618015683617
04/18/2023,04/20/2023,91.56090599499068,3,0.3,8.114539542605572
10/05/2022,10/09/2022,5478.864398944778,11,0.3,1230.798298531532
05/17/2021,05/24/2021,856.7987166150159,1,0.0,270.81828423736437
07/21/2020,07/23/2020,1717.4553717025071,13,0.1,150.79576161347248
07/26/2021,07/31/2021,2743.2315328669733,7,0.0,566.0987124625763
07/10/2020,07/17/2020,2172.9431383959354,13,0.0,824.5752743572056
01/05/2020,01/06/2020,634.1162096679935,11,0.5,42.86641061346461
06/14/2023,06/20/2023,1955.0605592688921,3,0.0,544.0592075262931
11/06/2020,11/12/2020,2322.8666673992398,4,0.4,157.30796213870462
07/02/2021,07/06/2021,6677.5628997726335,14,0.3,463.62011992584263
02/25/2020,03/02/2020,2462.4162904488553,5,0.5,62.940440893848205
03/18/2021,03/25/2021,5720.66720302465,13,0.0,1896.3973132647347
06/14/2023,06/18/2023,10786.693091269039,12,0.0,1491.3822408558246
05/19/2022,05/26/2022,1704.2670593571324,8,0.0,666.2818296279802
05/05/2023,05/06/2023,1317.9433627431258,13,0.2,94.64080214690732
08/07/2021,08/10/2021,4197.694359899706,7,0.15,668.7884375643046
01/21/2022,01/24/2022,3399.248227986085,9,0.0,363.0896368480795
12/25/2020,12/27/2020,2855.6943951327494,11,0.2,471.48593027301195
03/29/2022,03/30/2022,2023.7033166530446,3,0.0,434.20589326226144
01/30/2020,02/05/2020,4762.088818925105,14,0.0,833.0167759361503
04/17/2020,04/18/2020,6345.158495786398,11,0.0,2510.5081270858395
04/23/2022,04/28/2022,3064.605551986913,10,0.0,700.0856720589333
12/17/2021,12/20/2021,785.9200123291389,1,0.0,176.27314218800382
06/09/2022,06/15/2022,319.2644570903622,1,0.0,76.28216940242422
08/17/2022,08/24/2022,4533.011305630566,12,0.3,-68.69264717194095
06/11/2022,06/18/2022,263.554582880333,10,0.2,31.080684376247834
01/01/2022,01/04/2022,10319.575181822514,13,0.0,2073.422231179794
08/28/2021,08/29/2021,6990.3052472260715,14,0.2,975.4085834103212
04/01/2021,04/07/2021,180.28322669067003,1,0.1,55.34448973743545
09/06/2021,09/08/2021,446.43928466022976,2,0.0,70.46402055799531
11/28/2021,12/05/2021,431.7887829116381,2,0.2,78.72450713400465
11/04/2021,11/05/2021,3455.5505811201565,7,0.15,125.40582473718798
06/24/2023,06/26/2023,4229.173748680009,9,0.15,507.6605038150199
06/26/2021,07/02/2021,1911.6505606291992,8,0.15,318.8581247729925
05/06/2022,05/09/2022,2370.213674794594,4,0.15,112.0725795616143
06/15/2022,06/20/2022,1780.3015085487878,2,0.0,468.558231238595
10/04/2020,10/08/2020,111.46867804170647,3,0.3,4.804042120927568
07/05/2021,07/08/2021,4230.246714444546,10,0.0,1682.9740608644129
04/20/2020,04/22/2020,2091.5472107577666,5,0.3,291.3333901730091
01/19/2021,01/20/2021,5315.137663514664,9,0.0,920.8612006032312
01/30/2022,02/06/2022,234.71994815692523,8,0.0,30.701832470257163
04/29/2023,05/05/2023,2413.9874773508145,13,0.15,89.83879817878567
11/24/2021,11/27/2021,854.5489691880038,12,0.0,108.72595676930055
12/20/2023,12/27/2023,5618.099133879461,14,0.3,865.2875952423454
02/08/2021,02/15/2021,1946.8079663783174,3,0.0,694.032528867145
09/20/2023,09/25/2023,1286.3072746877074,9,0.15,92.63976555838941
05/17/2023,05/23/2023,3396.810081486519,10,0.0,749.4733179309726
01/22/2020,01/24/2020,1009.5171178267824,3,0.0,208.23370459132752
11/08/2021,11/14/2021,8216.043082738855,10,0.0,2410.2208297156303
09/02/2021,09/08/2021,2067.6706669351884,12,0.15,165.0070759347459
05/16/2023,05/17/2023,6578.6886633375825,14,0.15,2045.9444986379933
01/08/2020,01/12/2020,5652.764333106304,8,0.1,1518.145475717859
12/02/2021,12/09/2021,415.64120548403866,1,0.5,56.74398729645012
06/12/2021,06/14/2021,2277.661473362411,4,0.15,246.46750977183154
08/24/2021,08/25/2021,735.6779393742337,4,0.4,56.143034881915305
10/18/2021,10/25/2021,4948.896654483406,6,0.0,1582.065168693582
06/14/2020,06/18/2020,8936.932401949503,12,0.0,2799.8235512811275
04/28/2022,04/29/2022,8489.093309891718,12,0.0,903.2720399440531
05/10/2021,05/14/2021,153.3240897923142,2,0.0,61.25094218171664
08/12/2021,08/16/2021,332.8430606237145,7,0.1,109.31164956480279
03/04/2021,03/08/2021,3142.852401260537,5,0.1,270.0515549180984
02/12/2022,02/13/2022,8508.121678994323,10,0.1,1812.8257608582428
06/11/2020,06/17/2020,3724.736106155468,6,0.2,351.4919359657526
12/31/2020,01/04/2021,4582.384459558134,11,0.5,520.871415117307
06/16/2023,06/22/2023,5385.418088804666,14,0.3,857.6595463195051
03/12/2020,03/19/2020,1869.241695883159,6,0.0,312.26644632114795
10/16/2021,10/23/2021,9533.433389189015,14,0.0,1050.1872310711153
09/25/2020,09/27/2020,10007.916334328718,14,0.0,1876.709898971343
02/18/2021,02/23/2021,8143.252703724802,12,0.0,907.4937053440156
06/22/2023,06/28/2023,11935.248773516803,14,0.1,1102.735992875387
10/12/2022,10/19/2022,3697.7217050259183,11,0.1,890.5645184116064
11/05/2021,11/10/2021,295.565781397354,6,0.0,95.62307324947683
12/19/2022,12/23/2022,7274.879273838683,10,0.2,1021.4299336974392
01/06/2020,01/11/2020,1621.3836255891886,12,0.2,291.9890772549781
09/08/2022,09/13/2022,5602.761247948465,8,0.0,822.2921168927182
07/23/2021,07/27/2021,8744.723953749575,10,0.0,1705.5582902318215
02/10/2021,02/16/2021,887.7119552965686,4,0.3,145.46505642505417
05/25/2023,05/29/2023,7488.999796017394,10,0.1,1194.2508379798207
01/26/2020,01/28/2020,2709.900360069838,8,0.0,554.5631341260693
10/25/2022,10/28/2022,7166.838140584985,9,0.0,1133.7779630677755
09/12/2022,09/13/2022,1028.71033647185,13,0.0,286.4417831668553
01/24/2021,01/28/2021,8562.97739289484,13,0.0,2935.915973894883
12/10/2021,12/14/2021,1905.0267593644226,4,0.3,173.04026449507876
07/24/2021,07/29/2021,496.5115717801468,1,0.0,66.86113052784569
01/23/2022,01/25/2022,2070.6598656722513,3,0.0,727.8581247497084
05/25/2020,06/01/2020,923.9518338483026,1,0.0,112.18542910324403
11/12/2023,11/19/2023,4124.491149623856,7,0.2,583.6906127410986
02/23/2022,02/28/2022,11540.196824337758,12,0.0,2057.884836122301
06/26/2023,07/02/2023,454.12619071355107,1,0.0,172.97459835902768
06/09/2021,06/13/2021,5276.777461430484,11,0.1,1431.3942702013892
01/13/2020,01/17/2020,1084.405241061319,4,0.0,292.70558502051915
06/21/2022,06/26/2022,12814.693464597176,13,0.0,3848.593730985048
01/18/2021,01/22/2021,904.1951493352352,14,0.0,234.9263370196308
07/09/2021,07/15/2021,292.0273707525138,1,0.2,12.93105478590303
06/05/2022,06/08/2022,1980.6812552860238,13,0.5,124.24735079225833
11/23/2023,11/24/2023,5104.405747958073,13,0.0,1264.8829009458914
01/19/2020,01/20/2020,1837.081363829334,2,0.0,533.2914587582812
07/28/2021,07/29/2021,4117.932448606127,11,0.0,467.63446450750996
01/20/2022,01/23/2022,10279.437125137607,14,0.2,438.01131592077695
09/30/2022,10/04/2022,386.1949257419136,1,0.1,87.59331244320508
02/22/2021,02/27/2021,8904.699247891263,13,0.2,1227.3228623226744
09/22/2023,09/29/2023,2237.763539441564,5,0.15,208.2509758191859
02/22/2021,02/24/2021,1336.6051229749335,7,0.4,-37.11982835830026
05/01/2020,05/05/2020,955.1982320542377,3,0.3,133.24775942202797
03/07/2021,03/10/2021,4817.53740371032,14,0.2,85.22275734492227
02/13/2020,02/19/2020,2138.519371717563,8,0.0,492.45290160738784
09/02/2023,09/05/2023,4154.392797687828,14,0.0,1067.3925095132288
01/15/2021,01/22/2021,875.6522194407474,5,0.1,124.73033717070939
05/24/2020,05/25/2020,1541.8824823598954,5,0.1,456.6515460547198
09/12/2023,09/16/2023,6941.1872846443075,13,0.15,291.74417352053416
12/28/2020,01/04/2021,1963.4629351126746,5,0.0,706.3260161185689
12/09/2022,12/10/2022,4863.3598559557995,8,0.15,1176.8304578715438
12/24/2022,12/26/2022,1974.2167759821473,2,0.0,461.7225419718382
12/20/2020,12/26/2020,651.6611167723883,2,0.15,197.02336349697117
03/10/2022,03/11/2022,6552.179507282091,14,0.0,2035.5753633846202
04/02/2023,04/04/2023,2069.6286645433997,12,0.0,785.0383095475969
03/10/2023,03/13/2023,3186.345063372183,8,0.0,770.3847395294998
04/05/2022,04/06/2022,4596.253995581466,9,0.3,394.78112782321796
02/25/2023,02/26/2023,2477.5382691954205,11,0.0,642.2343810699588
02/01/2021,02/06/2021,2282.802098024123,12,0.0,273.08707494009036
05/29/2022,06/04/2022,3826.1112491269982,10,0.0,1425.4111473545943
04/07/2021,04/13/2021,6973.935422314709,10,0.15,1571.333065116461
03/18/2022,03/25/2022,1254.8412356287372,2,0.0,357.97571611519476
07/05/2020,07/08/2020,1916.0071676214807,4,0.5,245.13215778204147
01/01/2022,01/06/2022,6519.564220164114,8,0.1,2269.402628296354
04/28/2023,05/05/2023,319.2516497100198,2,0.0,47.57424782683174
11/12/2023,11/14/2023,177.23263932788444,4,0.15,44.2548297282006
03/04/2021,03/11/2021,4051.0378685280666,10,0.0,1109.9177459095774
05/07/2022,05/09/2022,4794.414024677124,13,0.3,423.3427146603325
07/31/2023,08/03/2023,6765.393817864855,13,0.0,2660.7196572215985
08/24/2020,08/30/2020,71.38309754667237,1,0.5,7.500857607682996
05/02/2023,05/04/2023,227.06773831620927,2,0.15,53.1395263758929
08/03/2023,08/06/2023,276.321526284917,7,0.3,17.906422463006585
02/09/2022,02/16/2022,852.3513267948464,1,0.0,255.5453616157102
01/27/2022,01/29/2022,11379.200360249964,12,0.0,2952.996224729983
05/15/2020,05/19/2020,99.62253601263357,1,0.2,7.452815209471986
03/02/2022,03/03/2022,375.6849462681548,2,0.15,60.1525686125528
06/19/2020,06/26/2020,395.8570235502449,4,0.0,64.78738177136951
06/07/2020,06/13/2020,6151.090046005987,7,0.0,1538.548089906741
07/19/2020,07/26/2020,3836.4865848035142,4,0.0,1212.6037733487963
08/19/2022,08/23/2022,1144.009096553145,5,0.15,41.17731143485045
08/05/2021,08/08/2021,1242.1919665440846,4,0.0,409.4437545358513
05/25/2022,05/28/2022,1476.1719502752408,4,0.0,156.4715660805472
01/05/2021,01/12/2021,4566.952096082316,9,0.0,1165.4099565442525
04/12/2020,04/16/2020,4113.818213150866,6,0.0,1119.135498122725
09/28/2022,10/05/2022,6112.160129064935,12,0.0,2007.0685896410243
02/22/2023,02/23/2023,1427.2373487892182,3,0.5,111.76502573475506
08/29/2023,08/30/2023,653.367143617702,6,0.0,147.16221603318039
09/02/2022,09/07/2022,6244.831765788036,13,0.4,-500.1376272487064
03/08/2022,03/10/2022,2387.9678193373543,7,0.0,735.6135961939926
06/07/2023,06/12/2023,2686.405478439775,7,0.0,680.4552307434956
10/19/2021,10/20/2021,5693.929194184985,8,0.0,1138.316300347767
05/31/2022,06/04/2022,10277.42089347077,13,0.15,981.104538994999
05/05/2023,05/07/2023,2444.731820611339,4,0.15,148.95130982650372
01/02/2022,01/06/2022,778.1019696256027,1,0.0,146.70548448203073
02/26/2021,03/03/2021,4519.628698423266,6,0.0,1073.6237301360063
07/25/2021,07/28/2021,1573.2903356346603,8,0.4,68.096332988612
06/19/2020,06/23/2020,1898.4028221260635,5,0.5,47.12154626925748
11/06/2023,11/11/2023,10226.782184028847,13,0.0,2134.7443506050136
06/21/2020,06/26/2020,1372.0691094822193,3,0.15,412.9507628153755
10/24/2021,10/29/2021,2165.5547051205926,4,0.0,538.7053026332767
03/28/2021,03/31/2021,6096.9887602548715,8,0.0,1384.732918137718
12/15/2020,12/18/2020,4913.16332161298,6,0.0,562.3134607756344
05/08/2021,05/15/2021,4469.705338934728,13,0.0,1250.1968071070057
09/11/2021,09/14/2021,7312.274018135793,13,0.3,956.8891563557609
10/24/2022,10/26/2022,4080.3345830432854,5,0.0,1122.038513107769
01/21/2023,01/24/2023,2828.8772987599045,13,0.1,894.7146961393435
07/07/2022,07/10/2022,4534.621798540357,9,0.3,811.1089337481769
01/06/2020,01/09/2020,1946.6858261779678,10,0.0,701.2384501801055
10/14/2020,10/18/2020,306.35586557474386,3,0.0,36.09692121451628
03/15/2023,03/18/2023,3241.2664588064617,7,0.2,309.33976035821564
12/18/2023,12/20/2023,8186.091091160085,9,0.0,1601.3106099936697
08/30/2021,09/04/2021,496.14876619556173,11,0.0,147.41250504359388
04/01/2021,04/05/2021,10767.076075846642,13,0.0,2525.789315035997
05/10/2023,05/11/2023,5625.471484561187,11,0.0,1874.6421363426932
05/20/2023,05/23/2023,7243.206551565748,12,0.3,473.19267212851116
10/26/2022,11/02/2022,2873.1433637857435,4,0.15,262.8416861305787
09/15/2021,09/22/2021,8765.339367681257,10,0.0,1641.6193926647531
01/10/2021,01/15/2021,6940.66693732746,10,0.1,726.971825473819
03/22/2021,03/27/2021,1266.8436465022876,3,0.5,-114.81681720062346
04/14/2022,04/18/2022,184.26495512919158,1,0.0,30.413239419546628
02/03/2023,02/10/2023,2797.33155647573,9,0.0,293.2398289650327
03/21/2022,03/22/2022,1625.3985091449522,13,0.5,105.36875086413129
11/25/2023,12/01/2023,372.5020103453899,1,0.5,-11.219498801391106
01/24/2023,01/31/2023,324.2133763469291,2,0.0,34.626442351399774
11/12/2023,11/19/2023,1713.6496122660963,9,0.0,361.5839467594349
08/16/2022,08/18/2022,4400.875367573615,5,0.0,1635.4112235199043
04/28/2022,05/04/2022,2835.293483934839,4,0.0,718.387652572438
03/19/2022,03/24/2022,6706.190262770203,9,0.15,2152.8587756471984
09/05/2022,09/11/2022,1331.6553511027523,9,0.0,348.8774951619199
02/19/2021,02/26/2021,809.9812010313786,2,0.0,314.95284698409495
12/26/2021,12/31/2021,870.9589751266634,3,0.0,139.82394429445785
03/29/2021,04/04/2021,117.50564656111804,12,0.5,-7.405153695417915
08/07/2023,08/12/2023,875.0331925029593,3,0.0,271.25244330046945
05/01/2023,05/06/2023,1928.9370972905033,5,0.0,763.9487573605803
05/29/2020,06/02/2020,658.4333656568509,13,0.5,64.25600075308436
01/28/2022,01/29/2022,1541.2212420710891,3,0.1,333.0757623814097
02/17/2022,02/22/2022,3893.4093584790685,10,0.0,488.8011315410949
08/30/2022,09/01/2022,335.98227392862,6,0.0,70.32570397780727
02/01/2022,02/08/2022,1413.878152438594,2,0.0,178.046438208675
09/28/2022,10/05/2022,3952.7299917145397,6,0.1,566.7598520591708
11/17/2023,11/19/2023,5016.760371238443,6,0.0,891.1654236260495
09/01/2023,09/04/2023,981.3703877366256,2,0.0,212.53203740891138
03/16/2020,03/21/2020,5813.833256166989,6,0.0,2041.7192706647443
08/21/2021,08/26/2021,5489.541018522791,6,0.0,796.6037734684545
07/17/2023,07/22/2023,3001.5257877853037,6,0.1,425.67393994791684
08/12/2020,08/18/2020,5406.028941104676,12,0.0,964.0851080577011
04/22/2020,04/27/2020,169.05308711061713,13,0.0,31.92440661221691
09/07/2020,09/12/2020,5996.630525943468,14,0.4,49.09466862565756
06/10/2023,06/12/2023,2561.8723155413736,5,0.1,315.86226833200527
04/20/2022,04/21/2022,6567.180928218539,7,0.0,2513.7486190937525
12/14/2021,12/15/2021,6611.1023340765905,13,0.15,998.4781847711731
01/11/2023,01/14/2023,11915.13039544563,12,0.0,1599.4153699472186
05/04/2020,05/06/2020,3421.12431657863,5,0.2,479.9754727865491
04/13/2023,04/18/2023,8395.745216819872,11,0.2,464.5329773644484
12/28/2022,12/29/2022,284.2282220363603,1,0.15,25.534834024626925
12/06/2022,12/10/2022,1515.2892942681003,12,0.2,129.57606257406525
06/02/2022,06/06/2022,7190.1305339145665,9,0.0,988.1249484571401
07/03/2023,07/07/2023,1892.0043166546589,3,0.2,409.308039978828
01/30/2020,02/04/2020,438.6689000230151,2,0.0,148.08757668654
10/07/2020,10/12/2020,7670.972075935637,10,0.0,1674.4617953866732
07/12/2022,07/15/2022,2110.1530480595716,6,0.4,225.14860734684285
06/14/2023,06/21/2023,852.695232859125,8,0.1,142.13260235155334
06/25/2023,06/28/2023,506.76576159450667,2,0.5,-51.07023327728489
01/02/2021,01/05/2021,3727.306483321167,4,0.0,816.8407753225687
05/09/2021,05/15/2021,1022.785939981553,2,0.0,273.182257051825
11/14/2022,11/18/2022,9489.74399589525,12,0.0,1065.6820633526252
12/18/2021,12/23/2021,393.9330451104771,12,0.15,87.1952348273963
10/13/2022,10/17/2022,6577.205388605709,9,0.0,2123.006079468516
08/30/2023,09/02/2023,9473.690122761025,10,0.0,3391.496533172658
08/28/2021,09/02/2021,6558.9225915720845,13,0.0,858.1115039675185
01/09/2021,01/11/2021,550.9325022325288,2,0.2,0.01546916955947697
09/30/2021,10/01/2021,6501.839998380283,10,0.0,793.0938624313438
11/14/2022,11/15/2022,1283.938044119202,2,0.3,291.7557142712872
09/19/2023,09/22/2023,2590.027356392133,14,0.0,853.8458137410244
10/10/2023,10/17/2023,5325.544482992274,13,0.0,1867.2993581504322
04/25/2020,04/29/2020,823.6368908601138,5,0.0,210.11318001488027
02/17/2020,02/19/2020,3010.1261393861632,12,0.5,24.129057859752276
04/08/2020,04/13/2020,2725.088964501267,5,0.0,516.5451830639378
02/08/2021,02/15/2021,11337.138942893322,12,0.0,4000.0364277024732
05/22/2023,05/26/2023,2342.984012487726,7,0.2,583.2410601641739
11/15/2021,11/18/2021,571.2870474043013,1,0.0,124.34142779268569
06/21/2022,06/25/2022,8509.535503810665,12,0.2,840.5729479238205
05/17/2021,05/20/2021,656.3819003487943,2,0.0,211.03464532042435
06/12/2022,06/18/2022,7451.644533057055,11,0.0,803.6631528015489
09/14/2020,09/15/2020,8355.49253367263,11,0.0,2991.1382336403813
04/23/2022,04/30/2022,2023.337714040836,6,0.0,473.20688738236106
04/30/2020,05/01/2020,276.31643788054083,2,0.2,36.58520102513836
03/20/2022,03/24/2022,1625.217428746402,4,0.2,326.2190936286358
09/04/2022,09/06/2022,3269.1034154877175,10,0.1,796.7616025764362
02/23/2020,02/28/2020,985.6721069074504,6,0.4,-19.918245268988912
10/15/2022,10/18/2022,12657.932268633132,13,0.0,4847.780232780378
09/16/2023,09/21/2023,6085.577862174214,12,0.0,2409.2741523250893
02/22/2022,02/23/2022,5104.581855584688,7,0.15,933.1007399735716
08/28/2020,08/30/2020,1728.5960097223674,10,0.15,334.335082538665
04/27/2021,04/29/2021,4700.241686250696,5,0.0,1251.652688361461
10/09/2022,10/14/2022,5416.112417518654,8,0.15,924.7265745505111
07/05/2020,07/06/2020,4863.631407763506,6,0.0,1865.4755729200278
10/17/2021,10/22/2021,1583.4689057758774,5,0.2,116.2673677704688
09/18/2020,09/22/2020,1374.1857448113462,4,0.3,-24.202911186771352
08/10/2022,08/12/2022,3226.0722262543436,6,0.1,1060.9396143978638
10/19/2023,10/21/2023,4751.207285058084,6,0.0,778.7774856487652
05/05/2021,05/09/2021,4337.88754115315,6,0.15,1083.3726908843482
03/06/2021,03/07/2021,69.81188500673208,1,0.2,4.269834006016306
08/26/2020,08/28/2020,5430.130581947056,6,0.0,2107.1936925313657
10/30/2020,11/06/2020,938.1216859792183,1,0.0,316.4627152990321
10/24/2020,10/30/2020,1492.3963257830442,5,0.5,187.46803848084244
03/16/2020,03/22/2020,1364.181749856498,7,0.0,525.6130157817169
09/18/2023,09/24/2023,820.2306843764545,1,0.0,102.79730958375221
09/25/2022,09/28/2022,7190.322599253337,13,0.0,1653.8939652161337
10/03/2021,10/10/2021,737.1220402612943,1,0.1,180.17481483036673
04/06/2022,04/09/2022,6369.948353522703,13,0.4,896.4863464236676
10/09/2020,10/10/2020,1059.2753489447264,13,0.15,103.21740362107556
08/13/2021,08/17/2021,3665.7072845217444,6,0.0,1372.3728371088646
03/12/2020,03/17/2020,2905.4614948424028,7,0.15,265.248002010936
07/10/2023,07/17/2023,4827.957204027564,6,0.15,1375.2577094337985
12/03/2021,12/04/2021,1366.5369555276407,5,0.1,278.51905407888967
07/28/2021,08/02/2021,1283.6406307740945,6,0.0,326.8491156217307
09/26/2022,09/27/2022,9924.181661421544,13,0.15,1361.614442666055
06/10/2022,06/13/2022,2201.1977849554514,14,0.0,288.47042433458205
01/12/2020,01/18/2020,2068.962792411651,3,0.0,422.33120710420593
05/20/2020,05/24/2020,2486.858887197481,9,0.1,442.7131420041606
01/17/2020,01/20/2020,1430.4182448562572,5,0.5,-9.002599039331464
12/22/2022,12/26/2022,1240.114477025697,2,0.0,398.98027856430525
09/09/2020,09/16/2020,2962.3691239687096,14,0.5,-131.46688118112357
04/09/2021,04/14/2021,13653.014626086147,14,0.0,3030.666943227333
01/10/2021,01/11/2021,1348.9424294796418,12,0.2,366.6824549893523
09/07/2022,09/09/2022,3974.8509814638946,10,0.0,1294.8879530539825
06/03/2021,06/05/2021,4360.913736055726,10,0.0,465.99298535873504
03/30/2020,04/03/2020,3998.839820889184,7,0.1,1174.1658497882527
12/20/2021,12/26/2021,1115.6053336539496,3,0.1,387.0962832897724
03/14/2022,03/20/2022,84.85252100675328,1,0.2,23.922498604764666
03/06/2022,03/10/2022,2417.2870304074954,3,0.15,666.6557819135463
09/21/2021,09/24/2021,3417.5381556606208,9,0.1,815.9444942025568
04/13/2023,04/15/2023,1047.7409698347053,5,0.4,-17.33211182012891
03/16/2020,03/19/2020,3165.7843205258528,7,0.0,938.1142825663624
07/14/2022,07/19/2022,673.2891759228996,3,0.0,207.82938204054528
02/03/2021,02/05/2021,436.87787128785754,4,0.0,80.58974613922672
08/27/2022,09/01/2022,157.09269431777395,1,0.0,27.74239502301751
12/30/2022,12/31/2022,419.97186896045764,3,0.2,50.00905648139344
04/18/2023,04/21/2023,1439.8769268361532,7,0.0,420.9395109103116
02/21/2023,02/25/2023,1703.0424404157216,4,0.0,320.03348872329923
11/05/2023,11/07/2023,1255.3205527074242,2,0.0,334.7939369933932
08/09/2023,08/12/2023,7970.746891545462,14,0.1,2548.815462254467
03/07/2022,03/11/2022,50.482969331537944,5,0.0,9.517559128335606
07/13/2020,07/14/2020,4608.7404511470795,5,0.0,1796.4507148456696
08/15/2020,08/17/2020,1484.3136757085972,2,0.1,284.9947472195325
12/25/2023,12/30/2023,8485.828199566778,11,0.2,256.8872451500798
12/30/2023,12/31/2023,2198.3188876973454,6,0.0,256.1301304106743
04/05/2021,04/11/2021,6013.361555302527,10,0.1,911.6397689796036
09/09/2021,09/13/2021,705.3621670541446,4,0.0,125.29185024451031
11/10/2022,11/12/2022,6878.446654364314,14,0.4,1053.1864683867066
03/04/2020,03/06/2020,169.75404572482518,1,0.0,54.54053646776309
06/13/2020,06/20/2020,499.08876569950814,3,0.5,57.57681950049194
01/27/2020,02/03/2020,3471.485551712594,14,0.5,92.95266884469353
08/27/2023,08/28/2023,4309.821735582405,9,0.2,563.0229331747287
10/08/2022,10/10/2022,5640.366940438643,10,0.0,1021.8674130591959
10/11/2020,10/15/2020,699.7728250352529,7,0.1,157.40175616197396
10/07/2020,10/08/2020,5556.970156857762,13,0.0,1586.0005903428582
04/17/2022,04/22/2022,3879.45672056781,6,0.3,263.3540840683492
04/10/2022,04/11/2022,9784.82223571253,14,0.2,2749.325912808961
04/02/2023,04/03/2023,297.4378440110467,1,0.5,12.488337305440067
07/06/2022,07/11/2022,4411.00017219785,9,0.15,1218.5139203246933
08/11/2020,08/17/2020,1410.5336406271915,13,0.1,333.051287880687
02/22/2022,03/01/2022,1686.880548076323,9,0.1,244.53195118181534
03/15/2023,03/19/2023,260.11334517805506,1,0.0,83.49267650122668
08/22/2022,08/28/2022,6906.392797339946,14,0.0,1167.707749828944
08/07/2022,08/13/2022,8111.169488143115,13,0.15,1654.5391405187233
11/19/2022,11/25/2022,3635.7211959760816,13,0.4,75.29543296129835
02/14/2020,02/21/2020,727.9223296627283,6,0.1,69.12747934751727
04/15/2021,04/18/2021,2180.2814023822066,7,0.3,161.28015234084506
02/03/2020,02/10/2020,239.40968969595926,2,0.3,10.314786644664572
10/14/2021,10/20/2021,6782.722903583601,10,0.1,567.4875303466421
12/21/2023,12/24/2023,1398.6868144042658,8,0.0,485.5519856685966
04/09/2022,04/14/2022,3316.4188176132825,8,0.15,578.9630421283482
08/08/2020,08/15/2020,4178.876799806892,6,0.0,852.1017371794808
06/17/2021,06/21/2021,2123.2447497518087,9,0.0,533.9732825734263
11/22/2021,11/28/2021,255.80941968285947,3,0.0,83.48978278598233
10/22/2023,10/24/2023,567.6664813140012,2,0.5,-82.03426774919195
07/20/2022,07/25/2022,127.32127373869717,2,0.0,33.61606654640231
04/20/2022,04/23/2022,3018.64387834628,6,0.15,509.3817705881495
10/07/2022,10/14/2022,3704.2214058306627,7,0.3,807.2278458042944
08/04/2021,08/08/2021,1713.7164419534759,6,0.15,328.6762429262842
02/13/2023,02/14/2023,4885.3125583998635,11,0.1,445.5251300833751
08/26/2020,08/30/2020,2230.738127622473,3,0.2,260.11514037103694
09/20/2023,09/24/2023,2381.9888776689845,5,0.0,682.0129887139343
03/16/2021,03/22/2021,7972.7081662356395,8,0.0,907.1358682095484
05/27/2020,06/02/2020,496.2971617322885,6,0.5,57.27007659039666
10/29/2022,11/05/2022,1423.6891269169125,2,0.0,171.31920713269446
08/04/2023,08/11/2023,3903.749852680925,7,0.15,133.41977956411037
01/22/2021,01/25/2021,6289.78871081566,8,0.1,318.2926961071964
12/09/2022,12/16/2022,406.0751194825413,4,0.0,123.90299978885643
07/04/2022,07/07/2022,1724.427153520791,12,0.5,-22.803779555417655
09/29/2021,10/05/2021,112.68594680218553,1,0.2,3.4758327666671502
10/04/2020,10/10/2020,1867.5283420984044,2,0.0,666.4509390514797
09/15/2022,09/17/2022,864.7379427976091,4,0.5,-77.12071758503085
08/16/2023,08/18/2023,5101.405047646423,7,0.2,499.4135135231959
08/11/2021,08/16/2021,602.9258488304689,2,0.0,92.43844602565923
10/10/2021,10/16/2021,689.0325437749804,6,0.15,208.79538837816176
09/09/2021,09/10/2021,607.1438005123125,2,0.0,198.79104438439515
05/14/2020,05/16/2020,6492.9882499355,12,0.1,1734.8356818704221
08/02/2021,08/05/2021,5927.461861067214,7,0.0,670.9816231951758
03/16/2023,03/20/2023,704.7662153269445,2,0.1,145.75306131886373
05/04/2021,05/11/2021,2472.283546184563,3,0.1,550.4186546019788
04/22/2021,04/29/2021,1586.2753562112414,9,0.3,102.72124674755213
03/28/2023,04/02/2023,7244.694916479584,13,0.2,699.3077612630697
01/18/2021,01/20/2021,2953.424867909798,4,0.0,1050.1872556134897
06/11/2020,06/15/2020,2755.988243345636,14,0.3,-118.76937561478742
03/16/2021,03/20/2021,165.15080782884976,5,0.1,39.24089790323611
04/27/2023,04/29/2023,2842.6250100213965,9,0.15,407.2744665725653
02/18/2021,02/19/2021,383.209300831523,7,0.0,114.88047855591137
09/24/2023,09/25/2023,5049.778930829672,8,0.3,47.3430092977044
04/19/2023,04/24/2023,6296.334068011134,11,0.4,-178.82969924166602
10/14/2020,10/15/2020,1771.262680287697,3,0.2,311.84167396541653
07/05/2020,07/10/2020,4814.15708044059,11,0.4,933.857719255476
03/07/2023,03/10/2023,2733.321169893746,11,0.0,1072.5690983866912
05/09/2020,05/11/2020,232.92169821901055,4,0.3,5.751837161076949
07/12/2020,07/16/2020,5628.585126516152,7,0.0,735.6859587440847
11/11/2020,11/16/2020,2254.281248951336,4,0.0,624.6680324083763
05/23/2020,05/30/2020,1164.1791343148154,2,0.15,175.78497508620092
01/16/2020,01/17/2020,9303.951423123875,14,0.15,2358.6076387137146
08/18/2023,08/25/2023,4153.399262627462,10,0.0,1073.218090838052
02/26/2021,03/03/2021,918.6067444712071,6,0.0,232.56921953480304
09/01/2020,09/07/2020,7173.7778823233975,9,0.0,2108.645639568003
07/15/2022,07/20/2022,918.4559656722466,2,0.0,126.67852901999188
02/04/2023,02/05/2023,828.6549885473733,1,0.0,251.20553245720805
01/16/2023,01/22/2023,3546.577242339301,8,0.0,874.4295800676421
05/08/2020,05/14/2020,224.84624437273303,1,0.0,77.80672069963984
06/25/2022,06/26/2022,89.64748324362225,1,0.5,-9.716706921444754
06/05/2022,06/11/2022,1791.5580935845828,3,0.2,161.64174298985205
12/06/2020,12/08/2020,2895.7011578302836,5,0.0,1115.0589734212633
01/04/2020,01/08/2020,2668.6196644902575,13,0.5,42.489398797340705
09/12/2023,09/19/2023,5071.395004020071,12,0.15,1540.6406093154746
12/04/2023,12/06/2023,4987.27997310307,9,0.0,1529.6512884647718
11/01/2020,11/03/2020,2717.245051482919,11,0.0,1026.926817720853
06/26/2022,06/27/2022,3843.8392390071226,10,0.0,750.8858668045069
08/29/2021,08/30/2021,598.9747009172754,2,0.0,76.16569934435239
06/02/2023,06/09/2023,4734.475299338052,12,0.0,1612.9056759360294
10/03/2023,10/07/2023,5460.011186933439,12,0.1,1590.723075741496
09/18/2022,09/23/2022,163.46156729744004,1,0.1,38.51939768623715
11/16/2020,11/18/2020,319.66392961791934,1,0.2,55.58030658965015
07/12/2021,07/18/2021,3133.1159909908342,8,0.0,1173.2656250492948
04/19/2023,04/23/2023,2345.150229390721,10,0.2,124.17462612679616
09/09/2021,09/11/2021,8986.60225398985,10,0.1,2111.5045696567518
12/11/2021,12/16/2021,414.45616952174237,10,0.5,-55.98010441342211
11/10/2023,11/16/2023,1293.0432557857569,2,0.0,183.94766251391755
02/05/2023,02/07/2023,1425.0149196743557,13,0.4,44.43439418038807
06/14/2021,06/17/2021,5299.111121171682,9,0.3,1040.5451751157048
02/13/2021,02/20/2021,7000.16746546644,9,0.15,1714.6196695341912
08/12/2023,08/16/2023,692.6874447308777,2,0.15,219.73383832936844
03/28/2022,04/04/2022,2475.7309947795075,3,0.0,280.8830562052208
04/09/2023,04/10/2023,257.4103548565598,2,0.5,-9.162350236464691
09/16/2023,09/18/2023,892.0069335358137,6,0.0,131.6934421496073
05/07/2021,05/13/2021,2033.1327475530845,7,0.1,124.20079647545026
05/03/2023,05/09/2023,4179.087285025641,12,0.0,749.3908682131914
01/12/2020,01/16/2020,2420.303816026339,6,0.0,419.5392228218288
07/13/2020,07/17/2020,967.0348489725134,3,0.15,146.03030361051935
05/04/2021,05/11/2021,3002.637659918392,12,0.4,-174.07983290508554
03/05/2022,03/11/2022,2138.799096441236,3,0.0,527.3642787439143
05/30/2022,06/05/2022,1518.7459892224672,12,0.5,191.40679490627178
06/30/2020,07/06/2020,51.101711653446856,2,0.1,14.025206096123615
08/19/2022,08/21/2022,989.5674917349179,2,0.0,348.9741414362909
10/17/2021,10/23/2021,4991.891649390968,11,0.0,1704.3245484474678
09/01/2023,09/02/2023,666.857663471963,12,0.2,77.94759250378266
11/24/2021,11/30/2021,712.316937431998,5,0.0,222.73317998348665
01/30/2020,01/31/2020,5663.038543118494,11,0.0,1847.7185008838637
01/24/2023,01/26/2023,2666.4357766132184,11,0.0,431.1478175900755
11/05/2023,11/09/2023,7030.57848960026,8,0.0,2517.5004760109036
02/16/2022,02/17/2022,871.4858956555208,6,0.2,119.67612047554786
03/19/2021,03/21/2021,269.29264977027987,9,0.0,28.250932257638087
10/24/2020,10/30/2020,4983.969448668647,11,0.0,1460.3789671939671
03/18/2022,03/20/2022,4931.507397510864,5,0.0,1494.3893979978177
04/24/2022,04/30/2022,6375.338010434116,10,0.0,1692.8351438618843
10/12/2022,10/19/2022,1441.957696197221,4,0.0,236.08393297370375
10/16/2023,10/18/2023,216.26458396075589,9,0.1,42.10312627990985
10/29/2023,11/02/2023,4999.009344517006,12,0.15,725.0474924454413
07/07/2021,07/08/2021,2144.0134211704594,10,0.0,841.3233492418415
10/29/2020,11/05/2020,7164.041990513975,11,0.0,2488.813479630262
02/24/2021,02/28/2021,8220.497723115835,14,0.0,2701.007962970275
06/23/2023,06/26/2023,1362.8081881665653,5,0.0,210.31143634973546
06/14/2023,06/20/2023,70.37451618883642,1,0.1,10.507760128990453
07/03/2020,07/04/2020,3787.3450302996566,5,0.0,810.1644230466796
04/12/2021,04/16/2021,2948.047268235064,5,0.0,730.4915020802493
01/23/2022,01/24/2022,3374.8199480541684,5,0.2,30.60068587162704
12/28/2020,12/31/2020,3473.6262012445386,13,0.0,965.3303377904263
07/30/2023,08/04/2023,1115.7668550254334,2,0.15,147.67951256104422
12/01/2020,12/07/2020,1491.6762376237577,13,0.1,325.93594719564226
06/10/2020,06/16/2020,1793.3508530260515,6,0.0,184.1655032222735
03/29/2023,03/31/2023,2639.8948830343834,5,0.2,254.56490966317278
09/07/2023,09/13/2023,1489.1858857680213,2,0.1,417.86528673345543
01/12/2020,01/18/2020,3932.5949607109615,12,0.0,984.4247325830152
12/18/2023,12/22/2023,6807.352678422959,10,0.15,1781.254097236858
01/01/2023,01/08/2023,6673.554369571387,14,0.3,1065.6873360139518
08/10/2021,08/16/2021,1420.7520951700953,8,0.5,151.27624522941787
07/19/2020,07/25/2020,4475.928138671674,6,0.15,121.8932937028024
06/05/2021,06/08/2021,3958.853170388092,11,0.3,112.42211704801738
05/19/2021,05/26/2021,6517.643543206214,10,0.0,1724.8325632852102
02/26/2022,03/01/2022,5407.29030763201,12,0.1,1796.871892937959
11/28/2022,11/29/2022,5040.1203697444635,11,0.0,1531.8793371859272
02/29/2020,03/01/2020,2548.4938201994037,3,0.0,603.9334920834316
07/31/2021,08/06/2021,2444.23470419474,9,0.1,217.64052215282402
11/16/2020,11/22/2020,481.1344734569093,13,0.2,71.19087300362686
12/29/2023,12/31/2023,9690.832988204627,11,0.0,2251.433353823829
12/02/2023,12/03/2023,7730.334221418275,11,0.15,1998.5463612631506
07/11/2022,07/15/2022,5220.528177534832,14,0.0,1169.4222852108667
11/10/2023,11/16/2023,774.3865092726365,4,0.0,151.5098220652814
07/22/2021,07/26/2021,2036.3349198539586,3,0.0,258.4432887082366
01/06/2023,01/12/2023,615.81306219498,7,0.0,70.1720949908594
05/02/2023,05/06/2023,5154.206495801045,12,0.0,1194.4375052398173
08/01/2023,08/06/2023,1049.7908664871707,13,0.15,135.4845330660954
06/10/2021,06/14/2021,8427.028100056654,14,0.0,2246.6225243433123
06/07/2021,06/14/2021,295.4903997722694,8,0.0,92.65944552494048
09/04/2021,09/05/2021,3766.0286516739125,7,0.15,139.3507581461835
03/25/2023,03/31/2023,608.8261658008523,1,0.1,121.07429638158642
09/25/2023,09/26/2023,492.2730298788996,1,0.0,176.52495779371517
05/04/2020,05/11/2020,2382.344328060265,13,0.0,563.5434932502161
05/20/2022,05/27/2022,551.8999962046759,5,0.0,141.49207189410237
10/06/2020,10/10/2020,3585.7855561430915,14,0.2,523.6593453870497
07/05/2022,07/08/2022,2635.1058317024685,8,0.3,176.38838621046455
09/13/2021,09/16/2021,7232.805817175637,14,0.2,238.94193996527403
04/25/2022,05/02/2022,112.37626243314625,10,0.0,15.497458019394278
11/04/2021,11/07/2021,6675.463168402139,11,0.15,525.5376703331652
02/25/2023,03/03/2023,2146.754438412071,3,0.0,725.1079420138601
11/09/2020,11/11/2020,3600.739427420599,8,0.0,657.4939038245537
11/27/2020,12/02/2020,1049.9171438714168,3,0.0,403.62713828660344
03/19/2023,03/23/2023,2700.4335328756965,4,0.2,656.3432055153002
02/05/2020,02/07/2020,6687.3036612927835,10,0.15,1540.5019865569745
12/14/2023,12/17/2023,5851.487799413652,7,0.15,1410.8995549406893
11/11/2022,11/15/2022,964.4393180781844,3,0.15,37.892495408846656
07/24/2020,07/26/2020,3631.0571152341095,4,0.0,982.2619880893831
09/30/2021,10/01/2021,772.2229362721821,8,0.0,295.23401268091357
04/27/2022,04/30/2022,1418.9947790003687,4,0.15,52.12401328692436
10/11/2023,10/13/2023,3601.010888342968,9,0.15,404.4113677650506
03/15/2021,03/21/2021,1428.6898337325556,4,0.2,22.078183539644392
12/29/2021,12/30/2021,8175.013685108562,13,0.0,2214.794927320231
01/24/2023,01/27/2023,1999.2645170376172,14,0.2,69.69473722786678
07/29/2022,08/03/2022,3471.1506000359577,4,0.0,846.1799002072908
06/12/2020,06/19/2020,6146.522480814384,13,0.15,1481.2186814996492
05/27/2020,05/30/2020,4525.837262665658,5,0.0,675.8503409152922
10/20/2020,10/26/2020,7.56319654876194,1,0.4,0.9575712561941713
07/13/2020,07/18/2020,4435.817627199465,7,0.0,523.6985667859726
10/24/2021,10/29/2021,3200.2495031550766,9,0.15,223.65693815956405
04/24/2021,04/29/2021,5508.519168225201,12,0.1,738.3239498536004
05/02/2020,05/06/2020,6717.298191052342,9,0.0,2276.020266732936
11/24/2023,11/28/2023,234.8802308533227,1,0.0,83.39212771760128
11/29/2021,12/06/2021,1021.682116138772,6,0.2,67.54743452879006
08/22/2022,08/27/2022,2117.933218679315,3,0.0,272.6524456357211
10/22/2021,10/29/2021,2104.608405418953,4,0.0,745.8440378623413
02/01/2023,02/02/2023,965.2108283242939,8,0.5,43.25132042861707
12/10/2021,12/15/2021,1565.371034632708,4,0.2,74.13069833934048
01/30/2021,02/01/2021,3719.702573755104,8,0.0,994.3324257210135
06/30/2022,07/05/2022,2500.3079393081703,4,0.1,779.374562866213
09/22/2023,09/26/2023,102.33938992300155,9,0.1,7.251204524183148
10/01/2022,10/05/2022,2481.749185077826,6,0.3,-61.754928239792385
03/11/2023,03/13/2023,487.6970952057222,1,0.2,40.031313030263085
11/12/2020,11/14/2020,6807.300825925969,13,0.3,991.67871903414
11/25/2023,11/28/2023,8903.381613750946,10,0.0,1365.8014684686161
11/11/2021,11/12/2021,757.8394285389722,2,0.15,204.5485623927778
08/26/2023,08/27/2023,2443.665154460569,7,0.0,794.5065376129154
05/09/2021,05/10/2021,1112.9717373617345,10,0.0,298.6119377193832
07/09/2021,07/15/2021,1923.417924088084,7,0.2,66.9740108981025
09/01/2021,09/05/2021,233.3994533998909,3,0.0,92.53493567008938
04/18/2020,04/19/2020,724.3128029592363,1,0.1,142.69692967984318
01/06/2021,01/09/2021,4530.042083657318,8,0.3,387.87101123619846
05/04/2022,05/07/2022,5499.8486493837945,13,0.0,2192.6286423913457
09/07/2021,09/08/2021,3471.5826799904376,13,0.0,1246.8552983771956
02/06/2022,02/08/2022,1014.7189975819925,10,0.2,138.92550288155707
07/24/2020,07/27/2020,7162.888272637675,14,0.4,183.66287168880189
04/26/2022,05/03/2022,7732.7388652936515,11,0.2,222.49266303661523
02/12/2020,02/14/2020,2708.9045125947673,11,0.1,888.3947808593696
05/14/2022,05/21/2022,6255.4294298308605,10,0.0,2208.9951473552037
06/22/2023,06/26/2023,1862.4698969973933,7,0.0,359.4580829946342
08/03/2023,08/09/2023,1979.4405674132156,10,0.15,496.83242925820883
10/10/2023,10/13/2023,247.96776100080908,8,0.0,81.53646852485392
02/23/2022,02/25/2022,406.97147638714125,1,0.3,7.477374502893263
04/20/2021,04/27/2021,2218.1897885518224,14,0.0,630.1802679872693
03/23/2020,03/24/2020,60.068171803309106,3,0.1,7.599142783612574
02/07/2023,02/14/2023,1183.5475880118709,13,0.2,280.46031947189033
07/08/2020,07/15/2020,513.0103994750971,2,0.2,23.671793074171678
03/10/2022,03/14/2022,571.6008244790054,1,0.15,128.99418671655522
07/24/2022,07/29/2022,631.7904683964117,5,0.4,-1.3877192374865273
09/07/2020,09/12/2020,1333.0719853595326,3,0.5,-185.49081162204993
10/17/2020,10/18/2020,1773.6211576747235,10,0.4,-111.54056348495315
05/09/2023,05/13/2023,1892.318548564715,8,0.3,277.16740855892266
11/21/2020,11/25/2020,1083.827559131796,6,0.2,78.00772009856603
12/03/2023,12/07/2023,2220.77191145952,10,0.15,475.9349869585176
04/16/2022,04/20/2022,1167.5126877065454,14,0.0,262.04431135517854
05/22/2021,05/27/2021,2716.4058563612484,9,0.0,836.1478586522417
12/31/2021,01/02/2022,7749.19156504155,9,0.0,1920.9051480157282
03/12/2020,03/16/2020,7606.943255798229,11,0.0,1464.8244035337102
06/24/2023,06/26/2023,5259.093130961763,6,0.0,755.9723072416539
10/02/2021,10/09/2021,227.62084847112612,2,0.0,46.054406935557665
07/28/2022,08/04/2022,2489.7265084821825,9,0.4,225.24113391955873
08/30/2021,09/03/2021,331.7472539504394,2,0.3,57.107652894169725
07/19/2021,07/22/2021,2172.01030395176,3,0.0,321.67885816059623
09/29/2023,10/05/2023,5823.21267887179,6,0.0,1742.7811219857758
02/23/2020,02/26/2020,1144.088237963699,2,0.3,4.329061591873481
06/11/2021,06/18/2021,157.23884779223704,5,0.3,2.60164300690679
09/02/2021,09/08/2021,388.1917172373502,2,0.4,23.05671384689764
07/11/2020,07/14/2020,229.7633612761099,12,0.5,-14.530076294173027
02/27/2020,03/02/2020,99.53059452335137,4,0.5,4.825107101559238
02/08/2023,02/10/2023,975.921662350467,11,0.0,377.42109982470265
05/08/2020,05/14/2020,3119.200256489419,11,0.0,451.24740342920427
12/06/2021,12/11/2021,746.7857759081995,3,0.2,127.81481237106617
05/01/2022,05/02/2022,2032.2448905126967,5,0.0,766.1355029719132
09/11/2023,09/17/2023,1725.7034907908594,6,0.3,5.105826830484748
01/08/2020,01/14/2020,9052.230584179566,13,0.1,1448.8572194452734
01/29/2020,02/03/2020,839.9395824014202,7,0.2,31.149201827732124
02/09/2023,02/13/2023,1661.6320964621511,10,0.0,486.21235361314984
08/04/2022,08/07/2022,4538.326760319685,8,0.1,1137.953114586641
05/10/2020,05/13/2020,4665.80031843163,9,0.1,1162.9726391774182
07/06/2020,07/13/2020,1364.7031307892469,14,0.4,85.48243097717261
12/09/2021,12/11/2021,3414.96713034152,4,0.0,1106.033613291011
10/19/2023,10/23/2023,805.8451679044688,4,0.4,-71.91105301286194
05/12/2023,05/17/2023,1829.1586077893023,7,0.3,433.9752809010158
07/30/2020,08/03/2020,4092.05260825193,12,0.2,272.6488100820522
10/02/2020,10/06/2020,2635.798816252371,10,0.2,96.12386795370153
01/01/2023,01/04/2023,4775.984264874151,10,0.15,1467.8548862808304
08/30/2020,09/04/2020,4342.373705192782,11,0.0,1516.0575993482532
01/30/2023,01/31/2023,2401.5634081725125,9,0.0,791.2217841065911
09/13/2022,09/19/2022,6971.8119165592325,11,0.3,-129.51038129119036
11/15/2021,11/18/2021,504.4275723820051,2,0.2,122.20200026466536
06/19/2020,06/24/2020,9119.552470783738,13,0.0,2578.1618392871583
10/14/2021,10/16/2021,3307.6045998086097,11,0.15,808.949401521908
07/06/2020,07/12/2020,2645.206722052183,6,0.0,1040.68009584974
01/14/2023,01/20/2023,2435.840881673183,10,0.0,385.67241865872273
02/21/2020,02/24/2020,6793.256908740435,10,0.1,1367.5817174293804
04/20/2020,04/27/2020,5918.649751295925,8,0.0,1929.512868294155
05/26/2022,05/28/2022,416.22810255024933,13,0.0,95.77279826719574
12/02/2022,12/05/2022,347.96049949139456,5,0.0,40.501184158428785
07/29/2020,08/02/2020,4154.187105888705,5,0.1,346.59076633537285
05/08/2023,05/15/2023,7119.508630123778,8,0.0,1997.930561412421
05/07/2022,05/12/2022,511.02632085074504,1,0.0,94.79601819225716
09/18/2021,09/20/2021,2990.5429058565187,6,0.0,422.7198015644842
11/15/2022,11/21/2022,8142.999326399546,10,0.0,1644.6220247073359
10/25/2020,10/28/2020,1911.8533904083927,13,0.0,306.4591619420179
01/05/2023,01/11/2023,5914.459171192495,9,0.0,633.9226164102388
07/12/2022,07/14/2022,5774.677974508643,12,0.0,840.4708662512006
05/16/2020,05/22/2020,3132.7704198943593,6,0.3,673.3056333323357
11/09/2022,11/12/2022,278.61234379209384,7,0.0,28.86735502650017
03/15/2021,03/22/2021,2387.1931769067965,4,0.0,792.9183670968031
07/29/2020,08/01/2020,6733.931196760825,12,0.0,2195.519693588453
01/21/2022,01/22/2022,8424.398462932935,10,0.0,2268.4487806553843
03/10/2021,03/16/2021,544.054347663582,1,0.2,34.02207395831963
02/18/2022,02/19/2022,7932.22879330513,9,0.0,2882.7128776969535
05/15/2023,05/22/2023,10660.807061113599,12,0.0,2585.487399619669
03/14/2021,03/15/2021,2484.494165344324,6,0.0,377.5483761755498
10/27/2021,11/02/2021,394.36143951859657,3,0.1,70.47506212394526
12/01/2022,12/03/2022,2535.9232770558647,4,0.0,401.8808681863414
02/14/2021,02/18/2021,7437.573418107614,10,0.15,1024.9151127090781
03/16/2022,03/23/2022,1010.4457290337575,12,0.0,251.60738396751768
09/01/2021,09/04/2021,3374.064242122905,6,0.0,701.7050410078624
03/02/2021,03/07/2021,631.6326101054511,6,0.15,140.29399218885075
07/22/2023,07/29/2023,352.5699056414394,12,0.2,98.99293556268118
06/20/2022,06/21/2022,5223.718353070903,9,0.15,676.1831999007042
07/30/2022,08/01/2022,2740.124463013769,4,0.0,566.4436095985709
01/11/2022,01/17/2022,2720.931590458793,5,0.1,738.7077341955833
10/24/2023,10/26/2023,4303.152879313896,5,0.0,1115.279456345229
05/28/2023,05/30/2023,216.1624209493046,3,0.2,27.80969144008876
06/09/2023,06/15/2023,205.57378634718916,2,0.1,60.46797851576451
11/23/2020,11/28/2020,6927.120668797222,8,0.0,2544.406374185347
02/21/2020,02/27/2020,4320.073597842904,10,0.15,873.4151211532986
01/10/2021,01/15/2021,2144.46544773639,9,0.15,172.69590799954204
09/19/2020,09/25/2020,7407.7540820543445,10,0.0,1777.0147675030569
09/23/2020,09/24/2020,6895.039577413357,11,0.3,698.5447242886023
12/24/2020,12/29/2020,6303.636005402486,13,0.3,502.16155715503504
09/02/2023,09/03/2023,7146.119436404981,9,0.0,1277.2228087281583
09/09/2023,09/16/2023,2433.2470494632207,14,0.4,101.45798856603903
10/13/2021,10/18/2021,1479.438029082185,5,0.0,346.1350106543104
12/15/2023,12/20/2023,7616.247245649557,11,0.2,478.66634243411164
02/15/2020,02/21/2020,3897.899587062578,9,0.3,861.5496106509985
08/22/2021,08/27/2021,870.5560469651967,4,0.1,274.74947786411394
12/20/2021,12/21/2021,1057.8403946151802,2,0.0,346.84992219002174
07/16/2023,07/23/2023,1240.203360163548,3,0.4,25.156251823893054
08/23/2021,08/29/2021,226.3635904382801,1,0.0,47.78593623189601
01/15/2021,01/18/2021,3291.7867206282926,5,0.0,1036.7140365934215
04/27/2020,05/04/2020,51.7234013195901,1,0.0,14.60853870462677
04/25/2020,05/02/2020,2609.499536902604,12,0.3,339.70333761593326
09/16/2020,09/17/2020,4469.731817818433,11,0.4,-280.5496087613009
01/03/2023,01/10/2023,157.85557483500256,1,0.0,45.065419948409186
10/31/2020,11/03/2020,2253.774995293524,14,0.3,497.0901413303141
01/07/2020,01/09/2020,9683.325932002861,11,0.0,1217.6292499510773
12/31/2020,01/06/2021,3726.678386405108,11,0.5,-179.80705309995224
06/06/2021,06/08/2021,5895.9754209030525,13,0.1,1195.1394964232495
10/03/2023,10/09/2023,1531.4912074432443,7,0.0,468.33437361142575
05/23/2023,05/30/2023,695.991120032871,2,0.0,88.31464650806394
03/04/2021,03/10/2021,4628.697546435885,8,0.0,1674.8565202606242
03/01/2022,03/02/2022,982.5568077937305,6,0.0,110.20719338684795
01/16/2022,01/19/2022,1558.1652451174625,4,0.2,400.92666897462664
01/01/2021,01/07/2021,3733.9618517697795,9,0.0,404.3713656375721
11/08/2020,11/11/2020,2409.6023400667104,10,0.5,-250.4613170014155
06/21/2021,06/27/2021,778.6354488589757,8,0.15,206.41403693797452
07/09/2022,07/12/2022,1275.52488372909,13,0.15,361.03646521890164
12/13/2022,12/15/2022,9644.698432188581,10,0.0,3806.5671543316416
05/14/2022,05/15/2022,2057.105518413794,3,0.3,-31.443992336265914
04/02/2023,04/08/2023,1101.352678898385,3,0.15,201.47632107709822
02/20/2022,02/24/2022,2215.095397520121,4,0.3,-59.4825149980272
11/29/2020,12/02/2020,4614.634588576922,14,0.5,-475.6659760795436
03/08/2022,03/11/2022,1131.7291746498456,9,0.0,172.41685440193535
12/13/2020,12/17/2020,2733.406836852157,9,0.0,325.3204476595261
09/29/2020,09/30/2020,1121.8021309532633,5,0.3,244.43388820892895
08/20/2022,08/23/2022,5038.460200289305,12,0.3,-60.93183543377805
12/20/2021,12/21/2021,4731.833256049735,9,0.1,1129.9724419093136
12/08/2023,12/11/2023,5545.641640594368,6,0.0,1595.6148573757519
05/14/2021,05/21/2021,5386.524465688276,8,0.15,455.66528925123924
01/21/2023,01/26/2023,9441.071067526384,11,0.0,3771.9286083363363
11/15/2021,11/22/2021,7138.530619799194,8,0.0,1457.7617075670084
03/19/2020,03/22/2020,9639.166869953166,12,0.0,3581.223389426753
09/13/2021,09/18/2021,3395.524484465366,10,0.0,1305.5296564302196
05/25/2023,05/31/2023,1560.0398913480853,7,0.0,600.1421111600027
08/04/2022,08/05/2022,1152.099329281673,4,0.5,87.38820452794239
12/23/2020,12/26/2020,1939.4833732085992,4,0.3,50.701007691483476
09/09/2021,09/11/2021,1413.7282413847229,6,0.4,-90.20066063996096
05/21/2021,05/23/2021,8328.58158195568,14,0.3,1007.4709782701821
04/19/2023,04/23/2023,8648.648342008231,9,0.0,1799.0203844668965
07/29/2021,07/31/2021,2811.1386674922946,7,0.3,560.2928367212677
06/23/2023,06/28/2023,1386.0784247821682,5,0.4,171.17654910460675
08/31/2020,09/02/2020,2533.3747373192787,5,0.4,-43.21813457330025
05/20/2021,05/22/2021,231.382590332551,8,0.15,6.965673412186719
02/25/2021,02/27/2021,826.3349380554336,6,0.0,141.46418469722738
09/05/2023,09/08/2023,847.201082416205,1,0.0,228.85838928916453
01/15/2023,01/19/2023,734.7082997915126,1,0.0,90.88285952829395
08/04/2020,08/05/2020,1898.8889905002723,9,0.5,90.16262912992099
07/25/2023,07/29/2023,7119.706713177287,8,0.0,2146.6548356906046
10/05/2022,10/10/2022,1503.3635600295195,6,0.3,1.2300170484175694
04/07/2023,04/10/2023,8287.589755747227,13,0.0,2311.371241966231
11/25/2020,12/01/2020,542.2924567792583,1,0.15,112.30411947865507
10/11/2021,10/14/2021,2694.840031633314,14,0.0,655.906396075569
01/25/2021,02/01/2021,584.0064376048349,2,0.0,225.41115022548811
01/15/2021,01/17/2021,9168.468534691248,10,0.0,1214.3540680228039
08/22/2023,08/24/2023,488.5307984014814,3,0.15,71.80801873462917
01/11/2022,01/16/2022,1818.3887562914829,10,0.0,663.4868371175507
03/30/2022,04/05/2022,4654.2654623667395,12,0.2,539.4023967271205
11/03/2021,11/10/2021,303.8261836663877,3,0.0,69.08760791794215
05/27/2021,05/30/2021,1253.9518979323416,2,0.3,188.69739531714126
08/06/2022,08/12/2022,1309.7717631521564,12,0.0,392.49807946201264
04/26/2023,04/27/2023,1054.6662335230571,2,0.15,33.61283251215073
07/18/2022,07/22/2022,2078.3042272851894,6,0.0,491.95378884457864
07/01/2022,07/04/2022,4514.888877051412,7,0.2,451.7306753981241
10/05/2021,10/11/2021,2375.6505532394526,4,0.0,684.9204236689566
03/02/2021,03/03/2021,335.2596177183472,1,0.15,64.27285422051779
05/16/2021,05/17/2021,3542.523316917706,6,0.4,337.45541534941106
12/30/2021,01/06/2022,528.9807500661275,7,0.0,156.64718375142812
07/07/2023,07/14/2023,2328.03376079348,4,0.0,410.80846541948137
03/11/2020,03/15/2020,4750.428616457301,6,0.2,351.2439811673602
04/22/2021,04/23/2021,5309.429843373784,9,0.15,722.5322656678997
04/16/2023,04/21/2023,2969.4877413030845,4,0.0,512.4965788707922
04/01/2021,04/02/2021,501.2427976042928,12,0.0,152.80006910622075
07/07/2020,07/13/2020,436.0934405238989,14,0.0,122.48111324551887
10/17/2020,10/24/2020,457.49010862370903,10,0.0,75.44748541440013
07/08/2022,07/13/2022,3967.226652617879,4,0.0,1448.9559136151186
10/18/2020,10/25/2020,6858.0719419341,10,0.3,604.8736094384973
01/25/2022,02/01/2022,4093.9660380794303,12,0.0,565.4420781633245
07/30/2023,08/06/2023,1341.3239914642677,5,0.1,152.7629553722742
01/11/2021,01/12/2021,324.4482319315982,3,0.3,36.32365661789556
03/25/2023,03/27/2023,3358.4889617311082,10,0.0,676.8268932683576
05/22/2021,05/23/2021,602.3174899868762,2,0.2,153.81175808140443
12/07/2023,12/14/2023,4730.0399281260925,9,0.3,465.5334728546937
06/11/2021,06/16/2021,11279.198026076987,13,0.0,4225.057194509175
10/10/2023,10/11/2023,749.2677685439742,1,0.0,97.81536689980742
07/12/2021,07/19/2021,1625.025875211542,5,0.5,82.19046104983885
04/25/2023,05/02/2023,1920.6026932697748,5,0.5,222.28182793537724
11/20/2022,11/21/2022,5928.900034882298,8,0.0,1113.9166555130173
09/16/2020,09/17/2020,2885.953180758545,6,0.0,406.0717331285306
02/24/2021,03/01/2021,2054.9573306204657,6,0.0,487.0113686013146
10/30/2020,10/31/2020,1739.7174582529412,6,0.0,675.7067268527663
07/30/2022,08/03/2022,2730.247619670615,4,0.0,791.8771362442832
11/28/2022,12/04/2022,815.754420720657,1,0.15,177.9919788060813
06/25/2021,06/29/2021,1229.0127606671747,3,0.3,186.13444515327424
07/25/2023,07/30/2023,11874.216086818064,13,0.0,1329.0621583947486
05/11/2023,05/13/2023,219.19240309528416,13,0.3,18.345295112604664
12/25/2022,12/29/2022,7965.259402686457,10,0.0,981.8902959354816
04/17/2020,04/24/2020,10260.799576565747,12,0.0,1998.3692004588636
09/24/2020,09/30/2020,6283.370605686162,11,0.1,1862.8918780379379
08/09/2020,08/12/2020,5608.322336208674,6,0.0,1665.0042589118598
01/18/2023,01/24/2023,2970.0693147624334,5,0.0,1184.0829084149386
11/23/2021,11/27/2021,1736.9207345103725,10,0.3,2.8595400436615037
09/11/2020,09/14/2020,223.56005715371234,1,0.0,48.98564603579228
09/09/2020,09/14/2020,2241.1116161031528,5,0.2,544.3482280996794
09/13/2020,09/19/2020,1814.8381823824975,2,0.0,298.91742493110485
01/17/2021,01/19/2021,81.64426629752622,1,0.0,11.929578836985367
03/17/2021,03/20/2021,2190.047785519687,4,0.1,390.44996932740634
08/21/2021,08/24/2021,3242.842840659258,6,0.3,211.16726838060484
01/18/2023,01/24/2023,869.7363424913341,7,0.0,342.72985322800076
01/24/2021,01/28/2021,960.8552526074299,9,0.15,155.53888476781435
08/04/2021,08/07/2021,1117.4001501086766,5,0.4,176.8664568946923
12/03/2022,12/08/2022,1799.311115611006,8,0.2,479.31786871105095
08/20/2021,08/26/2021,1650.648138438023,8,0.0,243.24200913838922
01/19/2020,01/24/2020,1819.0236405020396,11,0.2,390.34690309066565
01/29/2023,02/04/2023,1128.8349710147586,9,0.1,150.4535426342963
08/29/2021,09/03/2021,1475.3891350827191,3,0.2,41.93305333308906
10/12/2023,10/16/2023,2073.733042644739,3,0.0,751.5446472789707
02/02/2020,02/08/2020,6353.161781492287,9,0.0,1192.6785039974086
06/06/2023,06/13/2023,3383.2917491764865,7,0.1,519.706434180437
05/11/2022,05/13/2022,3813.508827875644,4,0.0,752.0113980579926
06/03/2020,06/07/2020,793.5547048327486,1,0.1,87.36134781397102
12/17/2023,12/22/2023,4694.468673074124,7,0.3,377.20532092973406
06/23/2022,06/29/2022,2764.352663421343,10,0.3,216.9680868017722
06/23/2023,06/27/2023,5274.031970132846,6,0.0,1174.133939566651
02/08/2021,02/13/2021,2295.737857238445,3,0.0,860.6476137187426
04/23/2022,04/24/2022,4366.821992446279,14,0.1,663.4315648698075
03/30/2023,03/31/2023,519.8729666362971,5,0.1,30.731600293029523
01/16/2022,01/19/2022,1028.6925560967595,3,0.5,-99.23683739889064
02/14/2023,02/16/2023,986.5970459884985,8,0.15,238.21299148073052
09/27/2020,09/28/2020,1504.1902446555048,5,0.0,417.04814994226103
02/08/2022,02/15/2022,4548.248376114145,10,0.1,1526.030301487856
06/20/2020,06/25/2020,5806.2115332744015,10,0.15,1354.7664268765657
09/30/2020,10/04/2020,4727.523441189193,6,0.15,393.6727053041968
09/15/2020,09/21/2020,1075.153759920912,2,0.1,92.67101357700525
03/04/2023,03/08/2023,5397.591749402991,8,0.0,1383.0137749378118
02/25/2021,02/28/2021,2852.2234048452146,9,0.0,854.465724403488
12/15/2023,12/19/2023,2071.2590707927607,3,0.0,310.0488858714325
04/24/2023,04/25/2023,5764.358853796059,13,0.0,1616.948214879654
12/29/2020,01/02/2021,5150.171226329616,6,0.0,1851.530874010251
01/12/2021,01/13/2021,1673.80923680233,6,0.3,281.6530158356359
08/02/2021,08/03/2021,947.1786028799827,2,0.0,283.45013429849115
06/09/2022,06/11/2022,2629.571276046932,10,0.4,359.72355286464665
12/22/2021,12/25/2021,6504.09284771449,8,0.0,853.4983658295849
05/04/2023,05/11/2023,4770.811025208931,5,0.0,768.8135095214233
05/30/2022,06/06/2022,3674.038917707854,11,0.0,409.3976022161386
01/26/2023,01/31/2023,5283.0538392990165,11,0.0,758.083271290055
08/27/2021,09/03/2021,3402.561619326256,8,0.4,591.8915952515048
01/22/2020,01/23/2020,12549.989281401373,14,0.0,2091.3738674241254
04/10/2023,04/16/2023,6483.927968408286,13,0.0,1936.2899945018924
01/17/2021,01/20/2021,989.558414413464,14,0.4,106.34801571305945
05/13/2020,05/18/2020,2999.8773573304666,8,0.0,880.7569058795576
12/20/2023,12/27/2023,6658.299199028542,12,0.0,1772.281542439769
11/14/2022,11/21/2022,1270.0480797191167,3,0.0,312.2274822523148
05/17/2021,05/23/2021,973.4508476009469,5,0.0,219.97677456715374
04/23/2023,04/27/2023,326.33720272849723,7,0.0,122.39916702479456
01/13/2023,01/16/2023,3452.67289709548,5,0.0,355.1222824896596
05/23/2020,05/29/2020,4169.801239251358,6,0.3,-141.57772929433094
12/06/2023,12/13/2023,1288.0203945807111,2,0.3,125.90881031675656
08/11/2020,08/14/2020,5491.505614017643,8,0.0,1093.6499523169114
08/07/2020,08/10/2020,4215.5725521563245,5,0.0,937.834479611333
06/27/2020,07/04/2020,1579.0220536951274,6,0.0,630.5896509586934
03/08/2021,03/12/2021,563.5890825458957,1,0.1,159.2366903181408
09/21/2020,09/25/2020,699.9817324497578,10,0.0,254.24903557432742
08/11/2022,08/18/2022,994.1569232550663,2,0.3,60.21844027139566
03/04/2021,03/07/2021,8537.527817579428,11,0.2,613.5761761632909
02/19/2021,02/25/2021,3448.757336582722,4,0.0,1139.4595622740633
12/27/2021,12/29/2021,5040.551957323662,11,0.15,1347.2025777117376
07/15/2020,07/16/2020,7117.6753540768395,9,0.0,1885.967120254373
12/12/2022,12/16/2022,5666.758931092098,6,0.0,2089.801267068348
04/24/2021,05/01/2021,1790.859217278586,8,0.0,698.788927399344
09/15/2023,09/17/2023,1590.6518556952085,2,0.0,383.83416043479474
06/28/2023,07/02/2023,2355.762151307901,10,0.15,216.25896627740735
06/08/2022,06/11/2022,3951.8007647412137,5,0.1,810.6484298079869
07/13/2022,07/20/2022,1288.4515275989284,12,0.0,511.3348308563228
05/02/2020,05/04/2020,1118.6174080868582,12,0.5,-69.4906858517158
11/11/2023,11/18/2023,9404.333884882088,13,0.0,2682.8664627264016
09/24/2023,09/30/2023,183.02972882461648,1,0.0,56.40886543549251
02/16/2022,02/22/2022,665.8950355360557,4,0.0,109.32574018742572
12/13/2020,12/18/2020,5039.20987762395,10,0.1,1141.5712011722123
01/29/2020,01/30/2020,418.31868266599,1,0.5,-23.278555472030988
09/01/2022,09/02/2022,2730.2492351166397,11,0.1,836.1740013073406
02/04/2020,02/08/2020,5561.996885797639,11,0.4,636.4374517341645
11/20/2023,11/21/2023,7288.864763224634,9,0.0,2535.649750808599
09/14/2021,09/21/2021,1166.6286938994842,2,0.0,186.54943274920873
08/10/2023,08/17/2023,4095.6118947475043,7,0.1,247.26196749633675
08/11/2021,08/16/2021,127.59377560176226,3,0.15,35.74637940139397
10/04/2023,10/10/2023,5228.498838089466,14,0.0,1129.493050060004
03/16/2023,03/18/2023,379.0653745300366,2,0.3,1.4846942883742194
12/26/2022,12/28/2022,2060.5496875625695,13,0.0,262.86145861325497
06/22/2022,06/28/2022,1583.050943461647,4,0.0,403.59922084437864
06/03/2021,06/06/2021,2276.537472618939,7,0.1,216.35844657354343
05/01/2020,05/07/2020,4353.036430023157,7,0.15,848.8752188494881
12/05/2020,12/07/2020,5419.038393647872,9,0.0,1724.2944627131428
06/23/2020,06/27/2020,10967.62881736799,12,0.0,2857.258708003761
08/19/2021,08/24/2021,2001.3955939286466,13,0.0,742.737788384965
03/26/2021,04/01/2021,176.33535413924136,3,0.15,12.638111293641067
07/10/2021,07/13/2021,3019.865573850818,7,0.2,447.5019266859669
03/05/2023,03/09/2023,52.88096267845067,6,0.2,2.588900577691116
11/05/2022,11/11/2022,7898.417537036159,10,0.0,2865.3134946743644
09/18/2023,09/22/2023,1788.1960592935577,7,0.5,231.87857119290146
05/03/2023,05/09/2023,2416.6061094568418,7,0.3,169.15944192786256
01/09/2020,01/13/2020,3688.710189369326,10,0.0,707.2160331694305
11/29/2020,12/06/2020,1906.1204889363748,5,0.0,350.3350886098571
09/18/2023,09/19/2023,3931.401073213344,9,0.0,1407.120010530984
10/13/2022,10/17/2022,181.1041468723892,7,0.0,55.188333452076904
11/22/2020,11/29/2020,454.2806137858087,7,0.3,97.29687531980882
01/15/2020,01/16/2020,4895.976382186797,12,0.2,172.6078864986225
04/18/2022,04/20/2022,1554.486217162539,14,0.3,144.26934499661516
08/13/2020,08/14/2020,2342.9249467905847,3,0.0,709.5635553552207
12/19/2023,12/23/2023,253.56629003803243,1,0.1,80.91990731134635
12/02/2023,12/07/2023,1496.8889736616313,14,0.0,321.2410020761342
04/22/2020,04/27/2020,3400.009573021814,14,0.0,659.3537306320936
12/22/2023,12/24/2023,1544.9908033804786,5,0.15,461.7818574326725
01/01/2020,01/05/2020,359.7075400714782,8,0.0,41.10017667579629
09/22/2020,09/23/2020,638.5997688554794,5,0.15,107.84586491115815
05/16/2023,05/21/2023,2810.170438928328,10,0.15,456.8999019104056
08/09/2022,08/15/2022,666.4889050504995,3,0.3,-4.120951441617983
10/24/2023,10/27/2023,7221.4454663481665,9,0.0,1577.7777535821572
11/01/2020,11/05/2020,1351.7166728952425,2,0.2,293.02503490963244
01/12/2020,01/19/2020,302.2266197281717,3,0.5,-12.070769994456446
09/30/2023,10/07/2023,1114.6840746192386,12,0.3,47.81787781703108
10/23/2023,10/29/2023,2041.0267503302534,4,0.2,478.76088815689366
07/25/2022,07/31/2022,6855.907221177055,10,0.15,2204.960018374968
02/23/2021,02/27/2021,964.0858662518903,1,0.0,321.8173691860013
06/07/2022,06/10/2022,147.20923271163244,11,0.2,37.376863818161546
06/19/2020,06/24/2020,1342.5322633361166,4,0.2,378.3930204155316
05/13/2020,05/16/2020,2504.603049561702,4,0.15,665.0516053156331
08/22/2022,08/24/2022,5977.970682376399,9,0.2,1758.1587608598654
12/21/2023,12/22/2023,573.3047135701345,8,0.0,185.85694704570406
11/14/2022,11/15/2022,1367.6167485389722,2,0.0,408.1744710076621
04/28/2023,05/04/2023,3463.77716363227,13,0.1,893.6703195801381
03/10/2023,03/15/2023,586.9569281785589,7,0.0,217.18847206381304
10/19/2021,10/22/2021,2965.2693356227237,6,0.0,904.1178712815336
08/31/2023,09/06/2023,1166.0026684047316,7,0.0,382.8704449990135
09/04/2023,09/08/2023,8136.011871691746,11,0.0,1340.8390026579634
01/20/2023,01/26/2023,2082.777708766885,4,0.3,466.1149954822602
06/27/2020,07/01/2020,10629.953300454194,14,0.1,1957.6544289356268
12/15/2022,12/19/2022,5373.101976147846,14,0.0,796.9395558209196
03/24/2023,03/26/2023,115.88349629168596,5,0.0,39.39299043874524
04/20/2020,04/22/2020,1602.8314739444095,6,0.0,331.65453112128773
05/16/2020,05/20/2020,4258.202242770217,9,0.0,661.0251885258534
08/19/2020,08/24/2020,1394.1423332437798,2,0.0,246.58941000713298
09/18/2022,09/20/2022,2562.253186877168,11,0.4,-229.36087777263984
04/12/2021,04/14/2021,4866.1912089582,9,0.0,618.9157497014279
01/01/2022,01/02/2022,4496.678088439858,10,0.15,911.869750894474
04/25/2021,05/01/2021,121.33276810531338,1,0.3,25.463543654196176
12/27/2022,12/28/2022,1253.6380101584252,4,0.5,-19.357269039111664
03/24/2022,03/29/2022,5338.310531080126,12,0.0,1536.4588853401335
06/26/2023,06/28/2023,3644.277815861856,5,0.1,1067.481604066764
09/20/2022,09/27/2022,6243.345864428497,9,0.0,1292.5640969423644
11/18/2020,11/20/2020,722.1269660134745,6,0.0,213.96204693416834
07/10/2022,07/13/2022,1975.4833037448113,4,0.0,405.2303522467278
06/22/2022,06/27/2022,987.6571808729436,2,0.3,141.0518715757336
12/26/2023,01/02/2024,480.708042746346,5,0.0,79.45253864502436
08/28/2021,09/03/2021,5720.918848063669,8,0.1,1964.288334953096
03/04/2021,03/10/2021,1654.448180385279,8,0.1,120.5320601915192
07/16/2023,07/23/2023,1524.1618425568583,6,0.5,2.3927128710372894
05/27/2020,06/02/2020,8799.805557490456,11,0.15,975.8009689368366
02/15/2023,02/22/2023,575.6208924740611,1,0.0,161.31853246011127
04/29/2022,05/04/2022,3438.511257495263,8,0.0,785.6726373757659
01/01/2021,01/08/2021,66.90791250060497,4,0.0,12.846297540885978
04/29/2022,05/06/2022,1591.2902493189779,14,0.2,119.36473672871425
12/25/2022,12/28/2022,990.8913186199131,2,0.15,79.02317070607224
03/23/2022,03/26/2022,424.0537717101207,1,0.15,110.1962223398585
10/25/2023,10/26/2023,2591.3361872325413,7,0.0,431.87204006072193
06/23/2020,06/28/2020,1478.3739624642822,2,0.2,343.06829640185595
08/10/2021,08/15/2021,3747.69271817108,13,0.15,639.025017022147
05/09/2021,05/12/2021,1083.558497759331,4,0.5,-139.05478876884433
08/30/2022,09/03/2022,2062.8945915439995,4,0.1,205.5319710599347
02/11/2023,02/15/2023,6918.5181801226845,13,0.0,2545.1249220548907
02/08/2023,02/09/2023,4828.095376246983,10,0.0,1355.9452225101456
03/16/2023,03/20/2023,343.693098651789,1,0.0,53.375522278935826
02/04/2020,02/08/2020,1455.4815947347574,2,0.2,307.29506432845005
09/25/2022,09/29/2022,365.03618331324265,1,0.2,90.15609751619348
08/25/2023,08/27/2023,3198.9862720356896,6,0.0,637.2250911570546
06/21/2021,06/22/2021,8578.871651895217,13,0.0,2290.3748330182443
01/19/2022,01/22/2022,230.93844602165797,3,0.0,43.424508638852615
11/03/2022,11/07/2022,470.08515602916765,1,0.4,-35.71776808292328
01/08/2021,01/14/2021,6208.586843822103,12,0.0,1364.9747255897232
07/10/2021,07/17/2021,5284.8413318921375,8,0.0,1719.843831006868
12/22/2023,12/24/2023,10840.087226633763,14,0.0,2575.648992349063
08/20/2020,08/24/2020,10504.300762278868,12,0.0,2327.5503411901286
12/05/2021,12/12/2021,4460.939983174098,14,0.2,489.8208308468781
07/16/2021,07/23/2021,2277.283662515211,4,0.3,199.6609516898662
07/27/2022,07/29/2022,2662.485266102427,10,0.0,520.4324955003735
06/05/2022,06/06/2022,3949.2071519643664,7,0.15,824.0228390587662
12/26/2021,01/01/2022,1116.8022767284301,10,0.0,132.97741686953867
07/22/2023,07/28/2023,29.830162749834464,2,0.5,2.7508317723923184
03/16/2020,03/22/2020,628.8329691090798,6,0.0,95.55122256990451
03/14/2021,03/18/2021,1957.1319701811062,6,0.0,567.6336757410866
11/29/2021,12/01/2021,256.9371064244311,7,0.1,47.52430943241111
08/05/2023,08/11/2023,7610.236313584679,12,0.0,2526.9642349926207
07/03/2022,07/10/2022,323.37909299844216,1,0.0,112.48482918822572
06/09/2022,06/16/2022,8794.246453742144,14,0.15,758.5926810275424
11/22/2021,11/27/2021,532.377455106332,12,0.2,108.15447334919641
09/09/2020,09/14/2020,224.53455088202318,1,0.0,35.24569411055236
02/23/2023,02/25/2023,703.6697648298826,2,0.15,43.767892233046396
04/15/2023,04/19/2023,4899.1955880559335,14,0.1,1612.2705461768737
11/26/2022,11/30/2022,1306.0892151095857,11,0.15,97.06426797333803
02/13/2021,02/14/2021,1789.551801802513,2,0.1,211.95376339076162
05/06/2020,05/07/2020,1239.2795363583646,5,0.15,79.43435119331055
04/06/2023,04/12/2023,723.8217638049484,1,0.0,174.5044278408975
08/14/2021,08/17/2021,2506.0907326356114,11,0.0,941.994889856228
10/20/2020,10/27/2020,1758.1453972376462,2,0.0,315.0890542131004
09/28/2023,09/29/2023,2363.284362289173,6,0.0,620.4936364107768
10/16/2022,10/20/2022,2164.5443138381124,3,0.2,267.1862009259466
11/05/2020,11/12/2020,1393.6662817505253,4,0.0,279.8521240468222
10/23/2021,10/26/2021,18.55738328194432,1,0.0,5.041035364466666
06/11/2021,06/12/2021,2609.251133838384,5,0.0,698.4126942045216
06/23/2021,06/25/2021,2118.160227158342,4,0.0,440.174835004307
02/22/2021,02/27/2021,823.2693821487949,8,0.2,210.07281589271022
03/19/2021,03/20/2021,727.8418130552985,3,0.0,84.39444629804568
11/15/2021,11/16/2021,6285.2850805722865,10,0.2,160.72428403110163
04/19/2022,04/21/2022,46.388266382372635,1,0.0,18.42701414243722
08/23/2020,08/27/2020,4847.387914234176,14,0.3,844.9233377551813
08/01/2020,08/07/2020,3478.176274166277,13,0.5,317.13549028318266
03/25/2020,03/27/2020,5880.5119905895845,10,0.15,1210.270069493219
03/04/2022,03/10/2022,164.7859665414684,5,0.3,12.516833507511445
03/25/2020,03/26/2020,7431.352284126448,14,0.1,1774.3695949566495
03/05/2020,03/09/2020,7.8402337274408165,1,0.4,-0.5662576532764985
10/24/2021,10/27/2021,2098.4546938455005,11,0.3,372.1205457302475
09/18/2021,09/19/2021,1261.718531908291,5,0.5,15.421877288342495
03/04/2020,03/06/2020,6978.089208992911,9,0.15,2177.3003746037975
09/28/2023,10/01/2023,541.2956713819203,5,0.2,103.5187792830675
07/27/2022,08/01/2022,319.6732278838362,2,0.1,30.5312742959091
07/07/2022,07/10/2022,8743.24832861986,13,0.0,2126.9266062461948
10/07/2023,10/09/2023,762.2261537683497,2,0.0,89.4447045642384
03/27/2023,04/03/2023,4390.310315325501,10,0.3,762.2846092860186
05/05/2021,05/08/2021,8977.31662916632,9,0.0,2249.2618020011605
06/02/2023,06/04/2023,10659.631803141949,12,0.1,1715.0922351902977
11/08/2020,11/15/2020,5042.470211792681,14,0.0,1969.4114428987111
09/06/2021,09/07/2021,2544.4305014329216,5,0.0,972.4293185222624
07/07/2022,07/14/2022,6973.453079231865,11,0.3,1644.686112715732
03/23/2022,03/27/2022,566.977520393043,8,0.3,9.236671984186028
07/28/2022,08/02/2022,4120.027783186307,10,0.1,1106.5194820634345
01/16/2023,01/23/2023,1535.2062993331774,4,0.0,588.9276136263996
08/19/2023,08/23/2023,603.8678898687746,2,0.0,163.80585417876165
11/10/2021,11/14/2021,3977.048679212499,4,0.0,653.2227018149838
03/10/2021,03/14/2021,8834.565612391849,12,0.0,3050.961922479091
11/12/2021,11/19/2021,4343.45474715892,11,0.0,1580.9110012547812
03/04/2023,03/06/2023,2990.634021895554,4,0.1,780.46760267329
12/09/2022,12/11/2022,5442.463836754299,11,0.0,1023.5416597242237
12/26/2023,12/31/2023,6686.835687067978,9,0.15,549.7125222253152
12/05/2020,12/07/2020,2737.1604717427263,10,0.0,786.3340342357764
12/12/2020,12/18/2020,2545.0064762451425,11,0.0,623.1197863315494
10/07/2021,10/09/2021,1528.8828866098386,6,0.0,459.6354273257106
10/02/2023,10/04/2023,2715.4788518190094,10,0.5,-316.3264039773575
10/10/2021,10/12/2021,1611.36138911535,6,0.1,146.26982398068998
09/01/2020,09/02/2020,778.2424365246013,5,0.0,162.54905932229153
04/18/2020,04/23/2020,5371.280852331644,6,0.1,685.5262961020238
06/16/2021,06/22/2021,631.0002266168972,1,0.3,85.69083364077744
01/18/2023,01/20/2023,6642.088056428748,13,0.2,732.3709680990269
10/22/2020,10/27/2020,3570.509780738826,5,0.2,732.6373145041931
04/21/2020,04/24/2020,11233.297321592887,12,0.0,3714.17204152491
04/15/2023,04/16/2023,3464.6707656306035,6,0.15,281.1589717845187
12/08/2020,12/15/2020,3350.355077788129,8,0.2,924.5209372960207
04/10/2020,04/12/2020,3179.4543874531096,4,0.1,909.794361720463
09/20/2021,09/26/2021,5606.766464049048,14,0.3,773.9257513460535
11/25/2023,11/26/2023,677.6626871266762,5,0.0,252.55041974734624
01/28/2020,02/03/2020,1492.749761811723,4,0.0,268.33762998134455
07/25/2022,08/01/2022,2212.162536868314,7,0.3,169.26131716816806
02/27/2020,03/05/2020,7956.130270781036,10,0.15,403.66297425076385
10/23/2020,10/24/2020,3975.561705496585,6,0.0,941.6298642304256
05/13/2020,05/16/2020,12271.347020351046,14,0.0,3091.400427310881
09/16/2023,09/21/2023,2128.044194728303,4,0.3,286.9030824012606
09/05/2020,09/06/2020,1900.5736659447368,6,0.0,226.57073918726536
10/17/2022,10/21/2022,9379.784740736039,13,0.0,1029.3357556138212
07/03/2021,07/10/2021,813.3869542585435,4,0.0,183.7986502241867
06/20/2022,06/23/2022,2981.2633459221092,12,0.4,-128.96947117789412
01/03/2023,01/10/2023,3878.5485052049894,8,0.4,495.04436654622305
04/13/2022,04/17/2022,6096.517715931153,11,0.1,1527.914666851478
04/06/2023,04/09/2023,2233.32762841134,3,0.1,329.96989661197017
02/09/2022,02/16/2022,2097.252372212406,8,0.0,238.53095566266938
10/10/2023,10/14/2023,9779.267473339287,13,0.0,1513.1762462452468
06/02/2023,06/06/2023,294.4215649583854,2,0.3,46.372516102542555
05/25/2020,06/01/2020,3299.106784044163,6,0.0,1309.908593483532
06/18/2023,06/25/2023,3513.593988079096,8,0.0,695.4741938190373
06/11/2022,06/17/2022,476.7744343141341,1,0.15,126.6307586698418
12/09/2020,12/10/2020,865.0685387279387,6,0.0,311.5362223498317
11/24/2022,11/25/2022,2977.686333738841,9,0.1,191.92457405911668
12/02/2021,12/05/2021,7841.747072922891,13,0.1,2547.520763742723
01/01/2020,01/06/2020,4503.563889121738,10,0.2,629.8720993234273
06/01/2020,06/08/2020,5534.800613227015,10,0.0,2154.5465681350875
03/04/2021,03/10/2021,1031.4436220198836,2,0.0,269.79135420043565
05/22/2021,05/23/2021,9350.016003291048,11,0.1,1127.079474351268
02/23/2023,02/24/2023,6078.95600624219,13,0.5,865.646327486524
05/05/2021,05/11/2021,366.5435230703113,1,0.0,63.40890442714694
12/10/2020,12/12/2020,358.3760614683627,2,0.5,41.12131224113805
08/08/2020,08/14/2020,2237.397888029322,5,0.2,116.20719853229389
12/23/2021,12/24/2021,439.53092945082597,6,0.3,66.99781905255828
11/14/2022,11/19/2022,309.97663375984075,1,0.0,69.24489990084751
06/11/2021,06/13/2021,1669.912231002127,7,0.0,653.9467339307952
04/20/2023,04/24/2023,2542.713488183706,11,0.0,395.2185072518632
04/20/2022,04/26/2022,2568.4818825452608,4,0.0,571.8427016452073
12/01/2022,12/05/2022,1757.2807395031853,9,0.5,73.68787262418675
04/25/2021,04/27/2021,1076.716386064339,6,0.0,423.4576173339804
07/18/2022,07/20/2022,7198.438624956844,9,0.1,1016.1238435042213
05/21/2022,05/23/2022,875.4072010584163,1,0.0,191.7678528987078
11/26/2023,11/29/2023,2764.2825417501213,4,0.2,382.9570585425877
12/10/2020,12/16/2020,793.6749856704297,2,0.0,139.53611620956394
02/14/2020,02/21/2020,398.47577385208723,6,0.0,137.5563914117034
01/21/2020,01/26/2020,462.69839086196674,4,0.0,59.03970471058539
12/29/2022,01/03/2023,2039.6707126098208,9,0.2,431.2618146730864
05/22/2022,05/26/2022,3188.7842569459535,14,0.0,829.6537138129828
02/17/2020,02/21/2020,2625.7372918420415,3,0.0,453.1447182542582
07/04/2021,07/11/2021,986.4945985853669,1,0.0,244.50183990641904
10/13/2020,10/17/2020,4501.788091396664,11,0.5,445.60826820210406
09/28/2022,10/04/2022,8570.839840543851,13,0.1,1573.8845856866474
10/30/2022,10/31/2022,5216.093507046762,11,0.2,190.74904202895752
06/25/2021,06/29/2021,656.3778337598629,1,0.15,24.44389689910825
01/25/2022,01/27/2022,11370.755748845602,12,0.0,3790.31507970132
09/30/2020,10/04/2020,4903.182907984882,9,0.1,731.2113912647874
08/13/2022,08/15/2022,1467.60400421672,9,0.0,556.769934101008
08/22/2021,08/25/2021,861.0986704801624,5,0.0,245.53725216305526
01/15/2021,01/16/2021,1058.4435151751406,2,0.1,191.45673237345272
09/14/2023,09/15/2023,2755.084220534374,9,0.1,604.2987293924458
04/23/2021,04/30/2021,11844.883719402756,13,0.0,2808.8932789402247
01/15/2020,01/21/2020,7386.310925971351,12,0.0,2745.8117809992164
05/30/2021,06/05/2021,7069.167947806919,13,0.2,971.3500554977581
07/09/2020,07/14/2020,100.8800191993187,8,0.2,3.1494088873201513
04/06/2023,04/09/2023,6550.180865045958,13,0.0,1828.32848115766
09/12/2021,09/19/2021,4805.383815925248,11,0.0,1378.637292632202
03/06/2023,03/12/2023,4961.691967399002,10,0.3,891.1150240058784
06/02/2020,06/04/2020,3110.4981898402566,10,0.2,870.8935898703096
11/12/2023,11/15/2023,2930.427844704872,6,0.5,-50.03850707376112
05/17/2023,05/18/2023,4714.508048185865,7,0.0,969.4112034470202
09/28/2020,09/30/2020,7959.829797733962,12,0.0,1967.9191062767288
05/22/2020,05/29/2020,5520.8863998624165,6,0.0,2043.0574024061905
12/28/2022,01/04/2023,4229.824338627289,5,0.15,1349.2916075010983
09/03/2020,09/06/2020,823.3699294779685,4,0.0,322.24270261842423
07/08/2023,07/09/2023,5686.994682478065,7,0.0,960.582616221528
02/26/2022,03/04/2022,682.7852014752289,4,0.0,170.06036001436263
03/19/2020,03/21/2020,3931.0206574511762,10,0.15,404.27484314870065
09/14/2021,09/16/2021,1091.8355028914543,10,0.0,229.71655016148188
06/08/2021,06/09/2021,5330.666783801193,10,0.15,183.9358922904628
02/10/2022,02/12/2022,2985.1477851574527,9,0.3,-5.431912878999907
07/26/2022,08/01/2022,2529.6478353698317,5,0.2,301.3386987754343
09/15/2023,09/21/2023,5449.449160714071,8,0.0,1141.1767216643607
04/27/2023,05/03/2023,3739.4275651855537,12,0.5,-248.11189644637219
01/23/2023,01/24/2023,3914.154807956892,13,0.0,661.8556823369512
09/08/2021,09/12/2021,10063.074788054786,12,0.0,3267.3466890330064
10/28/2022,11/01/2022,3337.0160242882375,12,0.5,-205.67728317726485
03/07/2020,03/14/2020,2969.7159689078107,6,0.0,926.4417684162883
07/09/2020,07/16/2020,3553.895398293092,4,0.1,570.7112935728389
10/21/2023,10/23/2023,3488.073931672945,12,0.0,1188.0162564360019
02/06/2022,02/12/2022,1438.4250049847976,3,0.1,144.08703939571757
06/04/2021,06/06/2021,6786.463194936924,11,0.1,660.1950397990615
09/16/2022,09/17/2022,803.8420416234076,6,0.0,244.28894699425604
02/14/2023,02/16/2023,324.62759421456303,1,0.1,105.33339986832132
09/23/2020,09/28/2020,1285.8749261397647,2,0.2,55.15890555478104
04/29/2021,05/03/2021,1710.734565776822,7,0.0,208.90016779851888
08/14/2023,08/16/2023,1993.4298450182823,4,0.0,758.283095204773
04/02/2023,04/04/2023,3171.621499615707,5,0.0,428.7971472562822
01/10/2021,01/13/2021,5193.270619263835,11,0.3,130.40341957322022
10/14/2021,10/16/2021,5848.218701018781,10,0.2,1630.7655517182
07/15/2023,07/20/2023,607.1222807107604,1,0.3,115.88468868370836
07/02/2021,07/06/2021,797.8616972066025,2,0.0,161.82816900129012
01/02/2023,01/05/2023,2838.26242681687,4,0.0,1096.586291298636
03/13/2020,03/14/2020,5878.8232103403925,8,0.0,1589.719356231666
11/03/2020,11/10/2020,3072.713888257203,10,0.0,373.8708608192904
07/17/2020,07/18/2020,3486.514934554289,4,0.1,909.7016970031194
02/27/2023,03/03/2023,6065.96887250789,14,0.5,67.83698766164672
07/25/2021,08/01/2021,890.8881462377052,3,0.0,242.12238668923214
03/01/2022,03/02/2022,1017.4769848801766,3,0.5,150.82190901983168
03/20/2023,03/25/2023,8647.471537376412,12,0.0,1260.4060309004858
05/14/2023,05/16/2023,1311.5063997378768,5,0.4,127.26696799096366
06/27/2020,07/01/2020,2595.31755924467,3,0.0,616.7054033606827
07/15/2020,07/22/2020,3327.9698878749564,8,0.4,-61.341349083253306
01/04/2022,01/07/2022,3307.8656915059546,5,0.0,1019.0324757099635
03/29/2020,03/31/2020,1646.1501736454713,12,0.4,165.37857124146745
03/09/2022,03/10/2022,5792.694435305213,14,0.0,2067.693777538514
12/28/2023,12/29/2023,5274.999170892316,12,0.0,1918.3102631687036
02/26/2022,03/01/2022,10308.542798585224,14,0.0,2768.3162429092663
01/17/2022,01/22/2022,4355.474198634838,7,0.0,860.9542932508677
04/21/2023,04/24/2023,888.268557132041,11,0.15,163.32961270710925
07/27/2020,07/31/2020,1258.4838894734705,8,0.5,-53.137546671129556
05/07/2021,05/10/2021,2032.847375021953,5,0.15,219.96796058533798
02/27/2023,02/28/2023,4731.939944949908,8,0.2,783.0064688263833
10/26/2021,10/31/2021,8953.601265346528,12,0.0,2662.624202825007
11/02/2022,11/07/2022,1263.876582489097,3,0.15,255.5196805071766
05/20/2022,05/26/2022,1760.6828181329913,14,0.0,680.1972975798321
01/01/2022,01/04/2022,2519.7847024485295,12,0.3,99.76038181683947
02/03/2023,02/07/2023,1835.0182089721902,7,0.0,388.4779525076337
10/30/2023,10/31/2023,5325.8697941950795,8,0.15,1199.880368510112
11/28/2021,11/30/2021,1317.3051560591794,7,0.0,368.9871702544521
01/27/2023,02/01/2023,6583.808142397364,14,0.0,662.0612657067037
08/16/2021,08/19/2021,1348.0232309584924,2,0.0,261.09274297529055
06/04/2022,06/10/2022,7721.106331364293,8,0.0,1359.907306862728
05/01/2022,05/05/2022,5995.489046533174,6,0.0,2110.2590555252195
04/30/2023,05/04/2023,9533.929221198847,10,0.0,3431.019148582957
11/20/2020,11/27/2020,1514.225835782099,3,0.3,53.25220683610836
09/05/2022,09/06/2022,2995.905698767483,4,0.0,391.3292351265006
08/13/2022,08/18/2022,3731.928183501343,7,0.3,43.14326968624621
06/12/2022,06/13/2022,2591.9364833424816,3,0.0,396.4898708233516
10/22/2023,10/28/2023,952.2676082236859,1,0.0,163.05736133061174
09/03/2023,09/05/2023,2436.745048605671,6,0.1,293.36819358642003
05/23/2020,05/25/2020,1140.3335770066053,3,0.1,221.16951571650938
01/18/2021,01/20/2021,5124.457995303289,11,0.0,1003.8424482754476
08/03/2020,08/07/2020,5968.970997678254,10,0.1,1300.9164883015949
10/16/2023,10/21/2023,4666.145653889922,6,0.0,948.3492499053099
11/19/2020,11/20/2020,7410.631049434684,10,0.15,1996.4468219734954
11/04/2022,11/05/2022,4985.80538478962,12,0.1,1671.4301459049689
08/04/2020,08/10/2020,1109.2166997549846,3,0.0,245.33159811567793
08/08/2022,08/10/2022,4130.780171931858,6,0.3,-145.23591580734617
07/01/2020,07/06/2020,2108.2049542149557,11,0.2,151.52401440690454
09/26/2020,10/01/2020,919.13914759981,4,0.0,120.0004626264806
08/02/2022,08/08/2022,6536.105760531898,13,0.3,349.21872505889706
05/19/2022,05/22/2022,450.86573435187813,4,0.4,42.17139744515968
04/11/2021,04/16/2021,3648.734187737951,10,0.1,750.4438176829318
10/31/2020,11/05/2020,2994.6295409110944,10,0.0,517.6597581482227
03/13/2023,03/14/2023,1168.3541244499022,11,0.4,152.09367115798165
04/20/2020,04/26/2020,1167.8203334138293,2,0.0,162.84579410790155
10/10/2022,10/15/2022,5316.869261859156,14,0.0,895.6733759320657
08/19/2020,08/24/2020,1870.4473244798462,4,0.0,566.3979076624723
08/17/2021,08/18/2021,1794.3584980398955,11,0.2,106.17275935825654
07/20/2023,07/25/2023,5545.35456944428,12,0.4,574.6585214752956
06/21/2020,06/22/2020,1093.3208728952102,4,0.15,347.76613278434394
08/30/2022,09/02/2022,1921.100484801464,11,0.5,190.96888820192666
10/27/2022,10/31/2022,1817.4269573537804,7,0.0,268.9849365902749
03/24/2023,03/31/2023,2200.2976819892174,5,0.0,563.6052092927184
06/29/2021,06/30/2021,3188.7978545707397,8,0.15,483.7293749880089
07/01/2021,07/02/2021,1870.29586508177,7,0.5,275.8701811672809
06/01/2021,06/06/2021,8711.033392459083,10,0.1,2955.8296845949117
07/02/2022,07/03/2022,8150.804009687217,9,0.0,1125.9000297901214
08/02/2020,08/08/2020,4906.389637417465,8,0.0,1828.2152838404293
05/13/2020,05/15/2020,436.6298977691987,9,0.0,68.99865852624605
10/11/2020,10/13/2020,616.1377374679672,1,0.0,120.66161139560806
02/23/2023,02/26/2023,987.7192069647509,10,0.0,203.49227553893377
11/16/2021,11/17/2021,5563.278209841766,13,0.4,-77.62657086563212
03/21/2023,03/27/2023,4278.71019724331,12,0.1,1309.1703854295363
11/26/2020,12/01/2020,2140.264792964725,3,0.15,265.3494335307242
11/07/2023,11/12/2023,4715.5197640623965,5,0.0,1626.9558235858285
02/12/2023,02/19/2023,3806.453142458576,9,0.0,1516.1599416378326
06/12/2022,06/16/2022,3354.838146136863,8,0.1,1013.9275709789024
07/31/2023,08/03/2023,5823.611830986672,14,0.3,313.5600209291946
06/17/2022,06/23/2022,1846.4525517552302,10,0.1,486.31076661552004
01/03/2023,01/09/2023,4547.49161085838,7,0.3,501.0291382668296
04/04/2023,04/11/2023,614.1378981309025,2,0.3,114.2022186844745
04/27/2023,05/04/2023,1926.6734581253197,11,0.0,281.1579518444474
03/18/2020,03/23/2020,4590.627090508171,6,0.0,1337.894093568022
08/04/2022,08/08/2022,771.6635196464541,4,0.15,198.3947155962809
11/18/2021,11/23/2021,760.4699116056821,5,0.0,249.7150490650171
01/21/2020,01/25/2020,7941.406966346939,14,0.0,3089.8259588622113
07/19/2021,07/21/2021,3373.9015136933745,5,0.0,396.51242518287876
04/22/2023,04/28/2023,7460.272472357474,13,0.0,1519.9097398602526
05/30/2023,06/06/2023,1583.869301898935,4,0.4,68.05264648293947
04/06/2022,04/08/2022,497.47508873866803,4,0.0,95.97740050632287
09/13/2023,09/18/2023,1925.031430021065,4,0.0,371.4095081552406
06/27/2020,06/30/2020,3598.1397307117927,11,0.1,370.02758776937014
02/09/2023,02/10/2023,1655.179381132125,2,0.15,445.05360457322996
12/18/2022,12/21/2022,50.25854061202183,1,0.15,14.947930999016661
09/12/2023,09/15/2023,2198.2410794111315,12,0.4,-165.5314928100912
06/23/2022,06/24/2022,1507.9097154412877,2,0.2,70.07207218548638
10/30/2021,11/05/2021,6197.065694520664,7,0.1,734.5747592208919
07/09/2020,07/11/2020,9919.831099798346,12,0.0,2506.7040715032435
05/08/2023,05/10/2023,85.23826157624522,1,0.0,28.75526477551981
08/28/2023,09/03/2023,2885.281538106535,6,0.15,133.98283037267097
12/08/2021,12/09/2021,1137.1409356825347,4,0.3,160.38678752579756
11/24/2022,11/28/2022,808.3880420184477,2,0.5,-85.0419071732543
01/13/2021,01/16/2021,164.4086826998309,3,0.15,52.02501011618887
01/21/2021,01/26/2021,1292.4920240080073,7,0.1,413.12184843025705
08/24/2020,08/26/2020,2965.818693362419,6,0.0,1141.469038626138
09/07/2021,09/13/2021,996.4271179100921,6,0.0,131.3780817607785
10/09/2020,10/14/2020,5566.303930138842,8,0.0,1371.598043793494
01/01/2020,01/08/2020,6580.4763914272025,8,0.0,984.2679790118809
04/08/2021,04/09/2021,4244.848168148203,6,0.0,1189.010264808679
06/07/2023,06/12/2023,445.8808765035825,1,0.0,75.72026351545966
08/24/2022,08/29/2022,7476.632211516018,10,0.15,1915.4331353225143
06/20/2020,06/23/2020,1711.8184637120848,13,0.1,416.3155859268148
01/15/2023,01/16/2023,1686.7317477781182,7,0.1,373.5796722969561
02/20/2023,02/25/2023,3957.154307198242,8,0.0,1375.3807914876652
04/22/2022,04/24/2022,353.6260644522973,5,0.0,88.43548135896546
08/14/2023,08/15/2023,680.7380043807317,13,0.5,-47.00120009663312
11/20/2021,11/22/2021,4438.158318056632,11,0.0,1270.252610911699
07/28/2021,08/03/2021,2266.6738410413004,4,0.4,424.1372656881396
06/13/2020,06/19/2020,6365.306894409612,7,0.0,1784.499841481091
01/17/2021,01/24/2021,5090.203184712772,12,0.1,1215.9774366329223
07/27/2020,07/31/2020,1808.8435087874732,12,0.0,688.129661518111
12/26/2023,01/01/2024,2049.5923733873638,11,0.0,521.7904120748854
11/13/2023,11/18/2023,4989.017722819468,13,0.0,1990.1552827095027
08/11/2020,08/12/2020,1046.272575052385,6,0.2,50.115005227643046
01/03/2020,01/09/2020,1105.7500613576885,12,0.0,288.72455794448786
01/06/2021,01/08/2021,3656.0144268979047,6,0.1,416.311285219078
09/02/2021,09/07/2021,8198.87811980675,14,0.0,1934.9181047366633
04/25/2020,05/01/2020,895.1513711949126,3,0.0,135.32197781366668
07/17/2023,07/20/2023,5155.648731596754,11,0.4,-171.3808195614336
03/22/2021,03/24/2021,5447.325791801432,10,0.3,72.12267459238382
10/23/2023,10/30/2023,1785.9310218382832,4,0.1,260.7627199889403
06/30/2023,07/07/2023,527.8361497838747,5,0.0,74.09843592697193
09/02/2023,09/09/2023,8273.562354903097,9,0.0,2836.1991208229165
02/18/2021,02/20/2021,2687.8956732222464,8,0.5,-225.23845603909425
01/23/2023,01/30/2023,763.7409328812943,3,0.0,171.81933117619684
06/10/2022,06/14/2022,2580.2700065683143,6,0.3,-116.58397467853975
11/13/2022,11/16/2022,4109.71280869354,10,0.0,540.2811874155598
10/24/2021,10/28/2021,319.4980716692992,1,0.5,37.982432411628736
12/09/2022,12/15/2022,1437.3965603211318,3,0.0,504.7390152635114
12/18/2021,12/21/2021,4906.174287373361,10,0.0,1728.331062910523
09/20/2023,09/22/2023,8788.4269247606,14,0.15,1304.2555074574755
01/07/2023,01/11/2023,3705.5309316200164,12,0.5,-398.49561386648264
11/16/2022,11/21/2022,312.0360751612419,7,0.5,-36.70531636864029
09/27/2020,09/30/2020,418.4310745543075,7,0.2,76.02089966741399
07/15/2021,07/17/2021,499.13463219481287,2,0.2,124.01398070251314
03/14/2022,03/15/2022,1177.0475487480687,3,0.1,376.6956408761466
09/03/2020,09/06/2020,1581.833868089962,7,0.2,137.01765109370473
01/21/2021,01/24/2021,5501.540179709438,12,0.3,254.7651628224411
12/02/2021,12/08/2021,1218.9411144501942,6,0.0,158.78292280602187
07/12/2021,07/17/2021,7813.451524025899,13,0.15,2010.5802925536643
08/30/2022,09/05/2022,4885.141177161258,7,0.1,648.292827537051
10/16/2023,10/23/2023,1197.6850306772467,10,0.1,232.68485948616282
09/10/2022,09/13/2022,4122.078539854955,9,0.3,942.5923664254763
12/17/2020,12/20/2020,7694.5729291289035,8,0.0,2505.850931539847
07/03/2023,07/10/2023,1205.3734745442798,6,0.0,139.60800584146227
05/30/2023,06/04/2023,10922.517633659914,12,0.0,1118.9723738995312
01/22/2022,01/27/2022,8539.82457693787,14,0.0,2871.2801249465415
02/19/2022,02/23/2022,2380.141674633579,4,0.0,632.5228192467345
10/21/2022,10/23/2022,515.7890261803312,14,0.4,59.88327244077835
06/29/2021,07/01/2021,8296.530895408003,13,0.15,597.7202211075546
03/19/2020,03/23/2020,3384.432254851043,10,0.3,716.1944486216692
06/13/2023,06/15/2023,6515.663831251045,9,0.0,2163.184061795356
11/29/2020,12/02/2020,3406.5750281309874,7,0.4,569.7553767986336
06/07/2022,06/11/2022,2246.373240963862,5,0.15,286.0280648278986
10/04/2023,10/08/2023,542.015740291062,2,0.0,99.03254068616837
01/26/2023,01/28/2023,1148.699263563472,9,0.15,81.00561957909883
01/10/2023,01/11/2023,1182.286676571631,14,0.5,152.5463738076921
05/16/2021,05/18/2021,6077.857151844385,7,0.0,930.2085070341291
02/03/2022,02/09/2022,1071.9727488600868,9,0.1,91.97008434543538
07/09/2022,07/10/2022,2579.591073286278,11,0.4,-108.84981095290033
07/03/2021,07/07/2021,3068.3870984352648,9,0.0,1016.908031351361
01/14/2020,01/15/2020,7367.809435608434,10,0.15,2150.359803117138
01/26/2021,01/29/2021,2414.5828284367435,5,0.0,828.8635950650402
10/02/2023,10/07/2023,6975.373672222594,7,0.0,1876.1771790859939
11/05/2020,11/06/2020,3143.6578450704815,5,0.15,1015.9210527415784
01/20/2021,01/26/2021,2557.2430189507286,3,0.0,308.5472746207494
05/17/2023,05/22/2023,861.4843469312651,10,0.2,224.12161686971737
10/12/2023,10/15/2023,2084.5698616979757,8,0.0,475.9368138374911
08/31/2022,09/06/2022,1152.7338689288797,8,0.0,272.6638706506633
01/22/2023,01/29/2023,3798.7845966800883,9,0.1,335.35088481925993
01/21/2023,01/26/2023,7932.150746083197,11,0.0,872.7736923476699
12/05/2020,12/12/2020,2483.2210552935826,14,0.0,484.1995433287519
08/19/2021,08/22/2021,1166.4816166419478,12,0.3,2.864948762590403
01/26/2022,01/31/2022,2226.4655806534897,6,0.4,100.19457319124552
11/11/2022,11/16/2022,333.2134767161056,2,0.3,-1.932918791968234
10/17/2020,10/19/2020,1308.2359167977495,3,0.1,119.54440148435542
11/01/2020,11/07/2020,551.5196090990089,13,0.3,117.52535149534987
09/25/2021,10/01/2021,4513.124114048815,11,0.4,796.0627884056036
02/25/2023,02/26/2023,6550.838613907597,12,0.0,2550.011292802739
09/16/2021,09/23/2021,6509.486699690465,10,0.0,1979.865150267427
07/27/2022,08/03/2022,3109.175478850634,11,0.0,1030.0852310351952
07/20/2023,07/26/2023,1714.9016736474946,6,0.0,601.4767700371434
04/27/2022,05/03/2022,482.00815665591034,1,0.4,47.08092646340945
03/17/2021,03/22/2021,9089.346292172722,14,0.1,1354.9754963816988
05/17/2021,05/24/2021,992.6833199672684,2,0.15,71.38991244059373
05/09/2020,05/13/2020,5054.896328194078,8,0.0,865.3072235590676
03/01/2023,03/03/2023,1134.1411147670383,11,0.0,399.3585502145961
08/19/2021,08/20/2021,6860.8767312539285,8,0.0,2118.838876581086
05/11/2022,05/13/2022,2316.623888044638,6,0.5,-30.721377050427304
11/14/2023,11/15/2023,1783.7598554556396,3,0.0,194.11146441188384
08/15/2021,08/18/2021,9010.209961941,14,0.3,269.056683021632
09/25/2022,09/30/2022,353.9030572448116,2,0.0,112.77802109506723
11/20/2020,11/26/2020,7622.188474520769,13,0.15,1362.2083352128736
12/28/2022,01/03/2023,4913.09499536576,6,0.15,764.7711305724112
03/23/2021,03/27/2021,221.83621244695516,1,0.3,9.783824435145805
03/29/2022,04/05/2022,351.951472975682,14,0.0,99.2783128277914
04/03/2023,04/10/2023,7375.187922994418,10,0.0,2875.7009392449186
12/09/2021,12/11/2021,101.46312726939476,6,0.0,37.57555959854614
12/20/2023,12/22/2023,4718.564888527865,9,0.4,-428.68453890768956
09/21/2020,09/23/2020,460.167677077739,7,0.0,112.41258870373889
09/03/2021,09/10/2021,5906.133743158426,9,0.0,1174.3802958747824
09/27/2023,10/03/2023,690.1421453620541,2,0.1,140.22404639782
04/11/2022,04/18/2022,2091.9417470776984,11,0.1,485.04620500168085
07/25/2023,07/27/2023,8812.902995381848,14,0.3,88.203238115715
11/04/2021,11/09/2021,2246.3501802227806,5,0.4,302.0676541435509
06/05/2020,06/06/2020,2810.9928999028034,9,0.1,541.1735197238364
12/16/2023,12/22/2023,1223.5085601003414,7,0.4,241.7675139417779
09/07/2020,09/12/2020,5318.295632780602,9,0.2,40.09045975895258
05/27/2022,05/30/2022,11734.87076972374,14,0.0,1841.3860814983364
06/13/2021,06/18/2021,4743.366933708819,11,0.4,507.0134643726384
11/22/2020,11/27/2020,3282.3055972054585,6,0.15,766.5953518555506
08/18/2022,08/21/2022,1649.5183455573363,7,0.0,453.0508815786944
06/13/2022,06/18/2022,7261.345519271514,10,0.15,2298.8549177549007
04/06/2020,04/07/2020,3760.8268181189555,5,0.0,844.6610286402657
05/27/2021,06/02/2021,3132.6092812125016,6,0.0,705.1849445482458
08/03/2020,08/07/2020,413.1775077152903,1,0.2,112.85650637719365
03/01/2023,03/08/2023,401.43690827049096,1,0.3,44.773275861011484
07/07/2023,07/10/2023,1327.989808379002,2,0.2,140.9240188582242
05/04/2020,05/10/2020,8193.206486841002,11,0.0,2586.442859435214
01/10/2023,01/12/2023,6003.777808044972,14,0.5,215.5427405247902
07/30/2023,07/31/2023,2048.8397757685407,4,0.0,393.21950719357636
02/28/2020,03/03/2020,6912.42825270882,11,0.0,1309.066257616535
06/09/2020,06/10/2020,7704.2347994431775,9,0.0,1684.791644488681
10/10/2020,10/11/2020,1679.9780170246374,7,0.0,204.0938424685597
04/15/2020,04/17/2020,2697.48284072197,6,0.0,1032.5561600226674
02/02/2023,02/06/2023,530.7788574181541,1,0.15,42.41242178151702
08/15/2020,08/22/2020,3205.9817817458215,5,0.3,26.12006554938888
11/13/2020,11/14/2020,141.2270801461505,11,0.5,6.229741382972693
03/12/2022,03/14/2022,1851.7583833685599,12,0.3,309.7512432717776
05/23/2022,05/26/2022,3147.3780348878076,13,0.0,1010.4677257501113
04/16/2021,04/18/2021,1066.7089710693642,4,0.2,120.0287677188048
12/15/2022,12/20/2022,1011.3906397576523,5,0.3,214.41348653285246
09/16/2021,09/22/2021,6536.611374772779,11,0.0,1720.434273943674
01/13/2020,01/15/2020,6384.701243607826,9,0.2,840.0751469169543
11/07/2022,11/09/2022,7687.296751939986,12,0.0,2637.6340377226343
11/24/2021,11/26/2021,747.3338800944467,3,0.0,129.33986003637503
08/30/2022,09/06/2022,3114.4151576497816,4,0.1,959.4131329100732
04/22/2020,04/23/2020,4322.93225254106,8,0.15,806.8701968280959
08/16/2020,08/23/2020,544.2540089712542,3,0.2,146.95807818626574
06/19/2020,06/23/2020,4784.648333332896,13,0.0,767.8583515417791
10/21/2020,10/23/2020,2138.5759284154387,3,0.1,707.4813849659619
07/07/2020,07/09/2020,5784.026583443496,13,0.4,615.2065501658927
03/01/2021,03/06/2021,2613.6744561476376,9,0.5,92.78167438109301
09/03/2022,09/08/2022,766.599138565781,5,0.0,173.72689291225893
01/07/2023,01/10/2023,8052.564043413591,10,0.0,3115.4927392116774
10/19/2021,10/22/2021,267.2970377771375,1,0.15,42.27994644206703
07/07/2022,07/12/2022,5417.173717264195,7,0.0,1351.9255054043101
04/20/2023,04/24/2023,4557.634914732454,7,0.0,1524.298411118984
05/13/2021,05/16/2021,1629.1714729624978,6,0.0,302.13429548055456
01/31/2022,02/06/2022,925.0312505755863,6,0.3,34.64111959593978
05/15/2022,05/21/2022,335.0419776603398,3,0.2,77.92718116083059
04/05/2022,04/09/2022,748.5803226667038,3,0.0,103.73372229077471
03/11/2020,03/16/2020,1662.507322246486,10,0.0,576.7060945055141
09/04/2020,09/07/2020,6146.71927956775,11,0.1,1460.1685469830095
05/25/2020,05/27/2020,5425.1575900873295,9,0.0,1419.9000751074043
08/12/2023,08/17/2023,531.2793055783224,1,0.1,63.0802873187179
08/04/2021,08/07/2021,4518.29637792813,7,0.0,1517.7429731728582
04/14/2021,04/18/2021,10616.276952123968,13,0.0,3625.309174720212
07/11/2020,07/17/2020,10973.006213211665,12,0.0,2687.09785636989
12/27/2022,12/31/2022,2225.971166587661,11,0.15,315.53295425347915
05/08/2021,05/11/2021,5031.1223347715095,10,0.15,497.31915398981454
02/21/2020,02/25/2020,612.8700132435912,7,0.0,199.96122493702205
05/31/2022,06/03/2022,1031.5281117763134,8,0.0,301.03660162801845
12/28/2020,12/31/2020,3946.7755189906593,6,0.0,639.3354383497522
07/05/2022,07/09/2022,3343.660341300115,8,0.15,880.5209316738816
04/18/2021,04/19/2021,760.7487659660894,1,0.0,277.4158576364616
06/04/2021,06/06/2021,431.4207061806656,1,0.0,50.81021939830247
12/25/2023,12/30/2023,1042.8665341492567,9,0.15,267.73115345817826
08/14/2023,08/20/2023,8383.997926008165,12,0.2,2144.966892345958
12/29/2023,12/31/2023,368.23834573547623,4,0.0,146.35720317939683
11/21/2021,11/26/2021,591.2249883300847,3,0.0,101.26528186394509
05/06/2023,05/11/2023,1023.1455502880369,6,0.4,11.562528538464965
02/25/2023,03/03/2023,5971.966805968635,10,0.4,1133.821658657006
06/15/2021,06/17/2021,5072.294663690689,12,0.0,650.2918385864966
12/05/2023,12/11/2023,4610.892151077337,13,0.3,493.8835085353858
04/19/2022,04/22/2022,8337.597661412601,12,0.1,1684.3896102075953
12/24/2022,12/30/2022,2880.2314326844153,9,0.5,92.06464398209384
08/28/2020,09/01/2020,8430.064850219202,10,0.0,1679.5874435602627
10/24/2023,10/25/2023,4325.808291217731,11,0.2,1201.6032434894732
06/19/2021,06/20/2021,3111.858913978527,4,0.2,252.1177626707316
11/08/2023,11/09/2023,7189.598141734004,9,0.0,2120.27471994872
12/25/2023,12/27/2023,1629.4069377205303,5,0.2,242.42007944399413
03/23/2020,03/25/2020,5036.968361305341,13,0.0,906.6645590132019
09/08/2022,09/11/2022,6511.373960866429,7,0.0,1020.0467024499827
08/08/2022,08/15/2022,2062.71443836971,3,0.0,798.2057953081331
09/02/2021,09/03/2021,1125.3947367246878,3,0.4,76.96286332205266
07/27/2021,07/30/2021,8210.725175442307,12,0.1,1898.7899189045188
10/12/2020,10/19/2020,1441.3249990680156,3,0.15,374.55516400891037
09/15/2022,09/16/2022,1139.510716413112,8,0.15,56.25536229019248
04/03/2021,04/05/2021,4564.326304407055,14,0.0,1433.7885372359094
05/20/2023,05/27/2023,3374.1924904312805,6,0.0,504.5836326627217
05/05/2020,05/09/2020,201.50022756884607,9,0.2,44.76213214599959
12/07/2023,12/11/2023,1993.39739061118,9,0.5,-214.4923470195095
02/28/2021,03/04/2021,6065.958803865418,8,0.0,2121.557626759763
07/07/2021,07/13/2021,172.59166447110962,1,0.0,52.52048543834085
09/01/2021,09/05/2021,443.48016393202,6,0.0,95.68842296121579
03/27/2023,04/01/2023,3350.675397281686,4,0.0,695.7688625926612
04/21/2020,04/22/2020,2484.4045191149135,4,0.0,359.4538792536582
02/05/2021,02/09/2021,498.99559346433716,3,0.1,160.28537190839856
05/01/2020,05/08/2020,9698.90316932834,12,0.0,1314.7714989602932
09/29/2020,10/04/2020,5953.933590951062,9,0.0,1438.6085854227115
08/10/2023,08/15/2023,545.2449231231261,2,0.2,38.6881460097201
02/01/2021,02/06/2021,191.2171546210609,1,0.5,28.471900153067995
04/15/2021,04/18/2021,2300.60994177249,14,0.0,634.4005889529067
09/11/2022,09/18/2022,7113.6758252665495,10,0.15,497.07059531380895
05/15/2023,05/18/2023,1541.749755381914,3,0.0,462.9399645487496
02/07/2023,02/12/2023,4379.301309842346,13,0.4,864.8362694080256
07/25/2023,07/31/2023,3007.8337865556186,4,0.15,621.1567311929027
07/22/2021,07/26/2021,71.88246880797632,4,0.3,6.2691381089580185
02/11/2023,02/12/2023,457.5229913883548,6,0.0,86.00564613717353
06/15/2022,06/22/2022,152.9668728370952,1,0.1,11.875892846284096
03/30/2022,04/05/2022,35.763691461537704,1,0.1,4.237063637370554
05/02/2022,05/04/2022,1323.149190116311,2,0.0,352.0717848454782
12/10/2021,12/13/2021,2550.16269402575,4,0.0,831.6991197984654
11/16/2020,11/20/2020,1377.7714685680833,7,0.1,431.7650130083009
06/27/2020,07/01/2020,757.9794261015736,6,0.2,180.4852668081796
06/15/2022,06/17/2022,1696.506398100147,11,0.0,233.5063948701837
08/06/2020,08/08/2020,7725.042893402193,9,0.1,2178.7553810856243
02/27/2022,03/06/2022,4875.986383369459,7,0.0,1338.3673925907628
05/06/2021,05/10/2021,7074.894482165142,12,0.0,1703.1553892563677
03/01/2020,03/03/2020,1399.3635131199344,5,0.15,275.43565053223824
12/13/2022,12/17/2022,2632.2765955782106,6,0.0,269.6046092366465
06/21/2021,06/27/2021,985.1182238721559,10,0.0,118.52851138462985
04/27/2022,05/04/2022,8983.533322570062,9,0.0,2315.5486886174776
09/14/2022,09/16/2022,643.9044175955306,1,0.15,49.63587095612691
03/05/2020,03/11/2020,6877.624877859402,11,0.0,1813.3702950711422
08/08/2021,08/14/2021,2663.5028547402153,9,0.5,-116.49077024814261
06/19/2020,06/21/2020,3055.627369877045,6,0.0,1137.3766388264676
07/20/2023,07/27/2023,2542.5902726203094,12,0.2,724.3967532999062
06/18/2021,06/22/2021,936.5059977005455,4,0.0,368.92270927216805
11/15/2023,11/20/2023,5983.601032267188,12,0.1,1912.845947645949
11/23/2021,11/27/2021,357.74462885567476,5,0.1,123.6963784383857
09/12/2023,09/13/2023,1088.4391814380542,13,0.0,339.4233779981812
04/17/2020,04/19/2020,565.2054671287466,1,0.0,219.3916711153902
03/31/2023,04/03/2023,6444.297494096958,7,0.0,1885.2002224718178
03/24/2022,03/31/2022,11896.678724041229,13,0.0,4077.7563038788967
10/01/2022,10/03/2022,269.3602295043972,13,0.0,37.59541472463431
03/27/2021,03/28/2021,744.4497503422418,8,0.2,152.44832777233248
05/14/2023,05/20/2023,5167.7728680257505,11,0.2,1443.519125793523
08/12/2021,08/15/2021,4249.954822940513,5,0.0,1113.5496709108636
11/05/2022,11/08/2022,1909.8091915805207,2,0.0,298.01792097863944
11/22/2020,11/26/2020,6895.811230282572,8,0.0,1779.5783392747232
08/30/2021,09/04/2021,6808.3700394349125,10,0.0,2124.7717690243776
10/20/2021,10/24/2021,1167.7110301547232,7,0.2,269.66715638468423
01/02/2020,01/09/2020,696.1097035329682,10,0.15,126.76895785033608
10/30/2022,11/02/2022,513.3656237290944,9,0.0,84.81334377243991
03/09/2021,03/12/2021,2463.824067116629,4,0.0,931.3418487199043
05/04/2020,05/09/2020,352.86572840907195,11,0.3,64.25163552957389
01/09/2023,01/16/2023,6676.628012108056,9,0.0,1209.8485286456726
04/29/2021,05/01/2021,2861.384119909838,4,0.0,983.0109890436828
10/13/2021,10/18/2021,226.47752714872593,3,0.15,29.296859973794337
03/19/2023,03/25/2023,8984.805799725626,11,0.1,1291.3807772640446
03/10/2022,03/14/2022,1580.129987217148,3,0.0,567.1449767629534
05/22/2022,05/24/2022,6337.75927165048,10,0.3,1343.4183949185267
09/25/2023,09/29/2023,1805.1879112528777,2,0.0,396.31893449366066
05/08/2020,05/13/2020,1640.5097859859773,10,0.2,4.3913847164256
03/13/2021,03/15/2021,1160.3155549707658,3,0.0,180.97405325703582
01/20/2022,01/25/2022,1705.032835008459,14,0.15,507.73984978786194
05/15/2021,05/21/2021,4352.478088195761,8,0.3,955.912134483994
12/17/2022,12/18/2022,5599.920330207323,11,0.0,1321.600374453097
05/06/2023,05/09/2023,5948.924797702606,8,0.2,542.7502263927416
07/29/2020,08/05/2020,302.5862878185204,2,0.3,12.352930164524278
06/20/2022,06/22/2022,7606.323833944371,11,0.0,2807.9386466717774
02/14/2020,02/17/2020,1582.951135191971,2,0.2,154.21108897300238
01/25/2023,01/26/2023,802.4729390433376,2,0.4,42.911500472726196
07/26/2023,07/28/2023,702.7757415216497,10,0.1,189.2598370183657
06/18/2021,06/21/2021,4147.780743387671,7,0.0,675.4425034864687
12/04/2023,12/07/2023,1128.265933106546,6,0.0,198.7459897839797
04/05/2021,04/07/2021,482.3729957414669,12,0.0,100.05311598409386
01/25/2021,01/28/2021,3757.721993653782,11,0.0,1113.289085039401
12/03/2022,12/06/2022,246.0987380011726,1,0.1,72.65996217251909
01/27/2020,01/29/2020,1581.766379655193,2,0.0,417.6048767657306
03/04/2022,03/11/2022,5319.212299342473,14,0.0,744.0440812110678
01/25/2023,01/28/2023,735.6291925813445,1,0.0,172.04428940678005
09/01/2022,09/04/2022,312.91922435805736,12,0.0,43.27898695315877
07/01/2021,07/08/2021,244.17371978066566,11,0.1,18.676640498119756
09/12/2021,09/16/2021,218.51380864365657,7,0.2,38.65182180612305
07/20/2021,07/26/2021,1362.989144188528,6,0.0,527.2909327954997
12/04/2021,12/08/2021,760.4958143565522,2,0.0,267.1496694274763
05/27/2023,05/28/2023,1223.534690171372,2,0.0,406.6312058956054
07/03/2020,07/07/2020,1972.1094939374061,2,0.0,627.3611412657972
12/28/2022,01/01/2023,2886.923770753514,8,0.0,1065.6742979264138
02/27/2023,02/28/2023,729.1459581234593,14,0.2,164.67799762087222
04/27/2022,04/30/2022,1420.6581203443313,7,0.0,409.2393293528647
08/21/2021,08/24/2021,539.3239892860281,1,0.4,5.071815783308735
03/16/2022,03/20/2022,2809.5415929849273,4,0.0,366.0359764341259
09/19/2023,09/20/2023,8715.286973779917,11,0.0,2076.940118494284
03/23/2023,03/26/2023,425.364875571407,4,0.2,118.0112194615119
03/19/2020,03/24/2020,804.3678653944239,7,0.2,140.70813473122007
08/01/2021,08/03/2021,205.91003069805996,2,0.15,16.545129171289698
02/16/2021,02/18/2021,2060.633934399431,4,0.4,195.15644266160203
06/29/2021,07/05/2021,217.86793260666838,1,0.0,52.20958165434703
06/17/2020,06/19/2020,5885.154074125912,13,0.3,1350.136893158844
11/11/2021,11/15/2021,6773.061132778544,13,0.0,1004.3228681440017
08/05/2021,08/07/2021,4226.884298214386,11,0.3,691.5331690615022
05/29/2021,05/31/2021,2238.291052880911,11,0.0,681.5165148676832
08/30/2023,09/04/2023,2555.5745300777985,4,0.0,1009.611595210401
02/01/2020,02/04/2020,492.46009721354255,11,0.15,95.77050666782618
10/13/2020,10/18/2020,13909.525748930733,14,0.0,5027.907023368608
08/16/2021,08/20/2021,36.49131742780176,1,0.0,3.9196849845852664
12/02/2022,12/04/2022,119.30995061740711,2,0.0,16.329665459769878
09/08/2021,09/15/2021,563.3816076776997,2,0.15,72.55316899034472
10/21/2022,10/24/2022,6999.796458579481,12,0.3,950.5598934677706
09/26/2020,10/02/2020,2249.2472171012914,10,0.15,359.25832050521683
04/18/2023,04/24/2023,4008.611574688685,12,0.3,43.3285782434148
06/01/2021,06/03/2021,75.05340623396371,3,0.1,17.01919460509095
01/31/2023,02/02/2023,704.7241865504622,8,0.0,190.28237873902245
10/30/2022,11/05/2022,6730.7502686083,11,0.0,1732.0525289383745
08/05/2021,08/11/2021,1093.0403776766452,6,0.1,84.34646497855412
01/18/2023,01/25/2023,4183.87210433598,6,0.0,1581.9540401789316
08/13/2020,08/17/2020,7087.835369403048,9,0.0,1968.1259637277808
10/31/2021,11/02/2021,6814.646859820484,8,0.0,1221.1678453018044
07/05/2022,07/11/2022,242.18428585286,2,0.15,55.99917220321021
05/05/2020,05/12/2020,2765.720781249634,6,0.0,540.3454991863836
08/13/2022,08/14/2022,663.327444783365,1,0.3,67.4980834613954
05/17/2023,05/23/2023,8053.372153006593,13,0.2,824.17833166567
01/25/2023,01/28/2023,1408.8567139100926,14,0.2,372.10471055219074
03/14/2020,03/17/2020,2283.6385915569467,9,0.5,338.4219378971476
04/29/2023,04/30/2023,3692.6271040818015,4,0.0,547.8182893446849
02/25/2020,02/29/2020,1515.1706193910436,4,0.15,48.59710542060501
12/20/2021,12/22/2021,5285.973626341122,9,0.3,83.50121495397192
07/06/2021,07/08/2021,1352.3902667370135,3,0.1,306.97310927187425
02/01/2020,02/07/2020,462.9742418931846,5,0.2,24.16046909170918
07/27/2021,07/30/2021,156.37637679891228,1,0.0,53.706735924489344
10/28/2021,11/01/2021,303.52857451252873,6,0.1,52.38938801151546
10/10/2020,10/14/2020,610.0847795094267,3,0.0,172.7514977015024
07/05/2020,07/09/2020,447.3389794358649,1,0.5,-5.95616083007735
05/12/2021,05/18/2021,4575.872458386768,10,0.3,1011.260384309041
05/09/2020,05/11/2020,3114.167135243144,6,0.3,-122.88316317264639
09/30/2021,10/04/2021,7442.793641331795,14,0.15,1814.4828945145446
08/08/2023,08/14/2023,4712.086790603571,12,0.0,1393.1361874749318
04/23/2020,04/29/2020,2246.925214680416,10,0.0,662.5160315987923
05/07/2023,05/08/2023,1296.9018134376254,2,0.3,96.2259877006758
01/13/2020,01/18/2020,4157.45186993953,8,0.0,435.29588937560794
07/18/2023,07/22/2023,6808.044353542039,14,0.0,2088.5188569817624
05/23/2023,05/28/2023,11654.87365817904,13,0.1,3482.9583394219726
03/19/2021,03/21/2021,4290.9975735505095,11,0.0,538.8166746469508
03/22/2021,03/28/2021,8726.95742978183,12,0.15,1374.3670836796296
09/12/2022,09/19/2022,1727.4412394273752,2,0.0,257.00604075078127
09/19/2022,09/23/2022,817.1679280643398,4,0.15,170.20082773547762
12/15/2021,12/22/2021,1018.1346951812726,14,0.3,189.0487396383552
03/14/2020,03/17/2020,2927.5917436761165,3,0.0,878.3125648484537
06/20/2021,06/22/2021,3884.741059447901,9,0.0,759.148410501014
04/10/2020,04/11/2020,24.396237580187105,2,0.0,3.4623094228248665
06/24/2020,06/25/2020,756.0414832360035,3,0.5,66.74367768273015
03/02/2021,03/07/2021,4361.751520769831,7,0.0,860.028607117029
02/14/2023,02/20/2023,3113.3094598942153,4,0.0,332.009390272538
04/04/2023,04/09/2023,4811.914754911151,6,0.15,945.1869206517013
02/10/2020,02/13/2020,2748.0567679680253,3,0.0,478.17065236409763
03/04/2021,03/07/2021,470.36723092715994,1,0.5,48.14763618704182
12/09/2020,12/10/2020,321.89000518196093,11,0.3,-2.260774713990868
12/18/2023,12/25/2023,3859.144519457681,6,0.1,696.3450200836498
12/31/2020,01/04/2021,794.2379028039411,4,0.15,80.16962818580191
02/17/2023,02/18/2023,391.3543206671949,2,0.0,120.09900403309867
08/31/2021,09/01/2021,4773.776528333884,7,0.15,904.9136072551771
10/18/2021,10/25/2021,3383.667138249208,10,0.2,802.9317457140496
12/28/2021,01/04/2022,11926.642975318662,13,0.0,2833.5768321370583
08/16/2020,08/19/2020,624.1288786529947,12,0.0,63.31321216166446
04/04/2022,04/11/2022,6272.440365299874,13,0.4,-222.3019092280668
02/27/2023,03/04/2023,727.3303358488486,5,0.0,290.74821610549645
10/07/2023,10/10/2023,942.5382907016066,6,0.15,138.17940927801425
06/07/2022,06/14/2022,2895.4691902155237,6,0.0,828.3084126939226
09/03/2023,09/09/2023,5622.876580497001,14,0.0,2088.783281821223
09/10/2022,09/13/2022,3095.2566733245208,9,0.3,-135.7045501414921
04/15/2022,04/18/2022,11287.515081728936,12,0.0,3362.350038629561
09/22/2023,09/23/2023,1123.3855785534936,2,0.15,125.27219959011894
07/20/2023,07/24/2023,3568.875456282967,12,0.0,655.8682190494362
04/26/2020,04/27/2020,1087.0777511679994,6,0.0,182.03706245384146
03/28/2022,03/30/2022,2299.567386849971,9,0.4,337.6196435125391
01/02/2021,01/05/2021,4936.94586354665,12,0.1,799.2141226835796
01/22/2023,01/29/2023,1452.6755179212503,4,0.4,-116.01798619856142
06/16/2020,06/23/2020,2132.0728767340884,13,0.4,-151.25916963251393
08/11/2022,08/18/2022,5542.80591330611,12,0.4,-307.1584208398234
09/26/2023,09/29/2023,978.0283515237487,13,0.3,214.85158231328555
10/22/2021,10/29/2021,7343.034789540424,13,0.0,1675.9230643751769
11/25/2021,11/27/2021,4140.155822297023,11,0.4,723.7605198265875
07/13/2022,07/16/2022,1288.5795915269632,6,0.0,444.8741686807451
05/31/2020,06/07/2020,5794.258658962373,7,0.0,2035.8984559214507
08/08/2021,08/11/2021,619.2778039556008,1,0.0,115.21635262625878
07/01/2022,07/07/2022,3246.3249625074654,5,0.0,588.8649214508522
09/30/2020,10/03/2020,1709.404640399734,4,0.15,329.95016224077654
05/10/2021,05/12/2021,11836.477575059476,13,0.0,2667.6755897014386
04/10/2020,04/11/2020,9060.847973745727,13,0.0,2289.841249204513
07/10/2021,07/13/2021,5044.223720208463,13,0.0,584.9345411284564
01/10/2023,01/14/2023,2462.1982890624536,10,0.0,963.8941408851831
03/13/2020,03/15/2020,128.5616929204038,2,0.2,2.2434841233263665
11/03/2022,11/08/2022,347.4144576171119,2,0.0,53.380019246361854
12/27/2023,01/02/2024,1985.5122451256464,2,0.0,602.5238585258782
06/05/2020,06/07/2020,2888.8945892220663,7,0.0,423.6577363435084
01/04/2022,01/05/2022,9896.703905050957,11,0.0,1306.9683997685524
05/11/2020,05/18/2020,2092.704860802018,13,0.1,201.07987868405752
09/23/2023,09/30/2023,4742.179888901853,11,0.0,562.3090685192153
10/15/2022,10/17/2022,3843.6531294524566,4,0.0,674.159931690456
11/28/2023,12/03/2023,601.3255734306416,6,0.0,109.04184267638844
10/31/2023,11/07/2023,4186.311086820644,7,0.0,1044.8472606532225
07/12/2021,07/18/2021,4139.910817602025,9,0.5,-76.10499416981202
04/16/2020,04/20/2020,10452.05193147179,11,0.0,2530.5883578783546
09/21/2020,09/26/2020,1186.566363276921,2,0.3,159.96320807937653
05/13/2023,05/15/2023,6859.000704292384,10,0.2,475.2493858814995
01/07/2023,01/12/2023,7867.93349491549,12,0.0,1104.7462929679716
06/03/2020,06/10/2020,1483.4227005912771,13,0.5,168.610991791124
09/14/2022,09/21/2022,5280.276665088508,9,0.2,1004.2156987082653
09/23/2022,09/25/2022,9149.91579526217,11,0.15,395.26710429155077
09/03/2020,09/10/2020,2653.3708976304133,5,0.0,1030.345033453
06/14/2021,06/21/2021,3136.6575101877465,13,0.1,809.0084323238209
05/07/2022,05/11/2022,3466.4181425240868,6,0.0,504.40333134307076
06/21/2021,06/25/2021,4162.225516069261,6,0.0,1626.3493696143655
12/29/2021,12/30/2021,1664.720798742301,11,0.3,99.25432135913441
03/23/2023,03/27/2023,1516.1946536799892,3,0.3,372.0029431915078
06/02/2020,06/05/2020,6507.143833251027,11,0.0,852.3231958045994
04/01/2020,04/06/2020,5422.792408497831,11,0.2,260.2439567200285
12/27/2023,01/01/2024,2503.4244035394863,10,0.2,493.74004410721625
12/03/2020,12/05/2020,1145.998994070624,7,0.0,122.21281604872975
02/28/2023,03/04/2023,8153.800152583804,13,0.0,861.0974950834766
03/25/2021,03/26/2021,4132.594614827322,7,0.0,1395.1426577292266
03/20/2022,03/27/2022,2205.645221354668,8,0.2,111.01916608177068
02/25/2022,02/26/2022,1060.271558046499,5,0.3,239.2364911851932
09/29/2020,09/30/2020,707.5440340913225,2,0.0,161.15649001515558
08/10/2021,08/16/2021,5791.318709831834,13,0.1,1807.4457030941994
06/25/2020,07/02/2020,2340.1716906241195,3,0.2,293.29155385588894
04/10/2022,04/13/2022,5514.688625802799,9,0.2,877.2160132437667
10/04/2021,10/08/2021,5119.334050643001,6,0.0,998.0359226785355
12/08/2022,12/15/2022,3676.2701271443693,8,0.1,909.5935091495156
07/20/2021,07/21/2021,2972.829303701539,8,0.3,135.14585999118611
10/27/2021,11/03/2021,2971.9398075172035,14,0.0,496.1684100461417
10/10/2023,10/13/2023,3619.1768896903377,5,0.0,449.91505649711274
08/24/2023,08/29/2023,299.15771601291084,1,0.3,-9.782216686605715
05/17/2022,05/19/2022,4470.134341377205,6,0.0,857.3373732867896
12/05/2022,12/09/2022,2033.3276547475457,7,0.3,347.58110322654716
10/28/2020,11/01/2020,1056.8881380759215,9,0.0,170.8840365282778
05/17/2022,05/23/2022,362.6463018160493,2,0.0,68.81874864008535
06/30/2022,07/05/2022,9761.452527527237,12,0.0,3626.8816021061843
02/11/2021,02/15/2021,3458.3942206234624,13,0.0,1008.9769989369571
04/27/2023,05/03/2023,543.4217566827972,2,0.0,204.2813226243368
04/01/2022,04/07/2022,7905.632477369618,10,0.15,2358.786250527394
02/26/2023,03/04/2023,661.059266638181,1,0.0,78.68139244212313
07/14/2021,07/18/2021,369.49343503653824,5,0.4,68.91155928425827
07/13/2023,07/17/2023,273.8689513751068,2,0.1,17.89826376324261
02/15/2023,02/19/2023,838.9312751792298,3,0.0,316.85232521695
04/08/2021,04/11/2021,1196.1114618967329,2,0.0,315.79738524586
05/23/2020,05/29/2020,7062.02896218186,11,0.15,1306.170807038688
03/17/2021,03/20/2021,1127.0059160746603,4,0.0,353.8564370962609
05/08/2023,05/10/2023,9591.291787448963,11,0.0,3488.960730951761
03/26/2023,03/30/2023,247.9855919001448,3,0.3,33.50319238721556
05/01/2021,05/08/2021,1939.7085872647299,9,0.0,441.51638354670996
05/09/2022,05/14/2022,9707.602719314487,10,0.0,1296.6134589978383
03/03/2023,03/04/2023,1548.6920821849078,12,0.1,444.107265077059
05/27/2020,05/29/2020,1511.6913308991736,2,0.15,95.97433138614771
09/21/2023,09/28/2023,4948.270072550382,7,0.0,1573.103343063388
12/30/2022,12/31/2022,634.1428919617302,11,0.3,68.72681095899956
06/10/2023,06/11/2023,5817.5501512702385,14,0.15,818.8247065142943
09/19/2023,09/23/2023,1335.6633770140636,3,0.15,279.0146244433977
03/21/2022,03/26/2022,9328.182351016792,10,0.0,3094.2217583479674
10/27/2021,10/28/2021,1707.5741885855882,8,0.5,225.9835878086326
03/30/2020,04/05/2020,1809.1839172385326,4,0.0,324.5839947358492
09/19/2023,09/26/2023,1529.1223572052827,14,0.1,510.93948880920294
07/17/2020,07/18/2020,2571.1233512131435,4,0.0,998.3271232238708
03/30/2023,04/01/2023,1575.273644137481,9,0.2,384.5072116577578
06/21/2021,06/26/2021,954.3371820561673,11,0.0,347.79019911382585
02/18/2023,02/23/2023,2990.849430210258,3,0.0,920.3688734798986
10/27/2020,10/28/2020,1356.9733252475678,7,0.3,-51.93250090095111
12/24/2021,12/29/2021,149.64263347751591,1,0.0,40.78114371359127
08/20/2022,08/22/2022,4917.468295958432,7,0.0,1594.053254282365
12/30/2023,01/06/2024,6999.455342082804,10,0.15,2152.4090946149845
03/08/2020,03/10/2020,646.2431201167325,11,0.2,110.595174448149
04/03/2021,04/05/2021,228.67874879017833,2,0.0,77.35292009668068
02/01/2021,02/07/2021,1191.2650241547046,12,0.0,371.0928918811636
09/11/2021,09/15/2021,395.42797202500253,14,0.5,-26.003000776610442
08/02/2023,08/03/2023,8352.060114484057,14,0.1,805.2924612429689
03/09/2023,03/16/2023,3554.5803470518226,6,0.0,1156.2040318496688
12/30/2021,01/04/2022,6062.225168948436,13,0.3,122.03567440644981
07/09/2021,07/11/2021,4135.944982295658,9,0.1,510.4064913895795
02/19/2022,02/20/2022,4915.995651309155,6,0.0,1441.2906378696969
06/12/2022,06/19/2022,1653.6048584207692,3,0.0,556.8027195658296
09/01/2021,09/08/2021,919.5594654516286,1,0.0,252.60264295320482
01/17/2022,01/18/2022,4122.6531963032085,12,0.3,888.4109285890542
10/08/2020,10/12/2020,9513.024895193794,12,0.0,1554.7420148102287
10/22/2021,10/28/2021,1653.147000587191,4,0.0,290.4981471887793
07/12/2022,07/17/2022,1234.4406363202995,4,0.3,174.16309554193495
09/22/2022,09/28/2022,11056.527622211988,13,0.0,3856.6324348860035
01/15/2022,01/22/2022,792.7660116277896,8,0.15,148.09308329490943
03/27/2020,04/01/2020,5692.68577433376,10,0.0,586.9982878297583
01/07/2023,01/14/2023,6197.121376358481,10,0.15,1413.457655385163
05/13/2023,05/15/2023,10540.829729680363,14,0.0,3626.8331422183755
03/01/2022,03/03/2022,7742.521694677583,13,0.0,1416.5956810205857
09/22/2023,09/23/2023,2857.578187702888,7,0.1,189.34161238497322
07/01/2023,07/06/2023,2279.4842651387667,10,0.15,411.1861218865658
10/30/2020,11/04/2020,5416.475239353457,7,0.15,203.91169315596494
11/04/2023,11/11/2023,2237.735904874367,7,0.15,335.2240790882794
05/09/2020,05/15/2020,8650.823410598534,12,0.1,478.7828783509373
08/18/2021,08/20/2021,74.42812229941781,2,0.1,8.744561344738232
07/23/2023,07/26/2023,1834.8335474290338,9,0.15,259.89818230044
07/11/2021,07/12/2021,1795.857619271935,6,0.15,105.07880244676998
06/17/2022,06/22/2022,1147.2591485510736,2,0.15,67.97140027741733
04/21/2023,04/25/2023,293.52374918124485,1,0.1,87.50486630648511
07/15/2023,07/19/2023,560.4517909222546,11,0.0,63.01000318555829
09/07/2023,09/10/2023,182.1288408934759,1,0.0,55.85707137504481
03/18/2020,03/20/2020,266.57369884563275,1,0.0,91.79321764609163
02/22/2022,02/24/2022,442.28881232750604,4,0.4,-26.883770806158388
09/24/2023,09/26/2023,677.3994065271106,4,0.2,39.70320588365761
11/04/2021,11/10/2021,9717.968877959423,14,0.1,2356.1020259939514
08/25/2020,09/01/2020,5014.959690131467,12,0.0,976.382480783281
03/03/2023,03/07/2023,3700.147069991214,9,0.0,898.8653363309309
04/30/2023,05/02/2023,8799.15648696531,13,0.3,1766.877771755786
10/11/2023,10/15/2023,3798.772484343969,12,0.3,-32.68862179005088
10/04/2020,10/07/2020,11140.578614484852,12,0.0,3185.044151631438
11/07/2022,11/08/2022,244.85797378761083,1,0.2,69.22607903392091
06/07/2021,06/14/2021,1219.8599919153942,3,0.0,143.01637191921847
06/28/2020,07/04/2020,1206.9615675203625,3,0.0,142.42391449038627
05/02/2020,05/07/2020,3523.955481545587,8,0.2,586.4662274494583
06/23/2023,06/26/2023,1000.2881905072015,2,0.15,313.11294901016737
10/28/2023,11/04/2023,1227.0901380088615,6,0.2,81.16230967175379
12/10/2022,12/14/2022,8752.132487042423,11,0.0,1743.753792086016
12/30/2022,01/02/2023,2006.2427805200982,4,0.0,259.9978140768904
04/24/2021,04/29/2021,220.65053378705224,13,0.0,46.0440668063369
11/08/2022,11/15/2022,5954.272269835134,10,0.0,674.6175239144881
03/24/2020,03/30/2020,4320.425774414764,6,0.1,720.336809678679
03/24/2023,03/25/2023,3353.5069156849418,13,0.0,894.2003200224565
07/18/2021,07/23/2021,237.4614963415337,5,0.0,93.2039811595521
09/10/2021,09/17/2021,9709.282429130584,12,0.0,3354.716252197838
12/22/2020,12/28/2020,7030.900431445758,9,0.2,1733.9580153891113
03/26/2022,03/30/2022,656.354535664638,9,0.15,61.33193205734802
10/08/2021,10/13/2021,797.8579733645943,1,0.15,40.826720137964486
03/18/2021,03/21/2021,1097.0450035689043,3,0.0,308.1845276317972
12/28/2022,12/30/2022,942.0252125022066,1,0.0,241.48011693234844
06/06/2021,06/09/2021,3914.105584574534,6,0.0,997.9057707875245
05/22/2020,05/26/2020,10696.10243188715,12,0.0,1419.398419077675
07/10/2020,07/17/2020,2363.9240844026976,3,0.0,586.6443273817965
11/11/2023,11/12/2023,528.0487154938879,14,0.0,76.62341825660909
01/12/2021,01/17/2021,63.56986570653284,1,0.15,9.639377053172092
08/03/2021,08/10/2021,1591.4614772020757,6,0.5,-209.04039102760467
06/18/2021,06/19/2021,691.6141482323176,5,0.0,246.95312840319198
08/09/2023,08/13/2023,3917.9607328308716,12,0.3,-180.40631846097116
10/29/2022,11/03/2022,11461.007946945874,12,0.0,4375.777784474511
07/18/2023,07/24/2023,2052.306059816788,8,0.15,582.5830865213063
11/11/2023,11/17/2023,5878.8806814632435,14,0.15,1474.3199345988698
04/02/2020,04/09/2020,468.50044052086645,2,0.4,91.24757013838214
06/12/2021,06/15/2021,5068.229556846128,8,0.0,588.65458574203
03/23/2023,03/30/2023,2422.877776140519,12,0.0,708.6411884611427
02/08/2021,02/11/2021,1336.6994861647024,5,0.0,474.2484489961155
04/19/2022,04/23/2022,6881.44138280296,8,0.0,949.5365766314541
03/18/2023,03/24/2023,5855.204603676492,12,0.4,441.672683793273
06/07/2022,06/12/2022,6330.382335855473,10,0.2,748.1028877521669
07/14/2023,07/20/2023,2474.273322319095,4,0.2,323.50661990941603
02/25/2021,02/28/2021,1673.4352266970677,4,0.1,541.7867462428015
04/16/2021,04/23/2021,5121.213053648203,10,0.3,571.5039988716388
06/11/2022,06/15/2022,1573.3310787735866,4,0.0,201.35272996536804
06/30/2021,07/06/2021,1535.8347814261951,14,0.0,585.4062373942556
09/22/2021,09/26/2021,3075.694893289506,11,0.3,17.111170779665553
11/03/2022,11/09/2022,1002.4584827139095,6,0.0,368.69525286793885
02/16/2022,02/23/2022,1587.7726553047382,4,0.0,621.2576769529019
12/29/2020,12/30/2020,2740.0586688833196,9,0.0,995.6037121295338
04/28/2020,05/05/2020,4614.243312038929,9,0.15,1052.694084484113
06/15/2023,06/21/2023,938.2087789257699,3,0.15,232.737272956421
06/29/2021,07/02/2021,4959.736367217706,7,0.0,1537.3207430591135
04/07/2023,04/14/2023,4963.4420566768595,12,0.2,685.7358344415553
06/05/2021,06/10/2021,3681.189422920984,5,0.2,303.05728982572026
09/25/2021,09/28/2021,720.8293031775584,12,0.4,-10.451434547465055
08/20/2022,08/23/2022,5595.739983714843,9,0.1,1507.2145700475749
08/15/2022,08/18/2022,1081.0766540709428,2,0.2,203.03801666305114
06/01/2022,06/05/2022,2282.688676652577,3,0.2,400.5324484488759
02/18/2022,02/20/2022,3778.3634837321597,10,0.0,1117.574369085543
05/20/2022,05/22/2022,1561.9179500752034,5,0.0,519.2375535847298
05/30/2021,05/31/2021,2168.03411725824,12,0.0,703.5320020133499
07/26/2022,07/29/2022,1363.1781510087035,5,0.0,179.42003837218516
11/21/2023,11/23/2023,5068.718650275872,10,0.0,1058.9086231732629
05/15/2022,05/16/2022,10072.029988084529,12,0.0,1804.8084740758898
04/15/2020,04/19/2020,4080.2123242416883,14,0.0,1066.8596393212638
01/13/2023,01/16/2023,2326.305736871433,14,0.0,275.492349114295
08/01/2020,08/06/2020,1955.850304543989,7,0.0,642.9646923020176
02/18/2023,02/22/2023,1143.1441348932774,13,0.2,36.5328290390029
03/01/2023,03/02/2023,9088.798929020177,14,0.3,285.57558627809044
04/29/2022,05/03/2022,6292.064955614578,8,0.1,1792.1213660726366
07/15/2020,07/20/2020,2523.2543985224065,8,0.0,291.35512595845205
01/19/2020,01/23/2020,3563.251128815677,14,0.0,1062.0637737148038
10/03/2021,10/04/2021,906.3433409242665,1,0.0,342.0027517334316
11/01/2022,11/06/2022,164.55924530844985,14,0.0,46.94732845195919
01/09/2023,01/14/2023,483.65740216914656,1,0.2,103.4046206978873
11/25/2020,11/29/2020,2750.5311700086413,3,0.0,928.7995353524227
05/15/2022,05/20/2022,410.7775312138314,1,0.2,27.388138664694335
02/12/2022,02/19/2022,10.349832002910041,1,0.2,1.8038636853547296
01/26/2021,01/30/2021,2266.8271509130414,10,0.0,436.85616161208054
09/28/2021,10/01/2021,6647.163681261706,8,0.1,829.889171091805
11/02/2020,11/07/2020,26.85219993803095,1,0.0,4.23558343497329
07/14/2023,07/18/2023,3607.487715623125,9,0.0,994.3288974785776
06/13/2022,06/16/2022,1425.3251023253672,2,0.1,411.00614497109046
10/13/2021,10/18/2021,3778.69537686669,9,0.5,426.1110807190878
04/20/2022,04/23/2022,4731.752162363357,14,0.3,371.80113510641877
10/22/2022,10/28/2022,1008.6674397052008,7,0.4,11.972579968965185
06/03/2021,06/08/2021,5433.369034583677,9,0.0,1663.6545151970636
09/27/2021,10/03/2021,813.4207537251855,3,0.0,271.7701961777046
08/25/2023,08/26/2023,262.71161541595717,1,0.0,46.23614118758693
01/09/2022,01/10/2022,809.523765763043,1,0.0,153.15158741036728
04/13/2021,04/17/2021,1789.9549463801166,11,0.0,465.4204976321173
07/30/2020,08/01/2020,131.46324075275257,10,0.15,20.81269581909284
02/09/2023,02/15/2023,1854.4003101132696,6,0.1,485.3639128236907
10/28/2022,11/03/2022,2083.4697048693342,7,0.4,106.97678809834098
03/14/2022,03/15/2022,3823.3597750724,9,0.4,-254.33091798110758
04/21/2021,04/27/2021,4699.824630169474,6,0.0,703.9677367130814
05/23/2022,05/25/2022,2334.094066578028,5,0.3,514.8373209579
04/04/2021,04/07/2021,8823.413081192604,14,0.0,1484.2702201839213
09/09/2020,09/12/2020,1338.1824701924813,2,0.0,153.9255458800158
01/21/2022,01/23/2022,446.09800384846085,2,0.2,97.89012550733669
09/07/2022,09/13/2022,3108.301677879377,8,0.0,948.6640636180845
05/03/2022,05/09/2022,434.19049519269817,1,0.3,56.454666348264816
08/23/2020,08/29/2020,509.42168550294525,8,0.15,89.49359516607343
08/22/2023,08/29/2023,2328.2651435672633,11,0.3,560.8187854860819
04/22/2021,04/26/2021,2061.7737765503825,10,0.5,-235.1459408900096
11/09/2021,11/14/2021,5327.252132651426,11,0.1,1081.6923380792225
11/09/2022,11/11/2022,3441.3210040114604,7,0.0,926.4500137521215
08/03/2020,08/05/2020,5046.653915607177,7,0.0,538.7195839467463
05/04/2022,05/11/2022,2393.4620433114824,5,0.0,535.1726736014616
05/14/2020,05/16/2020,2715.266051960217,3,0.0,909.1814161370464
06/23/2022,06/25/2022,1893.9242777813763,7,0.3,172.9713970470841
02/26/2023,03/05/2023,3710.825923800764,7,0.0,1345.4843809885606
02/13/2021,02/15/2021,46.123999971022855,7,0.5,2.0036117790820693
12/16/2023,12/22/2023,3046.782498064584,12,0.2,700.2286437631777
08/10/2023,08/17/2023,9546.979722949376,11,0.0,3258.804633754048
06/23/2023,06/27/2023,680.4812613006574,2,0.0,208.80572391046394
03/26/2020,03/27/2020,781.9634099974122,3,0.0,253.99281788983632
07/09/2021,07/15/2021,1644.3047784533983,3,0.0,507.4212107864667
10/30/2023,11/05/2023,316.5940708475463,4,0.1,68.11177123545701
01/12/2021,01/17/2021,6435.468964006744,12,0.0,1737.3184915535073
11/14/2023,11/21/2023,2376.312922987213,9,0.15,194.77552193221504
12/10/2022,12/11/2022,3892.7186097564368,10,0.0,1355.56829164082
08/29/2020,08/31/2020,634.7610834350188,1,0.2,59.439785841104076
08/10/2023,08/11/2023,5588.892778795008,12,0.3,618.8081591836412
07/08/2022,07/12/2022,3161.515225348231,7,0.0,552.8341467908083
09/22/2020,09/25/2020,4072.1880496786303,7,0.0,1257.3267205997379
02/17/2023,02/23/2023,6768.873476349836,11,0.2,1980.2385766193113
12/12/2021,12/19/2021,1496.6518154884527,4,0.5,135.5698201062156
06/25/2023,07/02/2023,2515.0904147936662,13,0.0,718.6333751806123
03/10/2020,03/11/2020,3387.010327571339,11,0.0,915.3461799817466
02/26/2020,03/02/2020,354.754561656365,1,0.0,87.60003247987403
11/06/2023,11/10/2023,587.0006013148632,3,0.0,94.79556624076686
02/08/2020,02/11/2020,110.19919733120577,5,0.0,22.525048246048726
03/11/2022,03/15/2022,2186.731153211089,12,0.0,485.2754900623372
11/07/2022,11/14/2022,1377.2752024781428,2,0.15,424.711349203827
01/01/2022,01/03/2022,3853.2287281498247,7,0.0,877.2832966288495
04/04/2022,04/07/2022,4875.380254042327,14,0.0,1344.9082896688697
01/25/2022,02/01/2022,6122.610011731702,10,0.0,2306.5547193981415
12/17/2020,12/22/2020,5197.050488653266,10,0.3,548.4339403813461
08/14/2023,08/17/2023,2526.1845363345783,7,0.0,443.1810173006351
10/09/2020,10/16/2020,2828.4845587177483,12,0.5,-100.97171702071294
04/19/2020,04/24/2020,662.1397605307299,10,0.1,107.70481890384873
10/13/2022,10/15/2022,3005.598154251772,5,0.0,945.0059534092125
04/18/2023,04/23/2023,4354.116295159954,12,0.0,822.2148588651955
06/27/2021,07/01/2021,3733.1014945606285,10,0.15,911.1999516933807
01/25/2020,01/26/2020,2313.2229035442597,6,0.1,732.7661275610681
04/22/2022,04/26/2022,540.6724164768498,1,0.15,68.0284326186928
03/01/2022,03/08/2022,1845.5702254877954,4,0.2,74.93445146950513
01/07/2022,01/14/2022,1369.2319593561676,4,0.2,262.2987075396602
02/26/2020,03/03/2020,294.6401840340355,11,0.0,61.36068641963561
06/28/2020,07/02/2020,3498.616735516366,8,0.3,385.53304549605986
08/19/2020,08/22/2020,1585.407058729171,2,0.1,380.8935536730477
12/08/2020,12/10/2020,771.8560558779586,1,0.0,171.60126377227257
04/21/2021,04/27/2021,6185.336698343763,7,0.1,2025.1307931407935
07/29/2021,08/04/2021,753.1913816665818,6,0.15,109.12567859432593
03/30/2021,04/05/2021,1151.4742612998757,5,0.0,221.32751405036515
06/09/2023,06/16/2023,6526.497486837112,12,0.0,2386.7568800804497
10/15/2020,10/16/2020,3165.797509164789,13,0.0,446.0308478713678
05/21/2023,05/26/2023,574.6556850953483,13,0.0,78.87877862940762
09/14/2020,09/17/2020,5307.450114229987,13,0.0,2020.5964790753808
06/13/2021,06/20/2021,2358.1462944995415,8,0.0,383.648056869847
11/17/2021,11/19/2021,2982.355609225234,11,0.0,431.04349791815645
07/17/2022,07/24/2022,12397.33415510208,13,0.0,3230.1315037550894
08/16/2020,08/17/2020,344.49740514391306,2,0.3,-12.389318697162304
06/03/2023,06/10/2023,276.27649095104766,2,0.0,79.01631971651125
08/18/2021,08/25/2021,1206.594587958954,9,0.0,284.6106137946486
03/10/2021,03/14/2021,808.2608327536439,1,0.0,236.11205557433922
05/31/2022,06/02/2022,3444.9580501510704,6,0.2,293.4452164680351
10/17/2022,10/23/2022,1796.4873369480904,13,0.0,667.6495438056754
02/05/2021,02/07/2021,2958.2226397383197,13,0.0,535.9536610520265
09/13/2021,09/15/2021,2249.608735077285,3,0.0,655.2421992399351
03/28/2020,04/01/2020,1832.156520065742,13,0.5,244.64338084665894
08/06/2021,08/11/2021,4417.769944826004,5,0.1,752.0934655336655
11/04/2020,11/11/2020,4361.314927637598,8,0.0,647.3410710318492
06/24/2022,06/27/2022,1400.6152349419112,7,0.0,168.79478476373995
12/08/2020,12/14/2020,11182.864809578876,13,0.0,4349.076501205165
03/11/2021,03/16/2021,3915.3694852591534,12,0.0,1288.5889967582373
06/25/2020,06/26/2020,946.9417008439491,4,0.2,261.0582080272439
05/18/2020,05/25/2020,2673.3345689358675,8,0.0,827.797824571723
07/12/2020,07/18/2020,7204.317828176549,11,0.15,920.2403048935466
04/24/2023,04/27/2023,1996.2890224066753,11,0.0,273.3019002924382
05/26/2023,06/02/2023,3491.711302124958,10,0.1,1148.0469442080785
04/02/2023,04/03/2023,445.7688956222296,11,0.0,110.05397173558137
03/30/2023,04/03/2023,11597.044916465562,14,0.0,2539.2042835308366
07/31/2022,08/05/2022,590.4296836946899,2,0.15,117.10441727998277
06/08/2021,06/15/2021,1789.8383342720347,7,0.0,236.20102093860635
12/01/2022,12/07/2022,2482.400817294913,5,0.15,292.3303646101512
07/03/2022,07/05/2022,5451.1531298367345,11,0.3,770.590444805037
07/28/2020,07/31/2020,4888.602460866682,6,0.0,635.6986306719118
01/10/2022,01/17/2022,744.0449016925621,3,0.3,-7.014239495030711
05/11/2022,05/17/2022,8955.956258123368,11,0.0,2267.436398830777
07/22/2023,07/24/2023,4702.321903677436,10,0.0,1349.7410182723825
08/11/2022,08/17/2022,655.2785269751474,7,0.15,53.14342386869721
07/26/2023,08/02/2023,5341.419769698316,7,0.1,320.0866646510576
06/28/2023,06/29/2023,1104.3168685671365,2,0.0,427.9339046442939
08/26/2023,08/28/2023,485.15590098232934,1,0.2,4.00146756162324
04/12/2022,04/14/2022,4690.58178498894,10,0.5,-700.6996871747127
05/19/2020,05/25/2020,1127.1199401797255,2,0.0,222.04507479656823
03/02/2022,03/06/2022,130.4326411181565,12,0.3,2.1829142426422954
06/29/2021,07/06/2021,6277.749714670115,8,0.1,1394.1369720337198
10/13/2022,10/17/2022,1926.5635588334871,11,0.4,324.16871494888545
02/26/2020,03/02/2020,5067.492515761637,10,0.0,1238.1521103846821
04/21/2020,04/22/2020,510.8105676859345,3,0.2,118.50312884040483
01/05/2020,01/09/2020,3344.151060474661,11,0.0,1246.592875529951
12/04/2023,12/10/2023,1931.3906068418178,4,0.3,13.171883232146083
12/08/2023,12/15/2023,2959.8877991872364,8,0.15,507.600825192531
04/20/2023,04/24/2023,1892.5779728267194,3,0.0,553.8080587586968
11/02/2022,11/07/2022,4952.039606398928,6,0.0,988.2536423043325
09/24/2023,09/27/2023,486.37932275027435,2,0.3,83.6210730861771
07/06/2023,07/11/2023,1460.2744267540904,3,0.15,345.49288700579007
03/30/2020,04/01/2020,779.812014439405,1,0.0,176.49351604185182
09/07/2021,09/14/2021,6461.747647575128,9,0.0,816.6752525432879
06/09/2022,06/11/2022,1524.4460045416904,4,0.3,-70.93150449985659
11/28/2021,12/02/2021,2337.2980537204894,6,0.0,492.7138092063702
06/27/2023,07/01/2023,2893.9887299448114,7,0.0,360.65076684945586
07/02/2023,07/07/2023,526.5646318515635,2,0.4,70.81627297008605
06/16/2022,06/21/2022,2842.8565892535225,8,0.0,569.4177357024224
08/28/2022,09/03/2022,8425.018542489612,12,0.0,2526.068951648583
02/05/2023,02/06/2023,1207.4498977420026,9,0.0,246.21557161297534
10/29/2021,11/04/2021,9484.239879199018,14,0.3,1790.4492683200956
08/16/2021,08/18/2021,7811.956469518247,10,0.0,2863.2675721227524
08/11/2021,08/17/2021,2853.4462923817423,11,0.15,788.2766505188481
04/29/2021,05/04/2021,72.97093100910098,2,0.3,6.957199553417096
09/08/2022,09/15/2022,3570.9507032756846,5,0.0,447.03118949058216
08/29/2022,09/04/2022,1031.8216363281888,2,0.3,63.47078660993165
07/05/2023,07/08/2023,10603.85022864531,11,0.0,2410.64536181554
09/30/2021,10/01/2021,1109.9661334975067,5,0.15,347.50398281932115
09/23/2022,09/28/2022,643.284875115271,7,0.0,173.4612465189778
10/08/2020,10/15/2020,4671.515391720366,6,0.15,1014.9047970035317
09/12/2022,09/16/2022,1064.25017706659,4,0.0,356.0992525711084
01/16/2023,01/22/2023,10140.425859909003,14,0.0,2742.587083640045
05/12/2023,05/17/2023,84.06364973928136,2,0.4,6.686875194278982
01/16/2020,01/20/2020,5340.852698484838,7,0.0,927.1631583708441
03/20/2023,03/24/2023,1140.3473605924594,12,0.3,-36.87885386176313
07/24/2022,07/26/2022,6986.304845611875,10,0.0,2210.5769833938193
09/10/2020,09/12/2020,4833.176556373837,9,0.0,1713.8705505393752
04/26/2023,05/03/2023,669.1532744138115,1,0.3,49.24971779863459
11/24/2020,11/29/2020,139.6453999397088,3,0.0,36.96055350093074
06/27/2021,07/04/2021,1465.728465876082,7,0.3,61.8325881609391
02/21/2022,02/26/2022,1103.393594252619,14,0.0,259.3705150744732
09/23/2022,09/26/2022,7923.650929985896,9,0.0,1288.9158751372986
11/21/2023,11/22/2023,6607.481670475688,13,0.15,1671.468488618834
09/15/2023,09/16/2023,2698.0995811715998,5,0.0,667.9780546879672
04/24/2022,04/29/2022,981.0031923660267,7,0.0,259.12901686382077
04/07/2023,04/09/2023,3953.135477919363,10,0.2,43.98425939468737
12/31/2020,01/06/2021,2833.0163303684008,7,0.0,812.2810758454675
04/16/2023,04/23/2023,1290.377397830532,4,0.0,207.48848358920668
10/16/2021,10/19/2021,2710.6347308026293,5,0.3,176.24111504561208
10/17/2023,10/18/2023,98.92859120915443,2,0.3,7.302385273656745
01/29/2022,02/03/2022,5201.750960708638,8,0.0,1220.4336620963513
09/30/2021,10/02/2021,8907.441489614048,12,0.1,1053.1349730753566
11/29/2022,12/01/2022,771.9990785269629,1,0.15,216.18527000122126
07/12/2022,07/14/2022,1347.223371854141,2,0.1,240.2840853968823
02/19/2021,02/26/2021,3475.5734648356,12,0.0,985.8128301288033
10/10/2023,10/16/2023,906.7535788776996,3,0.5,30.993983197911035
09/11/2020,09/15/2020,1049.927023636482,7,0.0,296.1795861461032
03/12/2023,03/19/2023,679.8060945395724,6,0.1,148.0586421078812
12/10/2021,12/16/2021,6293.931427027869,14,0.3,1238.5684435544276
07/30/2021,08/01/2021,5072.949639328246,7,0.15,1363.5345145313597
06/18/2022,06/23/2022,589.632462208195,11,0.3,44.30697132212673
01/11/2020,01/14/2020,574.7184740598287,5,0.0,167.10158856156391
01/26/2020,02/01/2020,7979.317280970887,14,0.0,1044.0838784493806
08/14/2022,08/19/2022,632.8832787456109,4,0.3,-14.409610864382364
02/24/2021,03/03/2021,4309.8995908491,7,0.0,1051.5074150242672
05/29/2023,06/05/2023,533.7561288066876,3,0.2,144.14682443284622
05/10/2021,05/12/2021,1629.1230093189852,13,0.0,480.59114236145297
06/14/2023,06/17/2023,4400.953858745433,10,0.2,883.5571792760234
08/24/2020,08/25/2020,5440.511075909443,7,0.1,529.3725740186281
10/05/2022,10/06/2022,1376.5415048580494,2,0.0,324.85186504760577
08/06/2020,08/13/2020,9846.45463392726,12,0.0,2168.556420636322
04/05/2021,04/10/2021,2791.4525909907074,12,0.15,725.4803951957516
10/24/2021,10/27/2021,7096.950918272443,8,0.0,1003.1343468716498
09/26/2021,10/01/2021,3909.3415848711816,12,0.15,730.0980877658482
03/13/2023,03/16/2023,4611.185232363488,6,0.1,1491.2824386318368
09/16/2022,09/19/2022,5717.566010966866,12,0.0,2102.566100465024
07/07/2020,07/14/2020,660.4297701285391,3,0.2,168.87264043881314
09/11/2020,09/16/2020,802.9687281495751,3,0.0,170.627316755947
03/08/2020,03/15/2020,2859.9560276050315,5,0.0,1093.4475806071607
09/07/2021,09/10/2021,264.66050251433205,3,0.0,90.40542144048418
12/01/2020,12/07/2020,4746.8537264773795,6,0.15,1330.744346061201
11/01/2021,11/03/2021,334.49863288986035,2,0.4,60.111457582428656
03/31/2022,04/03/2022,2738.1485573391737,8,0.0,1043.5094548337702
05/23/2022,05/29/2022,3132.590996649665,13,0.0,538.8667024207506
12/03/2023,12/06/2023,142.75669050625595,11,0.0,19.744151596113102
10/26/2020,11/01/2020,6677.997450630815,12,0.2,1384.0983335621856
12/22/2020,12/27/2020,6541.121092262694,11,0.0,1759.3273165910514
09/12/2020,09/13/2020,5843.146282525041,9,0.2,573.9602907550164
10/04/2022,10/08/2022,657.8086543141187,13,0.0,200.8519081310972
12/18/2020,12/21/2020,4553.908532601336,7,0.3,-142.99699404898246
06/07/2021,06/11/2021,4253.483690313,14,0.1,272.9141257943623
08/07/2022,08/10/2022,1645.0904949853245,3,0.4,10.352842804371452
01/25/2022,01/30/2022,1276.6618397155055,11,0.0,201.90916003961297
10/10/2020,10/15/2020,9405.665333252304,14,0.1,2497.8325875889504
08/28/2023,09/03/2023,4668.517192944027,10,0.2,1327.7568748682374
04/08/2020,04/11/2020,1239.6716305401978,4,0.15,277.0520111832591
07/15/2020,07/20/2020,1060.2116636842693,12,0.0,314.2841733364567
04/26/2021,05/01/2021,3043.445723741366,10,0.5,-450.49487764536906
05/27/2022,05/30/2022,72.35096848634794,2,0.0,18.35421735989394
06/03/2023,06/09/2023,4556.423503390927,9,0.0,1572.5602483084485
09/06/2021,09/12/2021,8514.330860500058,14,0.0,2522.2522499737233
09/09/2021,09/15/2021,3308.3932941659104,5,0.1,391.49777887869277
10/20/2023,10/26/2023,9517.644363672936,12,0.2,2422.6456997727432
01/02/2021,01/03/2021,534.9855527453744,2,0.0,208.27683973224728
07/23/2021,07/26/2021,3291.659231597403,10,0.0,604.6707377669138
08/12/2021,08/19/2021,1877.763024040871,6,0.1,210.55038066414957
01/03/2023,01/04/2023,5139.868193181727,7,0.0,1035.9819202463384
12/01/2022,12/06/2022,7273.508389473711,13,0.4,-589.5361466526703
02/25/2021,02/26/2021,1364.4127169200403,2,0.3,289.29615811395723
04/15/2022,04/22/2022,946.3532528925479,1,0.0,358.4690011832354
04/19/2023,04/26/2023,11447.659309295183,13,0.0,3319.71716210786
06/28/2021,07/05/2021,4162.483920346183,7,0.4,538.2110184443653
03/11/2020,03/17/2020,382.1862695661519,1,0.0,114.88335937216199
02/02/2023,02/07/2023,2846.514320396158,3,0.0,606.8946973003161
05/08/2023,05/09/2023,3053.63905108781,4,0.0,884.3726767219869
01/29/2023,01/30/2023,353.55052186539695,2,0.0,124.05948204437593
02/06/2022,02/09/2022,269.5516263923085,7,0.3,52.01597657725467
11/02/2020,11/03/2020,1000.5260323122857,5,0.1,74.35635120403138
01/11/2021,01/16/2021,390.48180652237494,1,0.5,-4.381093346797559
10/16/2021,10/22/2021,7624.558948963504,12,0.0,1671.2761719855098
11/08/2021,11/11/2021,2785.35233727862,12,0.0,906.9180290414349
02/02/2021,02/03/2021,2978.0089597065826,8,0.5,1.2292680886073803
08/08/2020,08/11/2020,1049.3631193067467,10,0.3,57.620877868692745
06/30/2020,07/04/2020,4612.288687552603,7,0.2,977.366703071854
11/02/2020,11/05/2020,3184.877464844099,4,0.0,770.974613660015
06/05/2021,06/12/2021,1556.5603375983808,2,0.2,119.83523498250811
11/20/2023,11/26/2023,1111.4373828811745,7,0.0,408.03653452982303
10/10/2022,10/17/2022,8984.713958257498,11,0.1,753.9464716883842
01/04/2020,01/08/2020,591.0757830438542,2,0.15,17.984256229338364
05/12/2022,05/19/2022,2151.6862573515286,6,0.15,146.68757380280434
04/27/2022,05/01/2022,379.00848980632145,1,0.2,18.606654712506437
03/14/2022,03/17/2022,7504.55665077931,14,0.15,1398.94436749955
07/28/2023,08/02/2023,6963.710154918036,7,0.0,2001.785685165028
08/02/2020,08/08/2020,4227.714505172766,7,0.0,991.7513901099935
08/29/2022,09/03/2022,9459.976805178032,12,0.15,815.9359935164786
12/14/2023,12/20/2023,1049.9116802555031,4,0.0,146.62779862571486
04/10/2020,04/16/2020,1617.7101807879926,4,0.0,400.6187933626924
08/20/2022,08/27/2022,5094.54534144195,10,0.0,1373.718303053512
07/26/2021,08/02/2021,1648.36484944402,5,0.0,315.14825715584044
08/25/2023,08/30/2023,977.0984319346868,2,0.5,-81.94730672541378
10/19/2021,10/21/2021,6555.840465224294,9,0.0,814.0899644831691
07/27/2022,07/31/2022,4356.832847946611,10,0.1,252.14449529891064
12/22/2022,12/29/2022,2412.133293432627,4,0.2,76.51510954460578
08/13/2020,08/20/2020,5200.4488150100715,11,0.0,1677.7886815776242
04/14/2020,04/21/2020,146.08660010893257,9,0.4,0.46829448162055237
02/10/2022,02/13/2022,7668.660632251258,14,0.0,829.9459703616044
12/19/2023,12/24/2023,1320.760069804538,3,0.3,135.31131648774897
07/02/2023,07/07/2023,8832.558100782384,9,0.0,2303.709394294658
03/04/2021,03/11/2021,50.38491977801151,1,0.0,11.518326908952382
03/09/2021,03/12/2021,3618.831915164078,7,0.0,482.04593931264475
05/15/2023,05/22/2023,428.6928365651128,4,0.0,139.96401821467586
11/17/2022,11/21/2022,771.7791185207291,7,0.3,120.95667830140015
11/12/2021,11/15/2021,8601.021878103078,14,0.0,1878.6243740699194
09/21/2023,09/28/2023,2033.6422987225749,10,0.15,283.173722713864
08/10/2021,08/16/2021,4510.094221092446,6,0.0,661.99404034417
12/28/2022,12/30/2022,1453.3587758740962,4,0.3,255.88532819954804
05/15/2022,05/21/2022,723.2984202050557,4,0.2,130.10125734153902
01/15/2022,01/17/2022,3990.8300866004347,8,0.0,501.79912773589706
04/05/2023,04/08/2023,76.11036747327657,7,0.0,16.24340137228305
05/13/2022,05/19/2022,2937.982986952293,4,0.15,869.843577756059
01/02/2021,01/06/2021,248.0675261372569,11,0.0,58.47258710978182
09/07/2020,09/13/2020,101.63876140356425,6,0.0,20.071444712816874
05/08/2022,05/13/2022,3138.483409114038,6,0.15,684.6137771820214
05/05/2022,05/07/2022,486.892858266091,1,0.5,-43.386188404016934
04/08/2023,04/10/2023,7802.104760544994,13,0.3,835.9254579953143
01/18/2023,01/25/2023,467.0977022344028,2,0.1,117.1746470466889
07/14/2021,07/18/2021,736.9205149303518,4,0.1,225.839258497477
10/20/2020,10/22/2020,1889.5531764813625,6,0.5,109.12413504007638
07/07/2022,07/09/2022,4451.821395580026,6,0.1,735.9881976906793
03/19/2023,03/26/2023,368.45788419102945,1,0.0,121.71639662513026
03/01/2023,03/05/2023,2102.5490134243446,8,0.4,356.42406338532084
03/08/2021,03/14/2021,248.66923708194733,2,0.0,60.50845852310264
02/28/2020,03/02/2020,2096.8760415564725,13,0.0,212.51888093007125
08/26/2022,09/01/2022,2433.8393360719824,5,0.15,704.0498664267428
04/15/2022,04/20/2022,446.5183371638103,4,0.0,66.8136986134436
07/17/2020,07/22/2020,1050.12831773971,5,0.0,144.81022878376865
08/02/2020,08/04/2020,1211.6512688588261,5,0.0,233.0048642597545
06/16/2022,06/21/2022,4045.3675909334465,10,0.1,663.42055815226
04/16/2021,04/19/2021,220.62337792959943,8,0.5,19.814849528204824
09/03/2020,09/05/2020,5047.732619760092,10,0.0,1094.1213624072675
01/16/2021,01/23/2021,6505.713636310985,7,0.0,745.8563219384038
09/17/2022,09/22/2022,410.6282940945826,12,0.0,119.40598733867921
06/16/2023,06/23/2023,7552.6326970091495,14,0.15,1709.6615719684564
07/15/2022,07/16/2022,6029.884378800194,9,0.2,1472.8974034253436
10/22/2023,10/23/2023,3832.0348094842248,12,0.0,841.7440925732224
04/06/2023,04/07/2023,1542.236955259359,11,0.0,194.04629387786318
07/13/2021,07/20/2021,584.615606551533,13,0.15,111.61404184434032
12/10/2022,12/11/2022,582.7176259573,1,0.1,50.288073554648555
11/19/2021,11/25/2021,3340.2722185606663,6,0.0,351.13808999238216
01/14/2021,01/15/2021,1422.0122310484655,6,0.0,474.34778906428426
04/18/2021,04/20/2021,1666.602269110861,2,0.0,368.35773348328377
01/08/2023,01/12/2023,4059.83208746951,11,0.5,30.455039967532308
11/27/2021,12/03/2021,1588.5211839667256,8,0.3,236.4589409136453
10/22/2023,10/26/2023,3627.9810846527407,6,0.2,436.476236775239
06/29/2022,07/01/2022,1944.590889516389,11,0.3,-67.40053580641688
08/17/2022,08/19/2022,7056.553787376052,13,0.2,535.049764510316
04/22/2021,04/25/2021,764.1575439788437,10,0.4,-31.863568157866286
09/30/2022,10/06/2022,6257.8536182988755,9,0.0,2460.7019747455324
07/14/2022,07/18/2022,2463.8667479243763,10,0.0,792.9995442170525
12/14/2023,12/15/2023,2306.978642797188,5,0.2,312.51486064448784
12/07/2021,12/09/2021,1138.6571375551914,7,0.1,78.57897835715104
05/22/2023,05/23/2023,4372.243668553637,6,0.0,589.1823808766385
10/24/2023,10/28/2023,772.978565140333,11,0.0,265.8040393116172
05/03/2022,05/10/2022,868.818044673458,5,0.0,333.3087743810725
02/11/2023,02/17/2023,1153.7706904327688,6,0.0,126.2283462394652
10/13/2022,10/18/2022,203.72059998183428,4,0.0,76.01205441492078
01/23/2022,01/30/2022,2018.4184556963364,3,0.1,331.36196958480195
05/17/2021,05/24/2021,8928.401115202054,13,0.3,125.7993699270508
03/27/2022,04/01/2022,624.4910484220525,1,0.2,19.15295761908638
08/10/2021,08/12/2021,603.4179497508201,1,0.3,109.53525179518745
08/27/2023,08/30/2023,66.97985168655642,6,0.3,6.073273841196909
12/08/2021,12/09/2021,1773.6776979158624,14,0.0,620.303218961589
12/03/2022,12/05/2022,5070.871223117224,9,0.0,851.1312626731467
12/09/2023,12/12/2023,7824.721567569806,8,0.0,2375.3539426168336
06/23/2023,06/24/2023,4781.561772511595,12,0.4,-308.7143087036271
01/12/2023,01/16/2023,760.7906536013938,2,0.0,96.56350985335851
07/25/2020,08/01/2020,1113.7522494718412,9,0.2,44.57231502588234
05/30/2020,06/06/2020,1290.458699510594,8,0.0,442.2019860571041
10/29/2021,11/03/2021,3100.6556304663736,14,0.4,299.7897441875896
06/11/2021,06/14/2021,10033.409335187942,14,0.0,1502.896032308181
06/13/2020,06/14/2020,348.60922416315697,12,0.3,22.81008134579374
07/05/2022,07/07/2022,7682.902339923199,9,0.0,2528.4877433896677
03/14/2023,03/15/2023,3768.5436853316305,4,0.0,699.8272934191652
10/06/2022,10/08/2022,7208.419196996736,9,0.1,2352.677468650096
02/06/2020,02/13/2020,913.8966403029241,2,0.5,113.67122942256434
11/28/2020,12/03/2020,294.6748735017489,13,0.1,63.611537936268995
02/06/2021,02/11/2021,586.8086356742381,1,0.4,52.57352403128907
02/17/2021,02/18/2021,3876.0128549110323,13,0.2,759.5648204385138
02/14/2020,02/15/2020,6268.235811706966,9,0.2,486.0423729291103
11/26/2023,11/28/2023,1949.40781992618,10,0.0,408.5888935820677
07/24/2020,07/26/2020,3616.483881884916,8,0.0,509.137038680153
03/02/2020,03/05/2020,376.05921316415817,7,0.0,141.94783802254582
02/23/2021,03/02/2021,347.7266581207929,14,0.5,23.351525171945894
05/17/2022,05/20/2022,6134.981708452622,13,0.5,-834.9288024610081
03/30/2022,04/02/2022,5200.003496983992,8,0.2,857.0449985124856
01/19/2020,01/20/2020,6414.333407635864,12,0.0,1301.6101361672156
12/30/2020,01/05/2021,530.2035918288924,1,0.0,182.70092742064273
08/16/2023,08/22/2023,5258.869506039971,14,0.5,-246.4304864815384
10/27/2022,11/02/2022,3134.2688437930665,9,0.0,919.1087842579088
03/03/2021,03/09/2021,6419.704898067993,12,0.3,-1.7840357538251193
02/14/2023,02/17/2023,4901.582961933396,10,0.0,1311.7942125785135
08/02/2021,08/03/2021,7056.920517705853,11,0.0,1327.8705285460323
06/29/2021,07/05/2021,6080.641280293332,9,0.3,-3.2438597166852556
11/20/2020,11/25/2020,5719.228823340707,12,0.0,1634.428311016978
02/24/2020,02/28/2020,4666.426744638842,11,0.0,1360.6943872578825
02/16/2022,02/21/2022,4080.1125699087524,9,0.5,591.641351435066
09/18/2022,09/19/2022,9984.279324137346,13,0.15,2253.76952224228
02/11/2020,02/12/2020,11115.938566480654,14,0.2,1719.7799984373216
08/13/2023,08/17/2023,2665.700972713086,6,0.2,729.8322807387764
08/18/2020,08/20/2020,1403.275702465347,4,0.0,489.0194745516194
03/28/2021,03/30/2021,3223.8201130970456,13,0.0,853.0997981364845
01/28/2021,01/30/2021,87.51078676429036,2,0.0,22.17564670771673
10/13/2023,10/16/2023,8024.074717656544,11,0.0,3069.9368101399414
02/25/2023,02/27/2023,964.565647992369,4,0.0,275.0344289141953
11/21/2021,11/28/2021,3419.2170676910437,7,0.2,732.1697753360135
11/29/2023,12/02/2023,917.4264417107515,1,0.0,115.5991377334766
01/26/2021,01/29/2021,11313.46650871492,14,0.15,2720.794639425421
05/01/2023,05/03/2023,129.2942937645649,9,0.0,23.19598493458163
08/26/2021,08/28/2021,971.7128431877784,3,0.0,130.85218947521693
05/30/2022,06/03/2022,10907.05523921747,13,0.0,3870.91207901089
01/06/2023,01/12/2023,4923.834855011981,13,0.3,774.8014864297203
03/25/2020,03/29/2020,3237.734584589325,4,0.0,719.6489792122597
11/19/2022,11/22/2022,9231.732540103234,12,0.1,1656.4037759091066
02/18/2020,02/22/2020,1904.8498204031157,5,0.15,160.2651428349699
03/14/2023,03/17/2023,4384.717303734452,12,0.0,451.03525490010514
03/09/2020,03/10/2020,5392.283520663237,13,0.1,834.7672353610733
12/17/2022,12/20/2022,1181.2810510764423,3,0.4,-65.5323838674397
11/27/2021,11/30/2021,1344.5552208886206,4,0.1,237.33825052343354
04/23/2021,04/27/2021,3886.1920290538756,5,0.0,1360.740526006953
03/30/2022,04/05/2022,9230.519230631355,12,0.15,548.535688222083
08/12/2023,08/13/2023,260.5392811234253,1,0.1,20.19858931848218
04/09/2023,04/14/2023,13514.75646825496,14,0.0,5008.983190517518
05/26/2020,05/31/2020,5638.481948322517,9,0.0,1824.2849863690797
08/22/2023,08/28/2023,8793.870835075435,10,0.0,1019.393946550313
10/12/2022,10/17/2022,1467.4045219519976,13,0.0,181.76907915946776
08/31/2021,09/01/2021,2589.8414568567637,10,0.0,791.1376939453902
03/21/2021,03/23/2021,4261.515552297462,13,0.0,899.6198283764141
08/08/2020,08/09/2020,4337.115015278754,14,0.0,1375.9583636587854
11/02/2023,11/06/2023,504.39912609113026,4,0.3,35.981927425192204
07/13/2023,07/20/2023,9608.184265447902,13,0.15,3029.8064530649553
04/04/2020,04/07/2020,2673.8839252229236,9,0.3,423.3426288183084
09/18/2020,09/21/2020,3468.596077231633,4,0.1,221.9371815858397
06/15/2022,06/19/2022,8226.92700371144,14,0.0,1638.396893325093
12/30/2022,01/03/2023,147.01068928841445,1,0.0,39.55790910216307
08/06/2020,08/13/2020,4623.743566979188,12,0.3,-34.39098176310872
04/01/2020,04/08/2020,4968.048481235,5,0.0,500.5611400118988
05/06/2020,05/09/2020,7403.759612967668,13,0.0,916.5294654157925
03/20/2020,03/27/2020,106.65586510440282,9,0.0,27.440318937338564
06/15/2023,06/22/2023,2801.247313663545,3,0.0,811.4555938343465
09/09/2022,09/16/2022,1212.7273103345372,5,0.0,155.07266931144613
10/27/2023,11/02/2023,2074.9312876148015,3,0.0,621.539353545338
07/04/2022,07/06/2022,6239.152240870659,12,0.0,1779.014694676344
04/30/2021,05/07/2021,847.057519144817,3,0.15,260.0204797288687
11/24/2021,11/26/2021,289.8131284396248,1,0.0,102.07295110761675
01/25/2020,01/27/2020,1580.102848599457,2,0.15,486.6283179586464
06/04/2020,06/08/2020,1643.05194652915,2,0.1,558.3621005617701
09/23/2021,09/30/2021,4195.828282391255,9,0.1,764.6584908343972
12/16/2022,12/19/2022,1861.3717050585146,7,0.0,458.5921115238652
01/19/2020,01/25/2020,801.4940053220002,8,0.1,107.79019607130911
11/08/2023,11/11/2023,330.0212380609895,2,0.0,83.34017109850042
05/01/2023,05/08/2023,4743.2628763487855,9,0.0,688.7901175014085
08/24/2020,08/27/2020,3682.594433386663,13,0.1,925.9120972168129
11/11/2023,11/18/2023,154.9423825120714,3,0.0,16.653170148126485
12/20/2023,12/26/2023,4606.157114579891,10,0.0,786.2172512601436
10/03/2020,10/04/2020,9733.456194015716,13,0.0,1580.922647269459
06/04/2023,06/10/2023,1785.5563296007754,2,0.0,680.9517633423902
01/14/2022,01/15/2022,7073.174462715102,12,0.0,1014.7920572063032
07/05/2021,07/10/2021,363.0296013020108,1,0.5,42.5589168289201
09/08/2023,09/09/2023,3333.8678954065476,9,0.0,457.7649540654093
03/22/2023,03/24/2023,4010.2063793981606,8,0.0,1183.8506026328503
09/30/2021,10/02/2021,8092.252996791465,13,0.15,978.8857802944573
08/24/2020,08/30/2020,7449.89278000543,12,0.15,892.50244867099
09/24/2022,09/26/2022,2839.85461269714,11,0.4,566.4979752509435
02/24/2020,02/26/2020,1535.0458707996706,4,0.3,27.343553103652116
12/30/2023,01/04/2024,5177.854002470575,7,0.2,314.6479375485195
11/14/2021,11/16/2021,3814.0657733628077,12,0.5,102.21858267194914
04/18/2020,04/22/2020,9046.084312016132,14,0.0,2914.881022556169
04/22/2023,04/26/2023,2006.2739281268414,3,0.15,641.5088111467045
10/23/2023,10/27/2023,260.54840144090747,3,0.3,41.79825121581583
05/06/2023,05/07/2023,1794.0285256896166,4,0.15,347.25452932610295
10/26/2023,11/01/2023,959.8374189082722,2,0.5,-26.16563324631165
01/07/2021,01/13/2021,5152.613035560731,14,0.0,1435.1771086985905
08/30/2022,09/02/2022,3019.7688495787015,10,0.0,846.2917270370199
07/19/2020,07/24/2020,1210.39177189742,4,0.5,-102.50390553835103
04/28/2022,05/02/2022,2289.0823031965037,10,0.0,689.8437223079537
05/23/2021,05/27/2021,1344.92569190019,3,0.2,82.48044243005499
09/07/2023,09/09/2023,1312.7639259925134,8,0.0,324.2348978550894
10/01/2020,10/05/2020,5460.3581689501625,11,0.15,562.2031390687058
07/29/2020,07/31/2020,727.6264701704708,2,0.4,-4.481955588390547
05/18/2021,05/20/2021,4666.381216443542,11,0.0,1326.0133802390976
02/15/2023,02/18/2023,3500.2706506587147,9,0.0,417.74167142219613
12/03/2021,12/04/2021,759.0110868493344,3,0.0,78.64147616271532
02/11/2020,02/13/2020,945.3166373147235,4,0.3,-10.222651408257482
11/10/2020,11/12/2020,5234.970078202277,13,0.2,264.9527946611767
02/26/2022,03/04/2022,2551.8231201881003,10,0.0,406.66335643453704
11/24/2020,11/27/2020,10990.085662334015,14,0.0,3650.6791937530943
11/06/2022,11/08/2022,4983.614222387598,10,0.3,418.9096048557744
10/09/2020,10/14/2020,580.8868977965246,3,0.3,52.849577995561276
07/31/2022,08/01/2022,319.3824344115975,3,0.0,93.67494749336842
09/14/2020,09/19/2020,81.42590875298532,8,0.0,25.953094089634348
07/28/2021,08/01/2021,3844.810648689114,8,0.2,4.046681916712376
07/27/2021,07/28/2021,2565.226275172615,13,0.1,787.5696163626816
09/03/2021,09/07/2021,145.96819510340427,13,0.5,21.38878592466256
11/08/2022,11/14/2022,2192.9665073166148,6,0.0,299.43253650399055
04/16/2022,04/23/2022,3272.0868241604803,4,0.15,720.9198303791529
02/26/2021,03/05/2021,623.7390415981672,1,0.1,31.638617936923886
10/28/2023,11/04/2023,2062.04655814376,4,0.4,-175.87433085021965
01/27/2022,01/29/2022,1226.3336582249822,8,0.0,227.48526889049342
02/01/2022,02/04/2022,495.33163843945215,6,0.0,175.30838041917178
01/09/2023,01/14/2023,42.828931749250465,2,0.0,12.666668147125428
02/27/2021,03/03/2021,2007.8219009505135,3,0.3,168.14761428733644
03/04/2021,03/06/2021,3686.4084960001555,12,0.0,853.696791426184
11/12/2023,11/19/2023,3254.3692504221463,7,0.0,780.4500514694587
07/22/2020,07/27/2020,3965.726034920992,11,0.1,568.327929744698
07/14/2020,07/19/2020,8064.676026428238,11,0.0,2930.012571145577
12/28/2021,01/03/2022,1267.4609325328627,4,0.0,342.6716748294228
10/11/2020,10/17/2020,2160.393415151644,4,0.0,529.6960358544037
07/14/2020,07/21/2020,4231.412379800129,5,0.15,696.1645783413118
11/02/2020,11/06/2020,2877.586661317081,8,0.2,807.8765275359034
01/14/2020,01/21/2020,5446.4364878690285,14,0.3,910.0917948277488
03/15/2023,03/22/2023,4263.023366176926,14,0.4,-241.09798746189912
12/16/2022,12/18/2022,5636.080075882703,7,0.0,1302.447668159965
12/23/2021,12/26/2021,1974.0330539513227,9,0.2,170.7768825597825
02/18/2022,02/25/2022,893.6681799068449,5,0.0,353.9467531389322
05/18/2023,05/22/2023,756.5522266822134,1,0.0,169.93578663786167
06/12/2021,06/17/2021,1685.8480180198708,4,0.0,202.910405404656
03/08/2022,03/13/2022,5487.532493321522,6,0.0,1225.7150152334273
12/09/2020,12/10/2020,3886.306157612782,6,0.0,763.2902880421108
07/26/2023,08/02/2023,5118.297125351627,9,0.0,1432.4823542205575
07/27/2020,07/29/2020,677.8961163597563,10,0.15,62.92465800343185
10/02/2021,10/03/2021,9530.40121912346,13,0.0,1055.8931163977381
09/20/2023,09/26/2023,3101.309828360229,5,0.1,244.2719163661522
08/04/2023,08/07/2023,3218.356026211416,5,0.0,595.21652794669
09/08/2020,09/12/2020,1651.3825700099019,6,0.0,337.7024337371168
07/12/2023,07/19/2023,10419.9912130347,11,0.0,3650.489309796923
09/27/2020,10/02/2020,1970.631454574951,6,0.0,356.7254897312545
07/08/2022,07/10/2022,482.12594155918475,3,0.0,52.767679573832226
02/22/2021,02/27/2021,5035.378631266884,6,0.15,1305.271075191937
03/05/2022,03/12/2022,4792.216424528195,8,0.2,1249.212315282437
05/19/2023,05/25/2023,5047.668162035034,12,0.0,1250.2663723528751
10/20/2023,10/21/2023,5619.343599478918,6,0.0,1042.26556308848
01/04/2023,01/11/2023,841.7320852292964,12,0.3,152.89386915276717
09/06/2023,09/07/2023,1064.630646885214,11,0.0,109.30511962714998
12/25/2021,12/29/2021,3428.132542211498,5,0.0,1293.1206268592007
03/08/2021,03/10/2021,502.71928531664867,3,0.1,155.671799245332
04/18/2020,04/24/2020,780.2729020351486,1,0.15,147.04239950785424
10/02/2021,10/04/2021,3788.80012150147,5,0.1,504.94989761881243
12/06/2022,12/10/2022,1503.8570489288381,6,0.2,14.818202532996402
01/13/2021,01/19/2021,12459.31661025347,14,0.0,4983.067858471452
01/24/2023,01/30/2023,314.7528608235305,6,0.0,103.43475142781246
08/15/2022,08/16/2022,7744.120638941666,14,0.0,1561.315105851965
04/12/2020,04/13/2020,4493.794300664375,6,0.2,25.98128289388069
06/10/2022,06/11/2022,1799.3412132073163,3,0.3,255.1241256242361
05/03/2022,05/08/2022,1450.0503622519402,4,0.0,574.3231895396352
03/15/2023,03/18/2023,573.1251926468656,3,0.0,178.8848739698181
11/16/2022,11/23/2022,436.87036503941425,2,0.0,54.65873977322628
06/13/2021,06/14/2021,4154.90239438097,8,0.0,916.9184509635734
11/09/2021,11/12/2021,4205.636500786765,7,0.0,558.3194369174695
09/15/2022,09/18/2022,420.61311722826065,11,0.1,136.13066351550245
01/10/2023,01/12/2023,1677.6641745701568,8,0.5,-85.3522699825145
03/03/2021,03/07/2021,10817.082178337052,13,0.0,3461.606473496202
04/01/2022,04/06/2022,2699.3139644006346,6,0.0,338.5131562472847
03/31/2023,04/03/2023,1952.3200074390802,11,0.0,270.44397469909995
07/20/2022,07/27/2022,11463.74028106687,12,0.0,3483.215052688203
11/26/2023,12/01/2023,3830.578983380828,14,0.0,1352.3628672678644
11/27/2022,11/29/2022,4482.486304675232,7,0.2,270.8990010997144
05/25/2021,05/26/2021,201.85622467554552,1,0.0,45.518815602994216
01/27/2021,02/02/2021,2144.70500964687,10,0.5,76.83429376949108
12/13/2021,12/16/2021,2229.832414696787,5,0.1,644.1604584364349
05/08/2021,05/12/2021,1820.2641947595434,4,0.1,434.0583488807923
05/08/2023,05/14/2023,5213.091294196978,10,0.0,670.5483402624624
07/02/2023,07/04/2023,593.3800664713027,3,0.15,111.46395240041856
04/17/2023,04/22/2023,1041.5127334824538,2,0.0,380.55001021269686
06/30/2021,07/07/2021,6816.538768745673,14,0.0,2456.7290808398275
08/16/2021,08/17/2021,3032.8522301700086,14,0.0,835.5649902125307
01/23/2021,01/28/2021,5336.872077106837,9,0.4,1060.4837772482626
11/22/2023,11/26/2023,6935.262070869477,8,0.0,912.2443764671975
06/06/2020,06/09/2020,8887.00587512258,10,0.0,2164.6845133960614
10/24/2022,10/28/2022,1377.4306797581319,2,0.0,458.04679241088587
06/15/2020,06/20/2020,1009.7883623090338,6,0.0,143.70443132499688
08/17/2022,08/22/2022,1717.233429782254,3,0.0,672.854865747547
02/12/2021,02/18/2021,2469.6757059333368,3,0.0,509.28161601623697
12/06/2023,12/10/2023,205.4837761575476,5,0.15,26.72150605305736
05/12/2023,05/16/2023,3506.1927057832045,7,0.0,574.869361651074
07/12/2020,07/16/2020,2252.1052466918263,7,0.2,194.59369258897553
08/22/2020,08/23/2020,1936.0306447918535,11,0.2,335.4689431899409
12/18/2021,12/25/2021,3844.675037276645,10,0.0,879.6858189062244
03/19/2023,03/24/2023,885.2962821846825,1,0.1,95.62390880772436
03/28/2023,03/30/2023,6388.895859263807,11,0.2,1550.8532442758567
07/26/2023,07/27/2023,1823.9231698280123,7,0.15,79.65399354698455
03/26/2022,03/27/2022,3625.3439307478266,7,0.15,998.4045767355187
02/07/2021,02/08/2021,1220.1104538375505,6,0.2,100.63668363230454
06/11/2022,06/17/2022,3688.4128196041866,6,0.0,917.570145283107
11/08/2021,11/15/2021,9330.932234936858,13,0.2,1066.7062160117298
08/27/2023,09/03/2023,7297.004415260649,13,0.0,1978.8062837546056
03/08/2020,03/10/2020,1324.8118362566806,2,0.1,382.60168194391474
03/28/2020,04/01/2020,1376.4168261874015,3,0.0,546.1566056843848
08/04/2020,08/10/2020,1110.6536248234488,3,0.3,46.445028618089694
01/01/2020,01/06/2020,9075.616263575288,13,0.0,2415.396525863402
03/04/2023,03/07/2023,2076.4164352522525,3,0.15,342.19813084971247
10/06/2023,10/12/2023,1060.5709962563121,2,0.2,317.8302699333602
05/19/2020,05/22/2020,6159.61756589251,9,0.3,1186.7987040196617
09/09/2021,09/14/2021,3943.79693721744,6,0.2,469.8054315861143
05/12/2020,05/14/2020,1558.777205123593,2,0.0,378.882180956979
06/26/2020,07/03/2020,1777.9661827015518,3,0.3,42.29244305579962
03/20/2022,03/23/2022,2451.390021595897,10,0.15,616.7064735806932
10/13/2023,10/14/2023,2232.4060802853737,6,0.15,621.8669313191635
01/14/2021,01/20/2021,1365.1638941055476,4,0.4,258.693161558728
06/26/2022,06/29/2022,3274.3371868078116,7,0.0,883.2480981470671
10/19/2021,10/24/2021,5093.899440251033,6,0.0,1534.307474930056
03/25/2021,04/01/2021,198.7082955131744,6,0.1,36.5260918175496
08/08/2021,08/09/2021,2084.0031653807296,12,0.2,380.8277231001894
04/07/2021,04/10/2021,2648.668426775509,3,0.0,541.9830062572345
09/16/2022,09/23/2022,640.5604244068469,11,0.15,157.77434667780295
02/05/2023,02/10/2023,1877.7473645816808,8,0.0,200.5624020492648
05/01/2020,05/03/2020,2736.6943771063184,9,0.15,91.78066959032131
01/17/2020,01/22/2020,3163.579251855011,6,0.3,521.4725944115282
05/04/2023,05/06/2023,1129.15777841036,2,0.0,428.18209575549776
11/22/2020,11/29/2020,811.7998573896487,1,0.15,174.27287487782056
11/13/2020,11/20/2020,565.4310358133849,3,0.2,123.24049459601909
03/19/2022,03/20/2022,2620.1976028165263,3,0.0,909.6809567001058
06/29/2023,07/04/2023,2320.6748388140504,8,0.0,483.8659934975673
05/17/2021,05/21/2021,1265.2163826764731,5,0.0,167.5577894882186
04/28/2020,05/04/2020,402.71315689468577,1,0.2,112.7305622017708
12/10/2021,12/14/2021,885.4170622432164,11,0.0,337.8496239360466
02/14/2020,02/18/2020,1561.8557714534013,4,0.0,363.21294368006886
11/09/2020,11/13/2020,2534.8344590005236,7,0.0,418.63018489983375
04/17/2023,04/23/2023,842.5027007237791,5,0.0,309.793563318303
02/21/2021,02/25/2021,6897.495174577291,10,0.2,1465.910917406179
07/09/2021,07/11/2021,4077.11977163181,13,0.2,10.064391210880629
01/06/2023,01/11/2023,5892.605866311274,6,0.0,779.6855100516541
11/21/2020,11/28/2020,10718.45934761402,14,0.15,3429.4771041816225
10/12/2023,10/13/2023,1622.90074059381,10,0.2,18.563474887569367
12/10/2023,12/14/2023,2040.283802458236,4,0.0,376.9761035303188
05/29/2021,06/05/2021,1211.5721939657747,2,0.0,320.52009531792396
08/01/2020,08/05/2020,5170.856656859364,9,0.3,27.440106742788366
03/14/2020,03/15/2020,1507.5367476632973,2,0.15,142.63743748286038
05/23/2021,05/24/2021,1067.2223296046893,2,0.15,139.6889932251408
11/27/2020,12/01/2020,582.177194440312,13,0.0,105.29622374853165
01/21/2023,01/23/2023,4086.294954192763,12,0.3,780.510402461019
11/18/2021,11/25/2021,1594.7199014840444,2,0.1,319.0752927512933
10/18/2021,10/19/2021,501.86409456317205,1,0.3,16.85562969916986
07/16/2023,07/21/2023,5664.363392969861,13,0.5,-317.60759576204856
10/31/2023,11/07/2023,4064.0339509528812,12,0.5,-561.001327877195
10/24/2022,10/29/2022,450.19514162131253,12,0.3,-15.838935261699639
03/07/2023,03/14/2023,2904.9797689336337,3,0.0,916.150063764445
06/08/2023,06/10/2023,3859.121091688724,6,0.3,-62.23507673802657
08/22/2021,08/28/2021,947.1962115944793,7,0.0,229.9214918996847
12/11/2022,12/14/2022,85.09497862271792,1,0.3,17.249576980261924
11/20/2020,11/22/2020,7611.628016611499,14,0.0,1602.522109764717
09/18/2022,09/22/2022,3227.7913863980866,5,0.15,415.4996027118859
12/17/2021,12/20/2021,1941.7573990943558,5,0.0,702.7501246922124
12/23/2021,12/27/2021,116.01467352624773,1,0.2,30.10060092490729
10/03/2020,10/08/2020,2061.802151174164,4,0.0,750.5806002909248
06/19/2021,06/20/2021,3441.9047485678275,10,0.0,934.7324874017025
05/31/2020,06/07/2020,250.77796519706797,1,0.3,59.10618013269886
08/12/2022,08/16/2022,7166.31928026536,13,0.15,1939.8451207324058
09/15/2020,09/20/2020,12414.528255320924,14,0.0,2789.4244267173835
11/19/2020,11/21/2020,563.0058135470879,1,0.0,162.63354281291993
10/13/2022,10/17/2022,8288.71782865607,12,0.0,1131.7143853439484
05/18/2022,05/23/2022,3946.9177535558733,7,0.15,751.4917816897521
04/06/2023,04/07/2023,1944.7215572097623,7,0.5,-138.18272491707054
11/18/2021,11/25/2021,810.0089385246118,3,0.15,89.15295985353679
11/05/2020,11/09/2020,2688.1137014279548,7,0.0,370.19484147865523
03/13/2022,03/19/2022,967.640281516536,3,0.0,200.74642741307727
12/15/2022,12/20/2022,918.3231155172343,2,0.5,-5.126906957527245
09/11/2021,09/15/2021,8283.524838053387,10,0.0,2320.2677613674514
04/17/2021,04/18/2021,2100.7940368417508,4,0.1,297.180006937228
08/12/2023,08/19/2023,12783.694507702421,14,0.0,4316.7272712763
04/05/2021,04/09/2021,7100.356849731986,10,0.2,1109.7004895427217
09/09/2023,09/13/2023,1949.6766570840653,3,0.3,275.71475799607083
03/24/2022,03/31/2022,2754.673428947731,12,0.0,505.32578562021064
04/25/2022,05/01/2022,4285.951643948221,7,0.15,1153.9528938136596
03/10/2023,03/15/2023,6621.828353182082,12,0.1,1571.242894736511
10/28/2021,10/31/2021,8837.907977475132,12,0.0,3170.1984653842364
09/18/2020,09/25/2020,270.74557027910436,1,0.0,40.06641146491795
12/14/2023,12/18/2023,3768.44929590914,6,0.1,618.7755308688355
06/18/2023,06/21/2023,5820.223221425804,14,0.0,779.356147796679
12/20/2020,12/22/2020,1170.051229680532,2,0.3,17.150837062000246
02/08/2022,02/12/2022,6379.2965432812425,8,0.0,1393.0103137842957
06/28/2020,07/01/2020,3069.4164865045914,14,0.0,1130.6949854199827
03/06/2020,03/08/2020,960.08361819635,5,0.0,256.4500481331558
03/30/2022,04/05/2022,2161.663212216052,3,0.0,430.41632630711354
10/03/2023,10/08/2023,5549.701457808788,10,0.0,1798.4903577015903
06/19/2020,06/23/2020,3931.4369610265994,7,0.0,416.3580916902511
04/18/2021,04/23/2021,8455.889906517325,14,0.2,938.8376980582659
06/17/2021,06/19/2021,4710.315968003646,11,0.5,142.4847451634071
10/22/2023,10/27/2023,394.5188185642073,2,0.2,69.02942761868687
02/04/2023,02/09/2023,2799.9207566132236,5,0.0,790.3262534297373
03/14/2021,03/21/2021,5482.390071821233,11,0.4,-200.38009922169547
04/14/2022,04/15/2022,6992.52983586442,8,0.0,1406.3637938928846
08/14/2020,08/16/2020,3828.9588279167083,13,0.0,1452.973611288627
03/17/2021,03/22/2021,1244.2354983469113,11,0.0,487.9800289991518
01/30/2021,02/02/2021,240.4950213390021,1,0.0,46.56260312254554
12/28/2021,12/30/2021,662.2311632120674,1,0.3,94.93157300025607
03/24/2020,03/25/2020,1403.5647459325864,3,0.0,241.9591703443515
11/02/2022,11/06/2022,1145.8477421562545,3,0.1,183.97570939931825
11/23/2021,11/29/2021,298.39556820928476,13,0.0,100.76830544142774
05/07/2021,05/12/2021,338.82540211597075,7,0.2,50.94362541791862
07/15/2023,07/18/2023,3225.643056863887,6,0.2,822.1421865432394
02/17/2023,02/18/2023,4157.501586264225,7,0.0,1199.9467292291288
08/27/2022,08/29/2022,1971.228252735529,4,0.15,421.2048689895885
12/18/2020,12/24/2020,1049.1328959251962,11,0.2,10.663395613426475
12/16/2022,12/22/2022,645.37300416546,2,0.1,177.41375377159824
02/09/2020,02/14/2020,1384.198747331369,2,0.15,440.67345559719024
09/21/2023,09/22/2023,1648.459005097238,10,0.1,316.35340720022396
10/01/2021,10/02/2021,883.8603784726121,1,0.0,130.43481545926312
06/21/2020,06/24/2020,1550.135856410428,14,0.15,493.0878322060622
09/15/2020,09/19/2020,2306.9518786957274,13,0.0,431.4871174603682
05/31/2021,06/04/2021,6761.614461590677,14,0.0,1506.2130907088058
12/30/2021,01/06/2022,5958.835504045527,9,0.3,-159.63765465160762
06/06/2021,06/10/2021,4707.530819095571,14,0.0,627.2834702512622
04/18/2022,04/25/2022,9262.901390714558,14,0.0,1528.0980743731827
04/26/2020,05/02/2020,4149.491804004298,7,0.0,1097.7058129603126
07/02/2020,07/08/2020,1581.2641013555194,10,0.0,422.73002244513265
02/13/2023,02/15/2023,767.055697140665,3,0.0,216.21240316445707
06/10/2020,06/16/2020,930.8512449173838,2,0.5,23.406335632712384
06/26/2021,07/02/2021,2701.738583831959,14,0.0,671.5741179842948
06/14/2023,06/15/2023,1780.0524666867836,3,0.15,472.83461826236
04/18/2022,04/20/2022,6755.33276442011,7,0.0,2568.174243747535
12/25/2022,12/26/2022,545.3214621910851,5,0.15,57.76502996671092
12/29/2022,01/01/2023,2431.141021712648,12,0.5,-269.7153927099978
03/22/2021,03/29/2021,695.0784689949296,3,0.0,158.14855453069828
02/19/2021,02/26/2021,1444.879184052134,9,0.3,-60.790817272655666
06/15/2021,06/18/2021,127.79598555968401,2,0.5,14.695983974883529
03/16/2021,03/23/2021,4114.250734554773,7,0.1,501.5760339164836
01/07/2022,01/09/2022,7488.800748116046,10,0.0,1982.9519783506012
04/08/2021,04/10/2021,3468.1324517064104,6,0.15,206.45271213929698
01/30/2021,02/05/2021,3886.7215507804367,6,0.3,450.77108953027323
12/11/2021,12/18/2021,2159.1082888322308,14,0.0,241.16815509440445
01/29/2021,02/01/2021,2286.5284375580927,7,0.0,756.0223554906445
11/21/2020,11/26/2020,2106.7624896325883,6,0.0,814.5300787496898
01/19/2023,01/23/2023,479.5225656168712,2,0.0,92.11284163510437
01/19/2022,01/25/2022,1161.0282893085564,11,0.3,31.886925769639017
12/29/2022,01/02/2023,2459.1822058350053,5,0.0,576.4285993124755
04/04/2023,04/07/2023,2508.2856953008622,3,0.0,717.3498885708866
10/03/2021,10/10/2021,7305.70661185673,9,0.15,596.7939576863016
08/01/2020,08/08/2020,1104.3778071705017,8,0.0,376.5844380669614
09/20/2023,09/24/2023,8249.256557920085,10,0.0,1316.2550390939036
01/03/2021,01/08/2021,8180.7195861826585,11,0.1,422.4708969010707
02/18/2020,02/25/2020,790.1766806740826,2,0.0,203.29284386113827
12/11/2022,12/16/2022,118.9293279039996,1,0.0,16.00133611759043
08/05/2023,08/06/2023,3960.431706757316,4,0.0,1225.6412067483548
06/16/2023,06/18/2023,2372.53356080471,4,0.1,237.82513372799195
05/12/2020,05/16/2020,8251.939399965782,12,0.3,1610.8950771671296
09/25/2022,10/02/2022,3421.7327236946835,10,0.3,311.75557354875735
02/24/2022,03/01/2022,4413.651769310975,11,0.0,1191.171219621011
04/04/2023,04/11/2023,458.4845181793487,2,0.1,48.58814879293581
10/29/2023,10/31/2023,4820.307780596067,7,0.3,-28.890884597572484
01/07/2021,01/09/2021,3389.421057979462,13,0.0,980.8568997281666
04/23/2021,04/24/2021,60.345231580565724,3,0.4,-1.4097741603042278
04/11/2022,04/13/2022,2172.843663700891,7,0.4,34.28241136373254
10/11/2021,10/13/2021,2682.9599168428435,7,0.0,654.1988503374287
11/12/2021,11/18/2021,268.76867839497186,1,0.0,45.39236404561561
11/18/2021,11/21/2021,3829.5722118981703,6,0.0,1296.7970976702957
08/16/2023,08/23/2023,1482.5037149953762,4,0.0,566.060424348974
03/22/2020,03/23/2020,2694.307304262447,11,0.4,79.66513993371822
03/27/2020,03/28/2020,157.51270970449855,8,0.4,27.606388727293233
08/12/2020,08/16/2020,4745.441754140215,8,0.0,1731.1601445375866
01/16/2020,01/18/2020,353.2958627811454,3,0.1,35.26393281898578
04/01/2022,04/05/2022,798.0005171032833,4,0.1,81.40769058208164
10/13/2023,10/19/2023,719.9466424065118,1,0.0,175.10651556269434
06/11/2020,06/16/2020,2720.9375408376113,10,0.15,497.2708005482987
05/28/2021,05/30/2021,205.89371455679654,2,0.4,0.481568452413895
12/15/2020,12/20/2020,4071.549339142992,7,0.0,789.376896514069
11/11/2021,11/14/2021,3118.576299839857,14,0.0,715.4331719343611
10/30/2023,11/05/2023,3060.9527500102977,11,0.0,940.1526115682353
01/20/2023,01/22/2023,7501.5110025371405,12,0.0,940.0750302285263
06/29/2020,07/03/2020,5197.242144851931,7,0.0,1627.6442352934907
01/12/2022,01/16/2022,9649.420148467078,13,0.0,3646.246447721069
08/17/2023,08/19/2023,3948.109919792189,9,0.1,1101.7280192905562
10/21/2021,10/28/2021,3678.0315351947293,10,0.2,211.4980566624489
04/27/2023,05/01/2023,7107.918591500504,9,0.0,897.3346095847342
08/30/2023,09/06/2023,1809.939400752527,9,0.0,447.2615871514443
05/07/2021,05/09/2021,674.8577768233334,6,0.3,159.88853728392235
07/11/2022,07/12/2022,3741.069446067602,8,0.3,732.1938300670862
05/07/2020,05/11/2020,3738.706785408265,9,0.0,1005.039500907435
12/20/2023,12/27/2023,8554.781711573749,12,0.0,1222.4306310016566
07/18/2021,07/20/2021,2587.535368040315,14,0.3,424.74660781453684
04/25/2023,04/27/2023,2321.362135792695,7,0.0,798.3152118501963
07/03/2021,07/10/2021,3590.8434907741466,4,0.0,1366.3904256649773
03/28/2021,04/01/2021,5984.159461747212,14,0.0,1697.31629247586
04/15/2021,04/16/2021,2380.175740092722,4,0.0,605.3732893470846
09/14/2022,09/18/2022,693.6922330627583,6,0.0,198.22575564872352
01/07/2022,01/09/2022,2618.5723265916363,14,0.0,1002.8497043652978
08/11/2020,08/12/2020,400.6538935028766,11,0.2,75.49846880698296
06/02/2020,06/07/2020,1204.3558902033396,4,0.3,32.851883815538045
07/13/2021,07/16/2021,5439.669424475405,11,0.5,222.185595264978
12/16/2020,12/20/2020,6125.940947874659,7,0.0,2229.3730854461287
03/16/2023,03/22/2023,5092.638606328815,8,0.0,1375.5247868413308
12/14/2020,12/16/2020,5519.907373042505,8,0.2,832.4552901451832
06/30/2020,07/01/2020,7537.6685511401265,14,0.1,2035.2517260615093
09/28/2021,10/05/2021,3000.6495322463707,8,0.0,895.083578896563
10/14/2022,10/21/2022,363.6218741802083,2,0.0,42.546042710315746
06/27/2020,07/04/2020,9191.255560796708,14,0.0,2919.081573204066
11/28/2022,11/29/2022,2011.2076362683792,10,0.0,447.02072141062575
02/10/2022,02/15/2022,846.5082660561192,2,0.0,323.59427807481313
06/12/2022,06/16/2022,827.5438237337105,2,0.5,116.88303157834133
10/23/2022,10/29/2022,275.8740190722224,2,0.0,64.72601628814385
10/12/2022,10/19/2022,275.46240973245426,4,0.5,38.74060743916434
03/04/2020,03/05/2020,812.5543700248847,5,0.3,35.13985181501971
01/29/2020,02/05/2020,2225.592536204304,4,0.0,678.3457523999385
01/06/2021,01/11/2021,1036.8249739092557,5,0.2,23.345579666336604
04/06/2020,04/08/2020,1727.7642568003323,4,0.15,118.34633061453515
05/11/2023,05/18/2023,2162.739494643632,7,0.0,777.1972434288433
12/05/2023,12/10/2023,5111.797828593215,10,0.0,1881.8327762521692
09/19/2022,09/23/2022,256.3696210605416,1,0.1,53.78207989039313
01/21/2020,01/28/2020,11664.525797044507,14,0.15,1480.6019160578662
01/04/2022,01/09/2022,5824.151448927413,13,0.1,1079.2570781515562
01/30/2023,01/31/2023,746.2069997671576,1,0.0,269.29666426732007
12/05/2022,12/06/2022,1407.082186618446,2,0.0,229.77374460090994
03/06/2020,03/09/2020,6443.499153860828,13,0.0,1214.3487411532578
08/25/2021,08/30/2021,246.47344105124597,1,0.0,82.72459093152477
04/02/2023,04/04/2023,5568.599827444351,12,0.1,1840.872373915456
02/08/2023,02/15/2023,4789.133352382611,10,0.3,-105.9442405941952
12/03/2020,12/09/2020,4746.264794147312,12,0.15,1263.1314727794324
05/02/2020,05/08/2020,874.6162203754965,12,0.2,169.2561613478199
03/22/2021,03/26/2021,250.23057536252807,10,0.1,29.835357672687863
09/02/2021,09/05/2021,3697.308346233919,13,0.15,930.7794774925792
08/07/2023,08/12/2023,1999.893254087973,14,0.1,536.7209910847242
11/01/2021,11/03/2021,9978.411778134094,11,0.0,1423.0107611366534
12/06/2023,12/09/2023,276.11151507611345,3,0.5,0.1864628617145591
09/06/2021,09/07/2021,2402.0393212287026,6,0.0,786.6374315061878
06/15/2022,06/19/2022,7149.567369507667,10,0.0,1125.7940286045593
10/07/2020,10/14/2020,8989.941877574904,11,0.0,2147.0660810214345
12/02/2022,12/09/2022,2897.6161298780976,6,0.0,394.7200421248369
08/18/2021,08/25/2021,151.45892760984657,1,0.2,13.941866564544743
12/03/2021,12/08/2021,1669.117628040567,6,0.0,276.0444656149483
12/10/2022,12/16/2022,1486.7256710765748,5,0.3,150.93437939259525
07/28/2020,07/30/2020,2596.64050402629,7,0.0,369.6696878581889
05/05/2020,05/12/2020,2131.1161775877595,6,0.0,458.0732497403624
05/06/2021,05/13/2021,1686.4231648691716,12,0.0,307.85464561107045
08/17/2022,08/18/2022,9324.606926422251,12,0.15,2320.0990350198094
08/27/2022,08/30/2022,193.3492977323357,7,0.3,30.91673289746164
08/03/2021,08/10/2021,891.2042131939874,2,0.0,114.50116771902069
02/15/2022,02/19/2022,11766.219330936668,12,0.0,4542.292099079411
09/14/2020,09/17/2020,331.5633497179305,1,0.5,24.338366381217682
04/26/2023,05/02/2023,5065.991799340534,14,0.0,1442.7316903512594
08/17/2020,08/20/2020,1082.4562602604674,7,0.0,263.37291809568626
07/07/2020,07/09/2020,8678.10491630373,9,0.0,1331.019321939938
12/09/2023,12/10/2023,47.69299650883645,2,0.0,18.533727040446458
01/10/2020,01/15/2020,8214.884338884145,12,0.0,840.8551305989141
02/11/2023,02/13/2023,6169.352677116118,7,0.0,1898.5833695056622
01/04/2023,01/10/2023,73.30865847349753,3,0.3,7.494585880892957
11/06/2021,11/10/2021,3712.4078887929404,6,0.15,1098.0358358624846
05/16/2021,05/22/2021,2097.5837056485934,3,0.3,134.68413770536898
03/25/2020,03/31/2020,7525.978713485107,13,0.1,1547.2909927804506
02/18/2020,02/21/2020,3784.7894252846827,10,0.1,1032.1189554100479
04/17/2022,04/21/2022,9106.82980649228,13,0.2,129.9541243564057
10/04/2022,10/06/2022,3687.0071961254534,11,0.4,-308.44553791156847
11/19/2021,11/25/2021,8271.410821542448,11,0.0,1352.390761763349
01/21/2021,01/23/2021,6510.913220903518,11,0.0,937.0986491200758
08/27/2022,09/03/2022,191.6327262522791,5,0.2,0.37043382100323663
11/13/2023,11/20/2023,221.01353832329409,2,0.5,8.15472472843385
10/02/2022,10/09/2022,351.90375298752843,8,0.5,31.24250441978105
08/05/2020,08/10/2020,1375.88852863675,14,0.15,429.462268173891
10/01/2022,10/04/2022,202.01150921753003,8,0.0,46.921232497970806
10/01/2023,10/03/2023,2988.6733045680803,7,0.0,549.6654296636441
06/07/2023,06/14/2023,672.7144155718444,6,0.4,107.07644772514925
09/11/2020,09/18/2020,857.139555289032,1,0.0,302.84341955205315
08/23/2020,08/27/2020,6020.29729732203,8,0.0,1730.5522979424613
11/15/2022,11/21/2022,346.4671349204046,1,0.4,-6.255564044680264
07/08/2023,07/15/2023,3953.049055175132,8,0.0,1472.7292915633795
09/27/2020,10/02/2020,2317.127596697901,11,0.2,124.01359816089453
05/02/2020,05/06/2020,816.3433170676005,2,0.15,31.097742395556846
10/17/2021,10/20/2021,5158.535864846133,8,0.0,1748.668784192109
07/04/2023,07/09/2023,7844.065715908478,10,0.0,2110.8201850153846
12/15/2023,12/20/2023,1090.3829471639697,12,0.0,189.66158615962732
09/15/2020,09/20/2020,2418.6921423175213,4,0.15,547.2743235885805
08/05/2022,08/11/2022,5217.118045955707,7,0.0,1721.7269883503727
02/16/2020,02/23/2020,2816.9123945780393,5,0.0,995.3948268958466
05/12/2022,05/13/2022,888.7040149846769,8,0.5,-58.087645310815425
06/08/2021,06/13/2021,6525.51289951396,12,0.0,702.6426629144802
06/06/2022,06/10/2022,3046.0669979829436,6,0.0,770.6904250104818
07/26/2020,07/30/2020,6733.341935920995,14,0.0,2402.61517116285
08/27/2023,08/30/2023,2330.1675815625613,5,0.0,378.2943210096805
01/16/2022,01/18/2022,59.85865531430227,1,0.5,-1.4163969353028216
05/28/2020,05/30/2020,573.1906800263733,3,0.0,101.41246065748831
03/13/2021,03/14/2021,1063.5876756682892,10,0.0,110.62247297744543
06/03/2020,06/09/2020,1575.334211165219,9,0.3,345.87601404679543
01/18/2023,01/25/2023,3223.019977350058,14,0.15,211.15927374035135
12/23/2020,12/29/2020,2273.6259259030344,9,0.0,750.3650706424235
04/12/2023,04/19/2023,765.8692212631158,5,0.3,41.34236310271171
05/25/2023,05/30/2023,1771.3627800718587,3,0.2,147.56261944097133
03/31/2021,04/07/2021,4922.278473612821,6,0.0,1881.8297166892476
02/14/2022,02/15/2022,1418.8120287290876,5,0.15,315.203061836889
09/20/2021,09/23/2021,187.24656166056263,1,0.4,19.86251580539897
05/07/2023,05/10/2023,1691.1840525099658,2,0.0,554.5322755905353
04/11/2022,04/13/2022,6025.772761431678,12,0.2,616.316042900821
04/30/2021,05/03/2021,751.2598538529174,5,0.5,14.348570538938521
06/16/2021,06/21/2021,8526.066418962526,14,0.15,904.334314263436
07/18/2020,07/22/2020,3160.321939177521,9,0.0,1107.258152072554
01/05/2021,01/08/2021,7088.280698385016,12,0.0,1983.2457485632215
10/10/2022,10/11/2022,3573.7476828765243,4,0.1,439.64975831205834
05/02/2022,05/07/2022,2777.205883174857,9,0.0,1027.3648901593485
09/04/2020,09/07/2020,1396.8311110518748,3,0.5,33.875948307987855
02/26/2022,03/04/2022,327.4458901418512,1,0.0,81.37330015013278
09/20/2020,09/27/2020,3269.303023986451,6,0.0,360.7554135822524
12/17/2022,12/20/2022,3723.071613624397,10,0.2,1016.1774058296102
08/18/2023,08/24/2023,9895.132380678258,14,0.1,3321.6195575731267
01/31/2020,02/05/2020,493.37240741022396,7,0.0,132.6084325676302
06/26/2023,06/29/2023,2523.404324111909,4,0.0,587.3324654076617
08/27/2021,09/02/2021,6867.542474148012,10,0.1,1084.175632609514
07/18/2023,07/22/2023,1670.981910039043,5,0.3,50.821903450100976
11/18/2023,11/20/2023,388.41491360625287,4,0.15,76.65710177239986
05/16/2021,05/21/2021,757.0708900498948,3,0.0,104.80019974400713
01/12/2023,01/18/2023,682.875646399855,1,0.0,256.5919462052117
10/20/2023,10/21/2023,8157.995405972338,13,0.3,22.741402716300875
06/04/2022,06/07/2022,1538.6130753497414,6,0.4,190.25562845153922
07/02/2021,07/08/2021,5648.079147274766,10,0.0,1084.8058430281724
09/27/2023,10/04/2023,944.4047454383738,5,0.2,64.05077956983331
04/18/2022,04/24/2022,4599.00298986153,11,0.0,1229.5929061274223
12/01/2023,12/07/2023,309.07971872350794,1,0.1,86.39937012570816
12/19/2023,12/26/2023,2306.396023721329,5,0.3,387.52296787486137
01/21/2023,01/23/2023,5909.111772950159,6,0.0,1005.2988988215831
04/27/2022,05/04/2022,7336.533757192465,10,0.1,1094.2491827349359
09/05/2021,09/12/2021,1001.2146953846166,5,0.0,361.08773437138365
02/15/2021,02/16/2021,581.9018073736992,1,0.0,184.44723336911588
03/07/2021,03/14/2021,901.396413807119,14,0.15,215.26082947327492
11/08/2021,11/09/2021,1272.2316598710458,5,0.0,229.8560314699462
06/07/2020,06/11/2020,1624.4594936980786,10,0.1,467.19664968035727
01/14/2020,01/21/2020,342.1900822630683,1,0.0,71.01311269737887
01/07/2021,01/09/2021,6376.941504457763,11,0.15,927.3166978613822
08/12/2020,08/19/2020,1513.1981512429754,3,0.0,281.8608875978922
01/01/2023,01/07/2023,8962.369605416887,12,0.2,326.3832781375648
06/26/2023,07/01/2023,2437.8659335227608,13,0.15,368.4055921079824
05/25/2021,05/27/2021,370.5670547914008,2,0.5,-53.70189181760849
08/25/2021,09/01/2021,2625.121597991449,13,0.4,96.5337850806408
08/03/2020,08/05/2020,243.60398970033063,1,0.0,77.34473723413923
09/14/2022,09/15/2022,3972.9562457399284,4,0.0,1542.3950181195632
05/28/2023,06/01/2023,668.7005929806605,2,0.15,32.4881117407308
04/19/2022,04/23/2022,3999.6915354520606,5,0.15,437.51510293392477
12/27/2021,12/29/2021,3965.6873911445955,10,0.0,984.4395233993214
05/29/2023,05/31/2023,212.05076195325432,1,0.0,32.04434450029345
11/13/2023,11/20/2023,1382.5540876595476,12,0.1,117.58422960852302
07/07/2021,07/10/2021,5142.0453674625,10,0.4,183.54752887917542
12/01/2022,12/07/2022,25.065998448136472,1,0.4,1.8603773159856114
11/06/2021,11/07/2021,10612.257067014774,11,0.0,3672.5022794400043
05/22/2022,05/28/2022,4240.092996676929,10,0.0,1693.243089910625
10/09/2020,10/14/2020,1019.6024302940542,4,0.0,338.79475372358746
12/17/2022,12/22/2022,4348.901696252462,7,0.0,723.6665297269312
04/13/2022,04/17/2022,1585.739253479634,14,0.2,355.82945531297975
06/20/2021,06/21/2021,911.9501197037525,14,0.2,146.95719359912755
01/01/2023,01/07/2023,1659.0110367809425,2,0.0,390.270522151656
07/11/2022,07/15/2022,860.848133758147,2,0.0,327.74085168113317
02/26/2023,03/03/2023,523.0723629834866,1,0.0,162.4808048403256
04/21/2022,04/23/2022,554.7871463589426,5,0.4,57.979651853338524
12/20/2023,12/21/2023,424.8600124900372,6,0.0,43.984393045303925
08/05/2022,08/06/2022,4863.278827229267,13,0.0,1748.4530431430105
10/26/2021,11/01/2021,2453.206991310185,6,0.2,583.839083217805
02/22/2023,03/01/2023,1228.4421050547962,2,0.2,110.16983694417208
03/07/2020,03/10/2020,3643.4986576783826,12,0.4,-45.05541786053411
01/06/2020,01/12/2020,9416.183370108527,12,0.0,1092.687232870767
09/28/2021,09/30/2021,782.9542468286955,7,0.1,51.093188222501006
11/09/2020,11/16/2020,439.93886594107266,6,0.0,132.23610020213388
09/11/2023,09/18/2023,802.9073016096821,8,0.4,-35.4312683895641
07/18/2021,07/25/2021,3716.601626975238,6,0.2,1029.7378323898322
04/05/2022,04/07/2022,4798.942649740981,9,0.3,972.8480289068317
05/20/2021,05/24/2021,1499.5412646553505,10,0.0,306.9044346937786
01/10/2023,01/11/2023,65.08603466907674,2,0.2,7.42114648196699
10/22/2022,10/26/2022,4819.003817950304,7,0.0,955.0444806804805
07/22/2020,07/24/2020,4283.644827052738,5,0.0,547.1005802872338
10/23/2021,10/26/2021,756.5666185550804,1,0.0,82.79036428373159
03/15/2022,03/16/2022,537.4660265627648,3,0.15,86.33851429113454
02/07/2021,02/09/2021,2351.720873012329,4,0.0,900.5022237025081
01/31/2023,02/03/2023,6382.253332722,12,0.3,1437.122593784375
06/19/2021,06/25/2021,421.2326680025106,2,0.2,102.33916007230408
10/23/2023,10/28/2023,3727.1051534903095,7,0.0,1075.5623334082381
05/20/2023,05/27/2023,273.1184299439277,1,0.15,76.98299656811211
07/30/2021,08/01/2021,699.9589894612527,3,0.0,178.15395069853258
05/17/2023,05/22/2023,11638.721202037728,12,0.0,1792.9221881885223
02/01/2022,02/05/2022,6987.939476990386,9,0.15,1608.9807816155444
04/26/2020,05/01/2020,3474.325113043186,11,0.3,785.8708364211268
09/19/2021,09/21/2021,2035.7439263467127,14,0.0,215.5476800254267
01/18/2022,01/23/2022,1022.879522402419,2,0.3,26.015115489892203
04/14/2020,04/21/2020,1052.5764753077526,5,0.2,83.818198734114
05/09/2021,05/10/2021,707.3305111188542,4,0.0,91.74915735301003
02/15/2020,02/17/2020,4187.30825765667,12,0.1,492.62955747763573
04/02/2022,04/05/2022,1282.9231465801722,3,0.2,147.78584868735308
09/16/2023,09/21/2023,532.3296326110524,5,0.0,203.32363718841347
05/24/2023,05/25/2023,2419.3218349357735,6,0.3,503.4118359820942
09/08/2022,09/15/2022,20.155912811996245,1,0.2,5.720285692752922
08/17/2022,08/21/2022,1785.9007399743116,2,0.0,243.18884157796407
04/24/2022,04/28/2022,460.76713619303894,1,0.5,-65.23792762847826
03/24/2021,03/31/2021,2207.220197330199,3,0.0,293.4829216834437
06/19/2021,06/24/2021,2265.042789544492,8,0.4,394.7713416160349
05/25/2021,05/29/2021,2098.7784628614245,8,0.0,309.0379750972769
06/23/2021,06/26/2021,2389.347103373704,4,0.2,410.4683568403561
01/16/2020,01/18/2020,5594.875379595258,6,0.0,941.4760373487015
08/30/2020,08/31/2020,1602.704331345266,12,0.2,9.921745467991366
05/15/2023,05/21/2023,4240.47392464249,9,0.0,531.6977709114044
06/30/2022,07/05/2022,4509.526275457964,14,0.0,1411.2071251384607
07/18/2023,07/22/2023,2542.220598088156,7,0.0,393.30678502138545
01/30/2022,02/01/2022,576.3802849135844,2,0.3,10.802381908107156
12/05/2021,12/11/2021,10475.062190203875,11,0.0,2233.04181135643
04/24/2020,04/27/2020,452.2863535220016,2,0.15,100.48557542318042
08/15/2023,08/19/2023,1045.2730694754002,3,0.3,94.92304310101925
01/31/2021,02/04/2021,4569.468465336828,8,0.4,837.9631316718796
01/28/2021,01/29/2021,4812.963213161342,10,0.0,1108.2071948680746
01/03/2023,01/06/2023,5449.270218224104,9,0.3,53.071946976687826
09/04/2022,09/07/2022,886.3026455663656,13,0.0,231.18570964753667
01/31/2023,02/05/2023,10679.20127992036,14,0.2,1444.542286387171
10/23/2020,10/29/2020,469.57400533389693,3,0.2,110.88591071332887
09/28/2022,09/29/2022,8821.221159455743,9,0.0,3356.795471592927
06/26/2020,07/01/2020,2205.8531592715553,12,0.0,774.0086571815724
05/23/2023,05/24/2023,5399.067459804293,12,0.0,1170.0422618060898
08/24/2022,08/27/2022,3155.2834665681903,10,0.0,520.100634914246
11/10/2020,11/11/2020,3160.0735695654744,12,0.4,550.948338898774
11/28/2022,11/29/2022,2064.155940210162,8,0.0,445.40748124401716
09/15/2020,09/16/2020,2896.992714910096,5,0.4,379.68562164091554
01/07/2020,01/09/2020,3439.3450765559683,11,0.0,1364.932304391019
02/18/2020,02/20/2020,3283.7108147179038,10,0.5,76.28981124374005
06/09/2020,06/15/2020,350.57523528672147,3,0.2,50.470262432377254
06/24/2020,06/30/2020,6361.305797010664,11,0.3,1017.5623298763105
10/22/2022,10/29/2022,3829.5800485209274,7,0.0,605.7602692998728
09/27/2022,09/30/2022,7935.178472616622,9,0.1,1559.0397630681343
03/30/2021,03/31/2021,5150.01833598121,12,0.0,997.5545714008424
10/02/2020,10/05/2020,1220.9603773613628,6,0.0,182.25075462216566
05/12/2021,05/14/2021,899.0249640887629,3,0.15,187.03402082675728
11/06/2021,11/07/2021,2958.3838001302374,5,0.2,510.9478670567327
11/17/2022,11/22/2022,4637.608190501421,7,0.0,1522.8100336916925
09/18/2023,09/20/2023,5620.060321499144,8,0.1,1752.8464432058736
10/21/2022,10/23/2022,968.0063946013539,13,0.1,112.39792883550754
04/26/2023,04/28/2023,8183.91122627874,14,0.0,2732.6963088185953
02/25/2020,03/03/2020,10074.747494872168,12,0.1,1614.131193128243
06/30/2021,07/01/2021,373.833280917637,4,0.2,70.52053835334756
02/09/2023,02/15/2023,206.7838126476982,2,0.0,73.42314363635361
08/26/2023,08/30/2023,5755.506566994551,10,0.2,442.34253401813606
02/05/2020,02/10/2020,579.6551363143678,2,0.1,133.4878453087809
03/14/2021,03/19/2021,5560.744713361302,12,0.3,523.241961467498
08/17/2021,08/20/2021,1649.792003759569,3,0.0,556.2656295026206
09/10/2023,09/11/2023,5522.753553836436,8,0.3,879.0698807907352
11/02/2020,11/08/2020,890.1658527853253,1,0.0,294.546579139796
09/10/2021,09/12/2021,9538.088752445325,14,0.0,1777.7370129882124
02/06/2023,02/10/2023,1883.405158894833,7,0.0,586.3169992857182
10/27/2023,10/28/2023,1131.014138221652,6,0.3,149.00179573052455
12/22/2020,12/23/2020,9894.319260708473,14,0.2,1355.5626696727982
06/29/2020,07/06/2020,1178.9753092452781,2,0.0,251.71489173036477
10/11/2023,10/17/2023,7122.500678084232,9,0.0,1420.796501066386
03/08/2020,03/12/2020,5919.752338129004,13,0.0,609.1561806956001
10/18/2020,10/20/2020,1344.5148034201356,12,0.0,202.84367502554815
11/22/2021,11/23/2021,1442.2782730432268,5,0.15,61.57585504790619
06/29/2020,07/04/2020,288.2140939873152,2,0.15,80.55793250757745
03/09/2021,03/14/2021,1411.2260788702451,3,0.4,223.01134533571988
07/02/2022,07/06/2022,2462.2740441618175,7,0.5,255.7268601575271
03/06/2020,03/08/2020,580.2963193267535,7,0.15,156.89815661090054
11/10/2022,11/14/2022,6251.715447742582,10,0.0,1040.2800493872758
01/18/2021,01/19/2021,875.3941519248475,1,0.0,216.69143754172572
02/08/2020,02/15/2020,6303.515872013702,10,0.1,2031.9580813741586
08/01/2023,08/08/2023,7224.01111396408,14,0.0,2369.0027487114767
04/01/2022,04/06/2022,2980.26249703681,11,0.15,76.13404141501968
08/24/2021,08/31/2021,4885.241801495202,11,0.5,-59.46329549458778
02/23/2022,02/26/2022,3600.0453998847206,12,0.3,-168.47830946606408
09/21/2023,09/25/2023,3427.3585777257904,4,0.0,631.3136718133941
04/26/2023,05/03/2023,4711.019039016091,6,0.0,1086.9674510340049
11/01/2021,11/04/2021,4581.162295517086,8,0.3,998.0968571791462
06/20/2023,06/23/2023,2078.7890444160626,3,0.3,304.15861199624993
01/01/2023,01/07/2023,10517.793029999288,14,0.0,2195.5405939175503
04/23/2021,04/28/2021,104.88126326750863,3,0.2,15.438151799297575
07/14/2021,07/18/2021,1450.9812502903749,8,0.15,392.07957789885364
04/10/2020,04/13/2020,358.74559057530297,8,0.0,68.12459651950388
05/28/2021,05/29/2021,1584.1154739381898,8,0.0,450.6973788428234
06/24/2020,07/01/2020,49.57758090547652,1,0.3,1.4215907856738785
08/25/2020,08/31/2020,3444.8859212658544,8,0.15,582.1479343158953
06/28/2022,06/30/2022,303.3932080139762,8,0.0,32.58368755155316
12/18/2022,12/25/2022,764.5652937905711,2,0.2,195.48603901128553
01/27/2023,02/03/2023,8638.583981268594,12,0.2,125.29963242425156
05/20/2022,05/27/2022,4731.868590429086,9,0.3,81.89989111407935
05/09/2021,05/15/2021,6611.61455090667,7,0.0,1322.6770526379557
08/04/2022,08/06/2022,937.5212240758209,8,0.5,35.202361019479504
01/24/2022,01/29/2022,1071.5499164824816,2,0.0,338.620531618711
08/13/2023,08/17/2023,1106.3384393562133,4,0.15,54.36028515390277
07/29/2020,08/02/2020,2968.3455065239264,7,0.15,112.9148115775972
02/20/2023,02/22/2023,3369.0304277306736,6,0.0,1144.4494146240747
06/06/2023,06/13/2023,320.7698841977456,7,0.0,100.60946140275551
11/12/2023,11/13/2023,168.6465017039833,1,0.3,33.63909238552759
05/19/2020,05/21/2020,4812.530349870591,8,0.15,1097.071538960106
06/24/2021,06/26/2021,10077.583675833655,13,0.0,3278.2750664124587
11/15/2023,11/19/2023,4016.2979766883977,7,0.0,858.3291249446867
09/26/2020,09/29/2020,3615.569589699469,13,0.0,1001.7127033111974
11/01/2022,11/02/2022,1644.1331022220504,4,0.0,561.6649735788969
11/13/2023,11/17/2023,52.53822188128537,1,0.5,-5.167908518499995
09/22/2023,09/28/2023,6103.346051997862,8,0.2,774.190454595775
05/20/2021,05/22/2021,4349.953482490926,10,0.5,313.8357917707227
02/03/2023,02/06/2023,524.6242640687211,7,0.0,136.2926472503912
02/01/2020,02/02/2020,1188.8151612118806,8,0.15,272.829793467809
01/02/2023,01/07/2023,5852.834967768659,10,0.0,1099.5180179581419
04/09/2023,04/10/2023,192.084618710339,1,0.2,1.8637462288545459
12/28/2022,12/29/2022,4675.283455169935,5,0.0,508.40778007909205
03/23/2022,03/30/2022,6822.3120755612745,9,0.0,2611.815429132585
12/27/2020,12/29/2020,1262.5136900188738,5,0.1,420.87410539537456
12/27/2023,12/29/2023,208.52516202142786,13,0.0,34.06982145353381
07/17/2022,07/22/2022,9537.289715762245,14,0.15,660.3590538523755
04/09/2020,04/14/2020,5115.200868810154,14,0.15,155.71668994714955
01/09/2020,01/14/2020,5167.631477913594,10,0.2,358.5150630534212
11/27/2021,12/01/2021,1764.630463002507,12,0.5,-87.6925479273308
11/18/2022,11/22/2022,454.3335802937678,3,0.0,78.31474686743567
02/11/2023,02/13/2023,6107.026282810995,9,0.0,2071.596398985086
04/06/2021,04/08/2021,4147.974214613252,13,0.3,725.1868052611101
07/09/2022,07/14/2022,1966.8258328801771,9,0.1,146.14350542306966
03/12/2023,03/16/2023,585.0068782821646,4,0.0,180.88206896256773
01/24/2021,01/27/2021,1637.089435792208,4,0.3,173.81884827012811
09/23/2021,09/27/2021,8011.238848860485,11,0.0,1118.7681586539195
11/12/2021,11/14/2021,2328.384740015073,8,0.0,749.4153773196088
06/05/2020,06/09/2020,5164.537769955568,7,0.0,649.7694483793597
11/30/2020,12/02/2020,2104.2007441998862,11,0.0,322.2482432644131
09/16/2020,09/21/2020,1725.1576709207911,5,0.0,249.74752989886687
03/22/2020,03/29/2020,4484.600783591735,6,0.0,1711.8170604023223
01/23/2022,01/28/2022,1990.6262533518257,3,0.0,615.9929260094891
04/10/2023,04/15/2023,3889.457468888227,14,0.0,868.8494856003759
06/08/2023,06/11/2023,785.4819091887829,6,0.0,272.29613676437606
12/20/2021,12/27/2021,575.1380322103531,13,0.15,51.64039175424231
03/15/2020,03/18/2020,6716.288224960743,8,0.0,2547.67607041328
07/17/2023,07/19/2023,843.9053007218142,10,0.0,260.8504501758148
09/17/2021,09/18/2021,1731.753809580535,14,0.0,463.89215300805876
03/02/2020,03/08/2020,3189.3358116435443,13,0.0,1079.2538076993083
05/23/2022,05/26/2022,4963.343079171943,11,0.0,1456.4150744386702
11/15/2020,11/17/2020,7127.00288490718,9,0.0,2609.4293971590055
04/11/2020,04/18/2020,650.2640828383221,3,0.15,178.00706028183282
12/23/2023,12/27/2023,3726.8975279578494,8,0.15,314.36064425628575
05/23/2022,05/30/2022,716.175337172707,12,0.4,-20.125142768384066
08/11/2022,08/16/2022,1268.6379167299308,3,0.1,88.20741005554814
09/11/2020,09/16/2020,371.7252068870704,2,0.0,61.72856710141772
07/23/2021,07/28/2021,1095.398216508297,5,0.0,222.41694866393732
04/21/2020,04/23/2020,4179.393677399809,14,0.2,36.144259783222964
09/11/2022,09/16/2022,3054.936886855395,4,0.0,594.15089880455
08/29/2023,09/01/2023,9705.105352816021,13,0.0,3216.890638537619
09/24/2022,09/28/2022,2104.1162336023344,5,0.0,740.8557055175849
04/05/2021,04/10/2021,650.1706575174709,6,0.15,17.98501227357664
12/08/2021,12/10/2021,518.1924668826723,3,0.4,-50.70818427077567
06/05/2022,06/09/2022,306.1813312589021,1,0.4,-17.17918157281066
01/20/2023,01/25/2023,3482.8706436326875,4,0.0,1260.0089731043727
12/11/2022,12/12/2022,5811.432411991183,6,0.0,1399.2965441751032
06/03/2021,06/08/2021,897.534715943144,2,0.3,219.7798849228494
03/22/2022,03/28/2022,642.9233260663691,2,0.1,203.29199549156002
01/26/2023,02/02/2023,696.5189191574349,1,0.0,255.64921336811003
08/23/2020,08/26/2020,2468.648408129227,9,0.2,95.1489417489244
10/29/2023,11/02/2023,1604.5077331502227,3,0.15,268.86544307827717
07/15/2022,07/18/2022,251.32890597871986,2,0.5,37.216075447596154
07/10/2021,07/11/2021,987.547731188631,4,0.1,93.53387399156144
10/10/2021,10/11/2021,506.8399989042711,6,0.0,137.9973447912196
08/21/2020,08/27/2020,383.3457666219389,1,0.1,58.76077156545203
11/21/2022,11/24/2022,3918.5544818366793,9,0.3,260.02525177624653
08/05/2023,08/09/2023,6050.438506949739,9,0.15,1768.1665431183926
08/01/2021,08/02/2021,5523.266403847354,8,0.15,1112.224412842768
06/25/2021,06/26/2021,2977.5600150362766,6,0.5,231.1566689638695
04/23/2020,04/28/2020,329.38577316721376,4,0.15,74.76079409170033
07/22/2020,07/28/2020,996.4108015227409,2,0.0,257.776164629953
11/18/2022,11/25/2022,3577.893641609047,8,0.15,939.2448802615877
10/04/2021,10/06/2021,4798.6041480789745,7,0.15,1517.4139883954722
04/18/2021,04/25/2021,3284.339165195503,12,0.0,1281.0429145397009
11/27/2021,12/04/2021,1101.5003543610128,14,0.0,371.02453308966375
09/09/2020,09/10/2020,1025.9879109303536,4,0.2,149.9983314106053
06/23/2022,06/27/2022,2952.2656523208548,3,0.0,439.73314255866654
01/20/2021,01/24/2021,4322.144572062435,6,0.2,57.66239069091819
03/02/2020,03/07/2020,401.29449133718504,1,0.0,67.99272638960723
05/29/2021,06/02/2021,877.50927875761,2,0.5,-42.05252626813724
03/05/2021,03/10/2021,296.98857492844485,7,0.0,41.268013208797
08/02/2021,08/03/2021,3531.6824035851437,11,0.0,591.3081682170081
03/10/2023,03/11/2023,2188.631188523007,3,0.0,273.71818167157903
01/12/2022,01/19/2022,2888.3953791840495,14,0.1,598.1956128467433
08/16/2023,08/17/2023,2683.2915456416367,13,0.0,370.01371489518056
11/05/2021,11/06/2021,863.1894705047297,1,0.0,278.6639651616886
11/06/2020,11/08/2020,1053.6505164921598,2,0.15,131.49024607805853
04/15/2021,04/21/2021,9891.324911289155,10,0.0,2983.4096912367627
11/17/2023,11/24/2023,1218.2453258890346,10,0.15,352.99368618509885
03/19/2022,03/26/2022,4060.75177940113,14,0.2,104.78754844952947
06/20/2020,06/26/2020,2290.328914216663,9,0.2,679.5411298783137
07/29/2021,07/31/2021,6169.316407392044,7,0.0,1811.1447423862794
01/31/2020,02/01/2020,1655.2843955082574,7,0.1,109.26495982941216
02/16/2020,02/20/2020,5038.969427763997,14,0.0,978.5712368540844
05/09/2020,05/14/2020,1059.8387584307125,10,0.3,228.7911495742709
12/17/2020,12/24/2020,4354.823047807093,8,0.3,561.2064002697031
09/04/2022,09/10/2022,2943.915013431172,12,0.0,548.0589730807815
02/27/2020,03/01/2020,931.6448341187674,12,0.0,356.0265597333426
02/03/2023,02/08/2023,3526.0611629119016,8,0.0,1185.376330466467
03/22/2022,03/25/2022,3577.891884497274,9,0.0,1147.2923532827958
09/15/2023,09/18/2023,334.4996020721792,2,0.1,105.87853553732124
02/06/2022,02/13/2022,1692.9128531349586,14,0.15,433.273930073194
11/13/2021,11/14/2021,7180.733129995426,8,0.0,1335.7707907361641
11/07/2023,11/10/2023,524.729083462884,8,0.15,105.03282866375986
03/31/2023,04/01/2023,844.8792076089826,13,0.4,129.001100238722
09/23/2022,09/25/2022,1073.5364353898433,5,0.15,85.08252043621634
10/12/2020,10/16/2020,4766.553988799686,5,0.0,709.7731778320684
12/30/2022,01/02/2023,340.30946528876365,4,0.1,33.24580980577626
06/04/2022,06/11/2022,10304.968948790713,14,0.1,1115.786819500362
01/31/2021,02/04/2021,3125.9607112497356,5,0.3,-59.48939342333146
01/26/2020,01/27/2020,768.1781280727531,2,0.0,269.8523005799217
11/08/2020,11/11/2020,601.9109116670479,2,0.0,207.95749098866654
05/05/2020,05/10/2020,3062.717779386753,5,0.1,292.21603975374734
12/02/2023,12/09/2023,6985.521720580794,11,0.1,1827.8396678052516
05/06/2023,05/08/2023,8134.6448684375055,13,0.2,1530.0670546088859
03/21/2022,03/27/2022,2496.783340546909,3,0.0,456.5575063953506
07/06/2020,07/08/2020,248.14035130699497,1,0.1,29.332802469184198
11/28/2021,12/01/2021,6210.827872810043,9,0.0,1087.9864716239638
03/20/2022,03/27/2022,287.1133340836575,2,0.0,91.64347037150563
12/16/2021,12/18/2021,6135.925816921674,14,0.15,741.1898947656609
03/25/2021,03/31/2021,7401.096568169622,12,0.0,1357.270693516639
06/06/2021,06/11/2021,2381.6046423369544,14,0.0,254.22279177729993
10/09/2023,10/13/2023,685.9317945787633,10,0.2,186.89648642341604
09/12/2022,09/17/2022,344.7579998028327,2,0.15,86.46918258323184
10/19/2021,10/21/2021,5969.360045233808,14,0.0,1443.6007998432042
08/19/2021,08/25/2021,3200.2652449339957,4,0.1,1065.2981377598749
04/09/2020,04/13/2020,1073.1905605787597,2,0.0,201.82385572883257
09/07/2021,09/14/2021,5257.055739716555,7,0.0,1589.7941799361583
08/05/2022,08/11/2022,2188.836996102385,12,0.0,419.2610304215807
07/09/2021,07/14/2021,1149.184160746732,10,0.0,223.36891071889008
10/04/2020,10/05/2020,123.6105920279587,1,0.5,12.782911252541645
05/05/2021,05/06/2021,3528.15769528701,11,0.0,1185.8370379622024
09/11/2020,09/15/2020,884.193597814364,2,0.2,78.01437217705796
01/15/2021,01/19/2021,6794.717831138131,11,0.3,-173.83025354665608
06/10/2022,06/14/2022,1079.5792265239793,5,0.5,-46.124761327464256
06/25/2021,06/26/2021,1047.2204119330409,2,0.0,343.50637081442727
07/11/2023,07/16/2023,91.77462393795007,9,0.3,-1.820504915846883
04/04/2022,04/08/2022,85.95788452474753,4,0.5,4.438027876947159
05/28/2022,05/29/2022,836.3835713544493,9,0.0,306.8933690314756
09/14/2023,09/18/2023,7722.045590866623,11,0.0,1187.4046390977185
02/12/2023,02/16/2023,5895.953461010378,12,0.0,2114.6503170630453
07/23/2023,07/29/2023,170.8768485645586,1,0.15,6.904990723396154
10/07/2020,10/11/2020,537.0060998726289,1,0.1,134.28593493741116
07/22/2023,07/23/2023,549.1660303008457,1,0.0,185.24011414497002
02/11/2022,02/16/2022,1096.6066584692328,14,0.2,146.32004582602022
04/22/2022,04/23/2022,2576.034579959899,4,0.0,415.0471068269023
12/19/2021,12/20/2021,4847.744940596493,9,0.3,1102.4685778891155
11/23/2020,11/27/2020,2349.5109090560477,8,0.0,249.02621329300035
07/29/2020,08/04/2020,4109.153141577468,7,0.15,786.9906341557769
12/27/2021,12/30/2021,207.72232183869616,1,0.0,44.0069756455879
07/11/2022,07/18/2022,2277.484576723882,3,0.0,542.7636531810831
07/05/2021,07/08/2021,6571.126277506751,9,0.2,1057.7510222718424
01/26/2020,01/29/2020,4027.0360730726757,9,0.0,1048.7392048752113
01/27/2020,01/28/2020,1134.7913584327575,5,0.1,126.06068012260285
12/02/2021,12/06/2021,2917.3315332652046,12,0.4,303.141952622451
01/11/2023,01/18/2023,3348.497073079077,13,0.0,354.08510641131784
11/12/2021,11/15/2021,47.15332443658912,6,0.3,-2.057996081635225
02/16/2021,02/18/2021,7193.472502550407,11,0.0,1751.9429099462332
06/15/2020,06/17/2020,677.3178820534742,13,0.0,177.84394154834965
06/17/2020,06/19/2020,1309.7209968903524,6,0.0,238.98065749117646
08/16/2020,08/21/2020,3626.1253028426145,10,0.5,56.21458800664687
01/01/2021,01/05/2021,2676.2710551065024,4,0.0,682.0015659644162
06/11/2021,06/12/2021,57.81693604799279,1,0.3,3.166411942180732
03/01/2022,03/02/2022,1658.6354841707157,5,0.5,75.52163933125321
06/07/2021,06/11/2021,12106.498828840322,13,0.0,4689.829619951839
12/31/2022,01/06/2023,71.19382767880111,1,0.15,12.262482427328344
04/15/2020,04/22/2020,337.22507631989595,1,0.2,79.52280818634523
01/01/2022,01/07/2022,8053.535063343,11,0.0,1403.561788223792
08/22/2022,08/27/2022,3355.2288657306713,5,0.0,1102.4784742521426
07/29/2023,08/02/2023,1171.2271852240167,5,0.0,345.1276068923441
05/12/2020,05/18/2020,960.0449864417401,7,0.2,184.24159393742391
06/17/2021,06/24/2021,1258.2472544008363,2,0.2,337.0977795583048
09/01/2022,09/06/2022,5740.093252118452,6,0.0,975.8449923613075
09/25/2020,09/28/2020,1539.8152657348016,2,0.0,324.18506106100256
12/06/2023,12/09/2023,7515.8650115310265,13,0.4,-564.2893630293851
11/03/2021,11/08/2021,6089.454698956723,10,0.0,1935.4478812587604
03/01/2022,03/05/2022,3719.2314883399918,5,0.2,941.5613338398914
01/18/2020,01/21/2020,2774.125350397752,4,0.0,615.1624381794921
04/26/2020,04/30/2020,7005.428450782883,11,0.3,399.6460012908213
03/08/2022,03/14/2022,1019.8384697393691,10,0.4,99.53170325637804
03/13/2023,03/16/2023,4087.0478179325473,5,0.0,501.3873301409274
07/04/2021,07/11/2021,409.55668588783595,2,0.0,77.05914253575952
07/17/2022,07/24/2022,297.23848741198157,8,0.0,62.379610233450194
01/22/2022,01/28/2022,4179.282181620267,8,0.0,1068.1287582453613
02/25/2021,03/04/2021,1950.4155765373553,6,0.0,473.8939663389172
10/24/2023,10/28/2023,135.3949228338511,3,0.15,11.861153992398087
10/07/2021,10/11/2021,3922.005339763511,4,0.0,1028.4924126677552
07/11/2021,07/18/2021,669.8014345350929,1,0.0,253.02459665763539
02/19/2020,02/21/2020,6500.117170680787,9,0.2,52.82233825136746
11/08/2021,11/13/2021,8492.279960112444,10,0.15,1945.5131604723072
04/15/2020,04/16/2020,1990.2353465219057,5,0.0,572.0189308568198
05/24/2023,05/29/2023,3120.0569355166112,14,0.15,943.2808428159019
10/19/2021,10/26/2021,1229.0915120637471,8,0.2,237.9563965822887
12/19/2023,12/23/2023,1404.0951391262588,3,0.1,333.4063415502429
12/31/2022,01/04/2023,2440.079878908544,4,0.0,807.524178453542
09/14/2022,09/19/2022,1910.7940346887983,4,0.0,344.59600630651397
04/21/2022,04/25/2022,2202.925170304463,8,0.3,283.55982018709665
03/21/2021,03/27/2021,1483.3546377261112,12,0.3,156.97798156511524
04/24/2023,04/27/2023,3422.92386092976,9,0.15,535.8304981405415
03/10/2020,03/14/2020,283.1721171248229,3,0.0,35.0697765529619
05/29/2020,06/05/2020,5458.302872181911,7,0.1,752.0922244615371
06/23/2023,06/30/2023,355.5318411349728,9,0.3,12.086132220966471
02/12/2022,02/17/2022,773.6792022284783,2,0.0,245.4692910484047
01/27/2023,02/01/2023,436.5459614101553,4,0.0,164.22721144309472
07/25/2023,07/30/2023,2098.5228750755005,3,0.1,250.21982369843943
08/01/2022,08/08/2022,1789.8138106220263,8,0.3,-49.4218036018885
03/30/2021,04/01/2021,487.89822610411704,4,0.0,195.15298987551125
02/01/2023,02/08/2023,4343.028725594537,9,0.1,1117.7288174966036
08/03/2022,08/09/2022,779.547101583658,1,0.15,226.8024113624912
08/23/2021,08/30/2021,773.1246590468096,1,0.15,52.69913377623573
10/14/2021,10/20/2021,874.3254044529709,4,0.15,231.8976875382113
12/25/2021,01/01/2022,1842.2808519616094,3,0.15,495.56825040290977
08/20/2020,08/27/2020,119.94405273774404,3,0.0,17.445463992234956
11/18/2023,11/20/2023,1405.3327853839037,10,0.0,208.5812543336626
09/07/2020,09/13/2020,5145.671995428546,12,0.15,584.7303145296912
03/19/2020,03/21/2020,472.93774028693724,2,0.0,78.05186371091959
12/11/2022,12/17/2022,9523.322901504387,14,0.15,3024.8261272625045
06/16/2022,06/18/2022,7919.972327823143,10,0.15,1060.350843881961
07/09/2022,07/11/2022,142.89983317954412,10,0.0,46.927151089969776
02/19/2022,02/25/2022,433.056008348946,2,0.1,126.2424266597427
08/13/2020,08/15/2020,3205.136250831348,8,0.1,531.354750970805
12/10/2022,12/17/2022,567.4484954688646,1,0.0,172.94449328877414
04/24/2023,04/30/2023,12834.412497426521,14,0.0,1698.5066924035903
11/23/2022,11/25/2022,4286.230346928674,8,0.4,81.81820279941358
03/13/2022,03/20/2022,6407.983984732862,10,0.0,2500.3517639181337
01/11/2022,01/18/2022,675.2760415547665,3,0.15,51.023314895493556
05/10/2020,05/15/2020,1570.9098635591554,2,0.0,338.8662942680633
10/19/2022,10/20/2022,1895.627282169235,9,0.0,639.1229706048097
09/23/2021,09/29/2021,4827.603004279243,5,0.0,1446.4800917848274
04/17/2022,04/19/2022,176.75298565856986,14,0.2,33.486839498159924
01/28/2022,02/02/2022,2870.363994344112,5,0.0,1021.7842461950186
12/26/2023,12/27/2023,1267.6725678813493,13,0.0,137.8316967967512
12/04/2021,12/06/2021,1984.9129674249652,6,0.2,459.20824632615506
05/11/2021,05/12/2021,2554.3368196292517,4,0.0,931.7319337621409
11/27/2023,12/03/2023,4848.917574451981,7,0.0,508.4203699018642
11/18/2020,11/25/2020,5513.996424840371,7,0.0,1476.0355566912092
05/18/2023,05/25/2023,6571.338683108347,11,0.0,1344.3417675160624
09/06/2021,09/07/2021,2096.32987796239,9,0.1,136.7411088497598
11/24/2020,12/01/2020,5342.164263033137,6,0.0,1203.7201484945203
10/27/2023,10/30/2023,10568.95240548616,13,0.0,3098.9124134718745
05/12/2020,05/16/2020,117.91625617084706,1,0.3,26.61418123355623
04/14/2022,04/21/2022,5217.950255904354,9,0.3,710.471650447371
10/12/2021,10/15/2021,8172.511794311566,12,0.3,1691.8972918977643
04/30/2020,05/06/2020,5831.7070233225295,13,0.3,-78.89452837313745
08/28/2021,09/03/2021,2600.884537944794,10,0.1,294.3066017535414
08/22/2022,08/23/2022,4670.538381149203,9,0.15,1476.3004785095295
05/08/2020,05/15/2020,1570.9937330556722,5,0.1,496.7799635834291
01/19/2023,01/26/2023,3803.447233240946,7,0.2,268.4019910943142
01/29/2020,02/05/2020,494.4167638751833,1,0.1,116.82680732057013
12/22/2021,12/27/2021,3720.782823875415,4,0.0,776.861604179799
11/28/2020,11/30/2020,5222.527445257875,12,0.3,473.05419953008277
08/13/2023,08/17/2023,1774.7349351191792,10,0.2,458.3491578224476
02/27/2023,03/06/2023,2038.0045689037042,4,0.3,347.91546981017217
08/09/2023,08/11/2023,1539.3476734113656,5,0.0,264.048568128959
04/11/2023,04/16/2023,1678.002260515898,6,0.0,326.8713541462111
08/01/2022,08/07/2022,1591.4354372750336,4,0.0,297.4601914190627
11/13/2022,11/17/2022,118.13424626906404,6,0.1,33.57361498633238
01/27/2023,01/30/2023,9694.492535596675,10,0.0,2394.796815707679
11/30/2023,12/06/2023,3759.054601715779,7,0.0,1448.052834556497
12/21/2020,12/27/2020,2327.276864802692,3,0.0,802.9248384841252
05/18/2020,05/19/2020,2387.4633013868956,9,0.0,390.0120160754712
04/12/2023,04/17/2023,4794.572482030652,8,0.2,1130.4779097171518
01/29/2020,01/30/2020,400.0491580787478,1,0.3,40.73452712825474
07/19/2022,07/20/2022,5588.735516542196,13,0.0,984.249189581972
05/10/2021,05/12/2021,1747.7325610820953,2,0.1,277.8886432733645
10/10/2022,10/16/2022,997.8105540098835,2,0.0,390.78036513553184
10/16/2021,10/21/2021,6608.839960707801,10,0.0,1620.411112428308
04/07/2022,04/08/2022,181.35914093986253,9,0.2,39.15212961020693
12/16/2020,12/19/2020,2961.030282563154,12,0.2,423.79920190276465
07/07/2021,07/11/2021,5605.769298140334,9,0.3,344.5708425611723
10/25/2020,11/01/2020,6852.325234543728,9,0.0,2322.431219978687
04/30/2023,05/05/2023,378.9705470697252,1,0.3,77.49845575194344
03/04/2020,03/06/2020,6308.106770295068,7,0.0,766.856036823829
01/24/2022,01/29/2022,5896.299696905763,12,0.0,1083.1106119627398
02/08/2022,02/14/2022,6279.261929004876,11,0.0,1584.642793170211
05/23/2023,05/25/2023,4038.6457147459296,13,0.2,383.46668143295983
04/13/2022,04/17/2022,1871.518909066966,3,0.0,627.0990140889659
06/14/2020,06/17/2020,3583.926671728316,11,0.0,481.7514526903007
06/09/2023,06/10/2023,2996.025006617042,9,0.15,791.9677099506647
05/03/2023,05/08/2023,7733.304004601568,8,0.0,2206.8214518047666
05/20/2021,05/22/2021,360.58677900478267,3,0.0,67.36132997309633
09/19/2023,09/23/2023,114.20279179358056,1,0.0,23.221585299269247
03/03/2022,03/04/2022,475.94573334419016,9,0.0,73.70959508407897
08/20/2023,08/27/2023,3611.627023917447,13,0.15,363.9509510097783
04/12/2022,04/16/2022,3638.2225503892055,10,0.1,964.7862596667441
09/08/2023,09/11/2023,103.5704876288508,1,0.0,22.036199881225937
05/07/2022,05/08/2022,1660.9190562394842,3,0.0,508.6485576662609
11/17/2023,11/18/2023,5345.963475255316,13,0.3,557.2218673622141
03/16/2022,03/23/2022,4068.9887040568515,6,0.1,380.8139058106468
03/18/2023,03/19/2023,4978.663020793181,6,0.15,869.8779492089172
01/30/2022,02/01/2022,8724.222147472658,14,0.0,2852.3055096459234
04/12/2022,04/13/2022,1325.8772847554953,11,0.0,250.9920854581822
11/29/2023,12/03/2023,488.1950040666248,10,0.5,21.68781866820824
10/09/2020,10/11/2020,2807.177022049923,4,0.1,307.9748194426214
10/17/2023,10/18/2023,1307.661574501135,2,0.0,184.0006513403881
01/13/2021,01/17/2021,2213.83825987345,13,0.0,460.628543041791
07/16/2020,07/20/2020,2608.2637295669874,10,0.0,565.3700580158918
10/11/2022,10/16/2022,4516.427900517559,6,0.0,1482.7563281975165
10/20/2022,10/24/2022,3422.9653439255403,10,0.4,130.1535519273374
07/09/2021,07/16/2021,2062.0252165712973,5,0.3,-52.84874003726077
12/21/2020,12/27/2020,2832.811599475396,13,0.0,822.0814998483636
12/23/2023,12/26/2023,3796.6044110468065,6,0.0,914.1311399963392
11/06/2022,11/07/2022,4328.364932937823,7,0.2,430.64183987225397
09/30/2021,10/07/2021,9750.396735301294,11,0.0,3321.625169273486
01/13/2021,01/14/2021,5988.736227715936,9,0.1,576.807747259075
11/10/2021,11/11/2021,5922.241323889045,12,0.15,1770.5351973947875
05/20/2021,05/24/2021,6900.572484577952,12,0.15,864.0789705862572
06/17/2022,06/21/2022,5490.915896353876,14,0.2,759.2972120324123
03/16/2020,03/17/2020,1313.9238598440993,7,0.2,366.28242126628265
08/18/2020,08/24/2020,1766.769806088432,4,0.5,138.46519405854136
08/19/2022,08/21/2022,5372.964068357511,10,0.0,657.0636989431936
06/25/2023,06/27/2023,2094.312948125169,5,0.3,258.62473233918706
10/28/2020,10/31/2020,12872.70172000346,13,0.0,2485.832773604171
12/26/2021,12/31/2021,5910.993128939484,6,0.0,1492.8004781804366
08/02/2020,08/09/2020,7675.822376949192,13,0.0,2478.4517562417172
03/27/2023,03/30/2023,333.67532388928015,9,0.15,58.01008042430006
03/09/2020,03/10/2020,2010.9303133219748,5,0.0,243.93904490954182
01/27/2021,02/03/2021,3282.7212153763307,5,0.3,357.7974268840314
01/13/2023,01/14/2023,1757.7699823908822,7,0.15,56.66857062912857
09/23/2020,09/24/2020,1998.5519966887057,2,0.0,408.74946471389245
12/28/2022,01/02/2023,224.3384438111687,3,0.2,32.17218708206457
09/02/2021,09/06/2021,4808.437529239136,12,0.3,689.5398904125934
10/02/2023,10/07/2023,884.5012731740104,2,0.15,156.4346962715609
10/05/2022,10/08/2022,2627.99384234023,10,0.0,382.5939689783822
08/19/2022,08/23/2022,6643.847415370542,10,0.3,1525.8610050971502
12/28/2021,01/01/2022,5980.603179814437,12,0.2,1166.7552872063302
11/03/2021,11/06/2021,3330.9640085432115,14,0.0,649.8388860899389
02/26/2021,03/02/2021,780.4154317199057,2,0.0,304.19181642931636
04/12/2023,04/19/2023,2172.0513978397257,3,0.0,792.3063186541399
04/24/2020,04/26/2020,1279.8229313912718,6,0.3,-8.898574794259165
08/07/2020,08/10/2020,4404.050700202846,5,0.0,1306.3679595914984
01/31/2020,02/03/2020,1914.1887487585263,11,0.0,513.0424679880798
09/28/2023,09/30/2023,2664.228381868762,14,0.3,20.894682295845218
11/01/2023,11/06/2023,1994.8451540217068,13,0.0,339.2085411788937
02/27/2023,03/04/2023,339.41115111570997,5,0.4,23.464216523363685
09/08/2021,09/13/2021,614.6245384585751,2,0.0,120.70395288713296
06/22/2021,06/26/2021,1798.5365259697548,2,0.1,540.3692728541596
01/08/2022,01/10/2022,1240.6334295486172,12,0.0,160.4409117647064
10/22/2022,10/29/2022,132.52330195728925,1,0.4,23.08678265086652
05/20/2022,05/23/2022,669.361514609333,3,0.2,168.7900582059259
04/10/2020,04/13/2020,4485.1563909178685,12,0.4,545.3369116391044
12/17/2022,12/20/2022,7628.5008423264935,12,0.15,791.6108695360368
11/13/2023,11/17/2023,8298.557719160559,11,0.0,2609.7914824558993
11/22/2021,11/26/2021,259.6947096722003,14,0.0,60.15332812651884
07/29/2022,08/04/2022,4587.323679480294,7,0.0,1330.9081506531277
12/06/2020,12/13/2020,5931.9159238615875,11,0.15,704.5118554410969
05/10/2022,05/15/2022,1567.434405212935,5,0.4,236.30226685655092
11/09/2022,11/15/2022,2697.915330528051,7,0.0,302.63279717443413
07/02/2023,07/08/2023,5756.182239503647,9,0.2,1194.0504939788184
09/02/2023,09/06/2023,1051.3259624370562,6,0.5,103.64956652486157
02/07/2020,02/12/2020,475.4242987710705,2,0.0,139.74071988441753
10/21/2021,10/26/2021,221.89595597535572,1,0.3,1.6858622117310196
11/10/2023,11/13/2023,445.2514379519342,1,0.0,82.5915743909411
07/16/2022,07/20/2022,1775.3345129816971,10,0.2,274.2387420743214
11/15/2022,11/20/2022,5503.459803690885,9,0.0,1094.2788934000378
03/29/2021,04/04/2021,12395.139546814873,14,0.0,1257.7958746210013
09/08/2023,09/10/2023,3597.0331375227256,6,0.0,403.5994692827466
01/06/2022,01/08/2022,1356.6048732078225,6,0.5,108.97678751981712
03/29/2022,04/02/2022,2236.9202199754336,4,0.3,-55.67212482071135
02/11/2022,02/14/2022,9006.6988397494,12,0.0,3408.193895106625
01/13/2020,01/16/2020,2613.7127822077246,14,0.5,-44.90114499462102
07/03/2022,07/08/2022,1033.790291129804,2,0.15,260.98655295987305
07/09/2022,07/16/2022,5127.811022003679,10,0.3,-63.3213957903669
04/04/2022,04/08/2022,759.0258763177399,3,0.0,286.8755195634327
01/05/2021,01/12/2021,1117.8334208800438,3,0.0,123.12113406352653
08/07/2023,08/09/2023,780.0845069424015,8,0.15,29.363276549060615
11/27/2020,12/03/2020,5926.82085314259,6,0.0,689.7381274497405
09/17/2020,09/22/2020,665.1321174323309,7,0.0,87.14723846166045
05/13/2023,05/19/2023,1592.2805748510748,9,0.0,391.7798284198132
11/27/2021,12/04/2021,485.03363016749836,1,0.0,163.20553830511278
11/17/2021,11/22/2021,1733.2382304181879,2,0.0,321.4885655882802
08/07/2022,08/08/2022,1630.4544122331595,9,0.5,120.21837100648969
01/21/2021,01/27/2021,3854.550930280162,5,0.0,1280.5523281442904
03/31/2022,04/04/2022,2717.094930332295,4,0.0,1012.0722115160185
04/12/2021,04/18/2021,578.0496927492738,1,0.1,54.802334103343114
12/09/2023,12/15/2023,6476.238150197364,9,0.15,425.23208117787846
03/09/2020,03/14/2020,211.45156324458674,11,0.2,7.745157107137163
02/01/2023,02/03/2023,9670.559685017794,13,0.2,1042.4204070953992
03/30/2023,04/06/2023,7478.4052667963715,9,0.0,1845.8484003386807
07/18/2020,07/19/2020,3753.9541898212356,4,0.0,895.2535306785896
08/03/2020,08/09/2020,5728.694436130467,9,0.2,441.7660912153195
07/30/2020,08/06/2020,5278.832960278378,10,0.4,457.114668227659
05/22/2021,05/29/2021,2332.0723082782024,13,0.15,294.9653777401949
01/16/2020,01/18/2020,326.03677620828006,1,0.0,68.41063279827029
06/02/2022,06/05/2022,1610.344016680118,5,0.0,212.0163132322215
11/27/2020,11/28/2020,118.07507841927618,1,0.0,32.78583624189704
12/17/2021,12/18/2021,2343.307080741584,4,0.2,460.65694294303705
07/04/2021,07/11/2021,1737.7102051224251,12,0.0,568.9003704335129
07/30/2022,08/04/2022,309.92037209135015,5,0.0,115.04329872105005
09/12/2020,09/18/2020,10887.693618963185,14,0.0,3590.7759090825975
09/18/2022,09/21/2022,9961.78191838071,11,0.0,1700.7062890860302
12/28/2021,01/02/2022,2299.446343456446,3,0.0,392.50755276974184
05/29/2022,06/02/2022,1654.1973814073133,2,0.0,619.5401909380869
03/25/2022,03/27/2022,2878.3942130518253,6,0.2,682.294768122785
04/10/2023,04/12/2023,9777.55761989166,11,0.0,3272.2936255849986
10/10/2021,10/15/2021,5870.316436151036,13,0.1,1560.9999002883421
09/26/2022,10/03/2022,2965.318176907771,3,0.0,534.2334941620138
04/15/2021,04/17/2021,1123.808923417544,10,0.0,398.07908371976066
11/08/2023,11/14/2023,689.4255646892145,1,0.15,46.78814407847864
11/20/2021,11/22/2021,7094.730740362787,11,0.0,1454.4572817425174
11/30/2021,12/06/2021,6082.331918405425,13,0.2,632.2119459510543
05/21/2021,05/25/2021,3278.485914986296,5,0.1,714.8398968855847
09/18/2022,09/21/2022,1178.6440616872044,2,0.3,104.93829547605647
10/06/2022,10/07/2022,1728.5104523442096,2,0.0,411.28599447522214
03/14/2022,03/19/2022,734.5086132581805,4,0.0,195.43197697695774
04/10/2022,04/15/2022,697.2229395484944,4,0.15,104.32235637167084
09/10/2023,09/16/2023,104.01937767384453,4,0.0,18.20286781255473
08/01/2020,08/05/2020,983.6682325004504,7,0.0,294.3491590339832
05/16/2023,05/20/2023,230.55711773321156,1,0.15,60.449773845926025
06/17/2020,06/24/2020,9409.73103622214,13,0.0,2293.139819838144
09/15/2023,09/16/2023,3848.0786712998797,8,0.0,1134.58658657918
07/27/2023,07/30/2023,8211.504602464312,12,0.1,1729.4166459272938
09/04/2022,09/09/2022,3195.8581807209966,13,0.5,-422.8154518884887
08/21/2023,08/27/2023,3920.2903486660803,10,0.3,301.5698971862575
05/25/2020,05/29/2020,1079.6032865488198,9,0.0,111.15136591419846
05/30/2021,06/04/2021,7009.134316463449,10,0.1,1742.2169444053716
01/18/2023,01/24/2023,9887.08846940827,13,0.0,2495.9800697889073
03/28/2021,03/30/2021,4402.803660693387,14,0.0,607.8046702834984
02/29/2020,03/05/2020,1609.40302570751,6,0.2,261.78140767220185
08/27/2023,08/30/2023,909.9385442696165,4,0.0,336.2475892257393
06/11/2021,06/17/2021,4894.207675654747,6,0.0,989.3505219047269
06/04/2023,06/07/2023,4497.220403652976,10,0.4,875.656617458992
10/20/2022,10/25/2022,3003.9756779318095,7,0.3,714.3873878283974
04/18/2021,04/20/2021,1182.8826340723224,6,0.2,278.67881250235547
01/26/2022,01/29/2022,1387.0379545145722,11,0.3,269.2795392596739
02/20/2022,02/24/2022,47.81293013029358,1,0.2,5.888812986765383
01/07/2023,01/13/2023,275.7768348036714,5,0.0,60.88113622219752
03/08/2021,03/13/2021,1405.906404553755,8,0.1,472.83332777071274
03/22/2023,03/24/2023,876.2176559999192,8,0.0,183.88205142594805
02/04/2021,02/08/2021,6726.559154318622,12,0.0,868.1422810717338
07/26/2023,07/31/2023,2551.5645856157253,10,0.3,-10.690222636641595
02/26/2020,03/04/2020,4054.4669191181833,9,0.0,1269.5334230369663
09/29/2022,10/01/2022,2392.5060470052717,4,0.0,514.1358656274394
07/04/2020,07/08/2020,6625.107278999785,10,0.0,1058.711037418099
02/01/2021,02/04/2021,3910.3182161025134,6,0.0,1345.68063851053
08/27/2021,09/01/2021,1314.4153026678582,7,0.3,126.97520911133539
02/26/2022,03/03/2022,3449.0056878958517,5,0.15,673.5644653779084
06/06/2020,06/09/2020,9093.472474878372,11,0.1,874.653889454728
10/14/2023,10/21/2023,2324.0085390069357,8,0.1,250.5891499563785
08/11/2021,08/12/2021,68.5816441210386,3,0.15,4.303965284492513
04/10/2021,04/14/2021,5761.040926604928,8,0.2,889.2906374638263
03/21/2021,03/24/2021,11646.346894861661,14,0.1,3292.3885337452984
03/11/2022,03/16/2022,181.3109280267096,5,0.4,21.700302341853693
01/01/2023,01/05/2023,7.453512970310072,1,0.5,-0.5339007528443959
07/17/2022,07/24/2022,5318.564778558296,13,0.5,560.9227341871422
01/17/2020,01/21/2020,1573.088476785205,6,0.15,89.1913707167409
12/31/2021,01/01/2022,1098.5236147476344,2,0.4,-72.26638585549576
11/21/2020,11/26/2020,1572.032962757958,7,0.0,557.7435945753788
09/21/2022,09/23/2022,5434.021340781523,9,0.3,126.75326642120758
09/04/2021,09/05/2021,140.32408865001534,3,0.4,15.777304302325623
06/29/2021,06/30/2021,2251.456022263005,14,0.4,-219.01291165277613
08/18/2021,08/20/2021,6813.783132479292,10,0.3,-149.3559009794992
07/09/2022,07/11/2022,3344.385629031573,14,0.0,945.7474833177597
04/21/2022,04/28/2022,566.7314169371629,4,0.0,87.68739746768641
05/10/2023,05/17/2023,3433.9364237930613,4,0.0,372.4588439029659
12/09/2020,12/10/2020,405.1929083003657,4,0.2,56.76105430858168
05/08/2022,05/12/2022,319.44464248112536,3,0.0,63.61936506552537
11/24/2023,11/27/2023,1650.954414238202,5,0.0,562.4423264554342
05/26/2023,05/29/2023,5175.699294401018,9,0.1,1530.188754166592
03/20/2021,03/21/2021,6672.523808882496,11,0.15,1396.7389667209447
08/09/2020,08/13/2020,4235.646700747785,8,0.4,-51.20844379874401
11/07/2023,11/09/2023,4636.770490945878,10,0.15,758.0563125960155
08/14/2021,08/20/2021,639.173774229385,2,0.2,134.65909059593596
10/27/2022,10/28/2022,3944.650581534102,12,0.1,279.25193642950956
07/19/2023,07/24/2023,5345.132317514005,9,0.3,265.9156638148909
10/14/2022,10/18/2022,8718.925876654066,12,0.0,3022.94672729538
01/16/2020,01/21/2020,9063.747235878878,10,0.0,2010.4167468316894
12/18/2023,12/23/2023,1157.2741214091575,2,0.4,101.1462250493377
06/07/2021,06/08/2021,1826.9494499516675,7,0.15,98.47314305972863
03/13/2022,03/17/2022,2271.103854433782,5,0.15,586.2032291546719
01/21/2020,01/26/2020,8261.533790785401,13,0.0,1075.1530910558406
08/15/2020,08/22/2020,1205.4732011608507,7,0.0,432.11100204399173
10/04/2022,10/11/2022,282.661036135807,5,0.1,23.172640347294028
08/04/2023,08/08/2023,10429.035299689924,12,0.0,3830.2491525694486
03/19/2022,03/22/2022,3241.0096538869166,6,0.0,677.795467637717
03/03/2023,03/09/2023,4600.53179357151,8,0.0,1322.0052256342076
07/30/2023,08/04/2023,503.42868177630777,1,0.1,153.02478256932187
02/07/2021,02/12/2021,8369.392630517217,13,0.15,234.94915777227217
12/25/2022,12/29/2022,847.2580887937256,11,0.5,-59.55550927745826
03/12/2021,03/19/2021,6827.882917820181,13,0.15,2031.3053852119135
04/08/2022,04/14/2022,3988.1916182795717,12,0.3,265.02657245836065
07/22/2022,07/25/2022,808.1897201213824,1,0.1,211.67521453732851
09/15/2020,09/20/2020,2228.805096198789,5,0.15,149.3380026902289
04/12/2020,04/13/2020,943.505624333424,1,0.0,286.3647888292219
09/19/2022,09/26/2022,1079.1613927143228,3,0.0,131.60189581870765
02/07/2022,02/11/2022,8705.031833934816,10,0.1,2308.553044776692
01/29/2023,02/02/2023,7887.65731749765,9,0.0,1554.9844871230255
05/06/2023,05/13/2023,6590.311356585613,14,0.2,921.0243292402798
03/23/2022,03/28/2022,4214.022157634262,13,0.1,420.8883338399497
08/13/2020,08/16/2020,1872.6042070023677,7,0.3,259.08360324129774
07/31/2022,08/05/2022,4650.147393562253,12,0.5,-226.60034029628756
04/07/2021,04/14/2021,3508.950225944124,6,0.0,754.4681668238783
08/24/2020,08/26/2020,3260.5736769170217,8,0.0,964.014292704795
11/15/2022,11/20/2022,4349.92200022669,8,0.15,342.1583325503872
02/18/2023,02/24/2023,4415.406383531609,6,0.0,1570.1302906045378
05/20/2021,05/27/2021,130.68602973152505,4,0.0,42.05292452692639
04/20/2023,04/26/2023,277.099684697738,4,0.3,34.17165627811551
03/24/2022,03/31/2022,207.08117200601677,4,0.5,-23.089567219334434
02/05/2022,02/07/2022,1150.1494426113666,6,0.2,237.0836496081928
09/25/2021,10/01/2021,389.4484813515367,1,0.1,21.587055959681532
08/31/2023,09/06/2023,9667.360803595548,12,0.0,3299.6514130573764
09/17/2022,09/18/2022,643.6584803692112,2,0.1,90.84551317822323
09/09/2021,09/13/2021,163.8180629807923,6,0.0,22.142217048136203
09/29/2020,10/05/2020,6155.455753719867,14,0.1,611.5241312865671
08/19/2020,08/23/2020,13953.27233258526,14,0.0,5426.9901998390515
12/14/2023,12/21/2023,2346.503185609241,11,0.4,310.0883436215673
02/06/2022,02/09/2022,769.3135788637134,1,0.2,54.89944173563996
05/10/2021,05/15/2021,844.0373506616967,9,0.15,265.06138244187474
11/13/2022,11/14/2022,1305.8543615490125,12,0.4,-75.69345474547009
02/06/2023,02/13/2023,4361.285096665508,6,0.0,1395.8648988458583
05/16/2021,05/18/2021,3543.4022713669942,7,0.0,1052.4680327822948
01/25/2020,01/28/2020,7521.211737226027,14,0.3,1477.4896358361848
04/25/2023,04/26/2023,5189.536569471606,12,0.5,-184.17864458450185
10/14/2020,10/15/2020,232.7166245703818,1,0.1,39.68996867575198
12/03/2020,12/10/2020,5488.007029882756,8,0.0,1577.0891593423587
11/26/2022,11/28/2022,5870.642152967218,12,0.2,701.3170507182749
05/16/2020,05/18/2020,10355.036146802517,12,0.0,1163.9606112704384
05/22/2021,05/26/2021,4706.670905320866,12,0.1,1265.6822140782251
08/14/2020,08/19/2020,736.2207168426407,12,0.0,215.18540268423837
11/15/2020,11/22/2020,4164.798715198465,12,0.4,112.92370193392485
07/04/2022,07/07/2022,4796.447679636366,5,0.0,915.3966113462612
04/20/2023,04/25/2023,85.69703698559913,5,0.3,3.960724359533377
03/26/2020,03/29/2020,3469.975719535221,14,0.0,1118.4029714816832
07/14/2022,07/15/2022,1937.4426723868728,6,0.0,617.5564878297133
02/22/2020,02/28/2020,3226.3580958506764,7,0.4,470.0014130077043
05/09/2022,05/15/2022,2310.309072704362,7,0.0,759.2926147879098
05/16/2022,05/23/2022,1110.1186105395784,5,0.1,307.92831987953326
06/12/2023,06/14/2023,652.0724343223707,1,0.0,114.45955912055946
03/08/2021,03/10/2021,492.2828774282285,11,0.2,15.006636228213734
09/25/2022,09/26/2022,1610.0180222324354,9,0.0,528.9322652615589
04/09/2020,04/10/2020,2483.6995582964955,6,0.0,321.85121538737013
09/16/2022,09/19/2022,4000.58578801877,13,0.15,1278.720923782741
08/21/2021,08/22/2021,3183.2474489237657,9,0.0,1154.0124483496172
02/06/2021,02/13/2021,1292.1640928731165,11,0.0,336.01238736605075
01/30/2021,02/02/2021,1175.1411816169557,4,0.2,124.15962325206782
02/18/2021,02/23/2021,1440.0231196886796,2,0.1,299.6010016478156
07/27/2022,07/29/2022,5456.1748771324765,13,0.0,1747.5612519165286
11/07/2021,11/09/2021,6522.919676291186,13,0.15,1643.116901583857
04/07/2021,04/13/2021,309.4985074034598,3,0.4,-24.109995751785544
06/24/2021,06/30/2021,948.1709980066839,12,0.0,323.75889292252396
10/19/2023,10/26/2023,3172.163333444082,4,0.1,769.0882230011473
02/27/2023,03/01/2023,2704.470961475994,10,0.2,32.92391623035854
03/24/2020,03/31/2020,4282.006328849417,12,0.0,830.4881124583711
09/27/2020,10/02/2020,7031.287767872559,8,0.0,1780.2686996282694
08/31/2020,09/05/2020,2132.0809062589697,3,0.0,333.7462391120883
01/22/2021,01/26/2021,4855.6805368175155,8,0.2,226.13952437442998
08/01/2020,08/04/2020,4111.100695955916,6,0.0,428.7234613101334
03/28/2022,04/03/2022,321.2561025621388,4,0.3,71.7895560090731
04/04/2023,04/07/2023,11405.148767863418,14,0.15,477.1045914505486
02/28/2020,03/05/2020,6370.314469796538,7,0.0,1336.5138032585849
06/01/2022,06/05/2022,3072.609862095563,14,0.1,343.3072817107575
04/22/2022,04/24/2022,4432.748370778216,11,0.5,320.53172733399015
07/12/2022,07/19/2022,5398.932073370508,13,0.0,1685.305786058829
05/02/2020,05/05/2020,3434.646490929191,5,0.0,1174.1913425390253
12/07/2023,12/13/2023,739.2746217141822,5,0.15,155.27908261477063
03/08/2023,03/11/2023,4888.518373348709,9,0.0,1356.5440408166726
06/06/2023,06/08/2023,1759.5517753359907,13,0.0,390.85489218365706
07/21/2023,07/28/2023,1622.4164811136043,3,0.0,471.97330099835773
03/14/2021,03/15/2021,2511.5801649664068,10,0.0,337.9624351253954
10/18/2022,10/24/2022,1831.767453924506,4,0.0,559.3372530809593
07/15/2021,07/16/2021,2349.5138572594024,5,0.3,-44.24292631171794
04/27/2020,05/01/2020,439.1519179220063,1,0.5,47.65763159584204
06/23/2022,06/30/2022,1215.4527913809768,7,0.0,305.93535250685534
01/29/2021,02/03/2021,7154.69139410817,8,0.0,1853.831133616916
05/25/2022,05/28/2022,2376.8236286881033,6,0.0,654.7133733705921
07/23/2022,07/29/2022,7608.227426278399,9,0.0,2532.137914716689
01/06/2023,01/09/2023,1552.2673177007564,3,0.0,378.04102394803215
08/09/2022,08/13/2022,1727.172972090621,2,0.0,394.2728664066467
12/06/2023,12/10/2023,1998.587480534993,5,0.4,-26.980856975789305
03/15/2020,03/18/2020,6677.176729737808,13,0.0,924.2000849044525
10/21/2020,10/27/2020,2874.7192200329296,9,0.0,451.62633036964695
01/21/2020,01/28/2020,10661.419964167157,11,0.0,1067.8302653797437
04/09/2023,04/11/2023,802.8886810897536,1,0.0,289.7035081394298
11/04/2022,11/11/2022,271.1627193243771,1,0.3,48.67032359301862
05/19/2023,05/21/2023,1750.563571284556,10,0.0,289.9016051996035
07/13/2021,07/18/2021,1172.6100966110412,3,0.5,-175.05072118242478
01/14/2023,01/21/2023,9900.448449328107,10,0.0,2451.696477140947
03/18/2023,03/21/2023,729.7722708490957,3,0.15,108.56965093791808
01/06/2021,01/09/2021,2291.7611040291144,5,0.5,189.76237177386665
03/28/2022,04/03/2022,536.4679941281639,4,0.0,118.4889627091967
03/20/2023,03/23/2023,5716.105150256013,6,0.0,2053.418415872223
03/10/2023,03/16/2023,7179.701023858875,12,0.2,206.4269494033853
12/28/2022,12/31/2022,2825.0421357685314,8,0.0,592.5735663893789
07/07/2023,07/11/2023,2118.7814276982463,8,0.15,646.6145248925912
04/25/2022,04/26/2022,7117.0110043995355,11,0.0,736.7450557933076
06/04/2021,06/07/2021,2390.288275424452,4,0.0,519.2586410515332
01/05/2021,01/06/2021,919.7473344787496,1,0.0,163.63314780836495
12/13/2023,12/15/2023,5994.929482363552,13,0.4,357.047309409201
04/10/2020,04/15/2020,7629.457133874626,14,0.0,1400.9975193094172
10/22/2021,10/29/2021,12996.062567897612,14,0.0,4691.220072930207
08/25/2022,09/01/2022,3759.860947625286,7,0.1,1245.0459032099095
08/30/2020,09/01/2020,5107.127923824423,6,0.0,1811.7040362814464
01/22/2022,01/25/2022,4212.666127884389,5,0.0,924.976591165134
05/26/2021,06/02/2021,3680.0116414401637,4,0.0,1460.8914985723893
04/28/2022,05/04/2022,369.24485263830496,6,0.2,81.42251292471065
07/08/2021,07/10/2021,3998.2740046177078,8,0.15,526.5034402550286
01/23/2023,01/27/2023,2842.251991556032,6,0.0,364.1147814496368
08/13/2020,08/14/2020,1486.9108788900774,3,0.0,446.2426598617976
08/01/2020,08/07/2020,3769.0231304304075,9,0.1,1012.2474213380264
12/18/2021,12/25/2021,2013.820854067482,3,0.2,73.98322667454116
03/07/2020,03/13/2020,1300.9942737710776,4,0.0,344.660581108328
01/30/2021,02/02/2021,6085.606420575248,13,0.0,2410.6693340867073
09/03/2021,09/07/2021,1043.378587360374,5,0.0,206.45606594894576
11/01/2022,11/02/2022,2423.514855307307,11,0.15,280.0819928654961
06/14/2023,06/18/2023,663.8158825104363,2,0.5,80.31551499101151
02/08/2022,02/10/2022,1383.4323675497087,11,0.0,187.07438375276095
11/23/2023,11/26/2023,1959.4359288473056,10,0.0,744.6997920888979
02/10/2021,02/16/2021,5860.29635373161,11,0.0,1956.4371885036717
07/13/2022,07/19/2022,533.3529768338338,10,0.0,115.87206635478113
10/08/2021,10/10/2021,271.3154588523753,2,0.0,33.931874170797954
08/09/2020,08/15/2020,3112.989874477493,6,0.4,-293.39194161651466
03/25/2023,03/30/2023,11867.59417391864,14,0.0,2524.8230525584286
10/15/2021,10/18/2021,566.8773503944198,2,0.2,119.95469131783207
03/03/2021,03/05/2021,3545.114021580726,10,0.0,873.015397337721
03/27/2023,03/30/2023,656.0052063399545,1,0.3,112.567585889985
09/03/2022,09/04/2022,256.1956393053816,8,0.1,64.34898015195047
12/10/2023,12/13/2023,5844.92557954418,10,0.0,1589.072523707596
10/02/2022,10/05/2022,5051.900055302688,14,0.4,961.1225922954891
09/11/2023,09/12/2023,7900.081965098447,10,0.0,2516.2972165581295
01/05/2021,01/07/2021,11141.126224773185,13,0.1,3614.0034765003466
09/29/2023,10/02/2023,253.58851782103733,1,0.3,5.743315683134734
07/09/2023,07/13/2023,4434.551387214412,10,0.0,1392.856617790245
07/30/2023,08/02/2023,8499.777246008693,14,0.1,1949.3462151169392
04/29/2022,05/01/2022,4063.915405707087,6,0.3,923.6825739281492
05/05/2022,05/11/2022,5351.306581196042,12,0.5,16.781190602000184
08/16/2020,08/23/2020,7508.283700258255,14,0.2,629.888042424696
10/06/2020,10/07/2020,858.1563359543119,1,0.0,184.89123124670604
08/06/2023,08/12/2023,641.5962287611488,8,0.15,58.16001908963627
12/06/2022,12/08/2022,4293.583542341342,14,0.2,283.3417349797741
09/01/2022,09/06/2022,97.58667565289952,5,0.15,16.21173051203439
05/22/2023,05/29/2023,389.9647833445158,3,0.3,84.92288457530132
01/27/2022,02/02/2022,3170.9382274518894,5,0.0,499.615572931638
11/13/2022,11/16/2022,11527.178097452292,13,0.0,2148.2164793463585
11/16/2020,11/23/2020,540.9846308580959,1,0.15,151.96065604554235
09/30/2020,10/03/2020,333.74836296924053,1,0.5,-16.094386266527987
07/09/2021,07/10/2021,1353.4006704436783,12,0.0,526.099350093426
04/23/2022,04/26/2022,4677.483202029722,14,0.5,-324.2614575514373
08/29/2023,09/05/2023,1103.5278004691977,4,0.4,36.02248724476719
10/18/2023,10/22/2023,3536.5994780364276,9,0.4,-252.21972949040014
10/29/2021,11/02/2021,2796.4555788500443,14,0.4,552.7271035038218
09/26/2022,10/02/2022,3689.7278181531915,9,0.3,800.8281686179424
01/14/2021,01/16/2021,300.8800227038756,1,0.3,58.752443626966276
12/11/2021,12/12/2021,1435.779246445811,3,0.15,103.66719730591814
01/15/2022,01/20/2022,2023.0421009045258,13,0.0,790.619858653665
11/05/2021,11/11/2021,4822.399260973347,12,0.0,1826.4614681159253
04/25/2020,04/27/2020,1522.143482737142,4,0.0,351.1606820890792
08/27/2021,08/28/2021,1478.0611508925604,2,0.0,450.0564788726904
12/01/2022,12/08/2022,4965.417931798694,7,0.0,1974.9330552079175
01/13/2021,01/14/2021,1637.5861761912354,3,0.4,37.539314544764125
05/14/2023,05/21/2023,540.3747809063108,1,0.15,31.835481359158685
04/10/2021,04/16/2021,321.4016584955386,1,0.0,115.81185214909885
10/06/2020,10/08/2020,1884.9417998471472,3,0.2,269.44401502721433
09/09/2021,09/11/2021,3012.166002589741,6,0.0,1193.0913516961898
04/27/2020,04/30/2020,806.233114091151,4,0.0,213.86773132154002
06/14/2023,06/19/2023,524.9561475506986,1,0.3,-21.605472611770622
11/04/2020,11/08/2020,988.442572334257,7,0.0,244.65741667079385
04/09/2020,04/12/2020,316.83205648723543,2,0.15,76.17233174845023
09/17/2020,09/18/2020,9134.020429809549,12,0.0,984.7296857995893
09/19/2022,09/24/2022,3475.9946120875884,5,0.1,604.9433816538823
08/21/2023,08/26/2023,4440.091354250569,8,0.3,-14.794117385369564
10/09/2023,10/11/2023,2102.7431122106113,7,0.0,615.9545344872217
10/12/2020,10/17/2020,4773.56870538792,11,0.5,654.9515493797802
11/23/2020,11/29/2020,8705.297455229425,12,0.0,2501.6889595829143
01/31/2023,02/05/2023,6016.519695281955,8,0.1,1555.049606649014
03/03/2020,03/04/2020,5549.851553215484,13,0.4,105.27441334086353
11/17/2021,11/23/2021,3502.8029649532627,10,0.4,241.49115514001255
07/29/2023,08/04/2023,1656.211534015908,14,0.0,435.84417689514964
08/09/2023,08/12/2023,7852.095348156727,11,0.0,2574.5599698482997
01/07/2022,01/12/2022,3329.069604977291,6,0.2,855.8155554738883
10/27/2022,10/29/2022,2235.5635536779423,7,0.0,668.1334525531998
09/30/2021,10/07/2021,6646.154142203656,9,0.0,2618.203512462896
07/24/2022,07/27/2022,2663.760037905669,6,0.2,661.9084559603662
01/20/2023,01/22/2023,4566.878626879645,9,0.1,399.11790340560384
04/28/2023,05/03/2023,4861.072215972121,13,0.0,1226.169589412532
04/20/2021,04/23/2021,1507.4062911208225,12,0.0,559.2037533291697
02/22/2020,02/27/2020,269.71100794479497,2,0.4,49.40578666944053
01/23/2022,01/24/2022,8521.133871669808,13,0.15,1184.964056847639
04/30/2021,05/03/2021,445.96341598708,2,0.2,97.09123868088223
10/19/2023,10/21/2023,171.22733309157562,14,0.0,38.211715792220225
02/09/2023,02/10/2023,1994.0944938404693,2,0.0,273.38620071640116
02/12/2021,02/16/2021,1311.452469071203,6,0.0,479.1829509097616
10/27/2022,10/29/2022,1185.8927712870418,2,0.1,390.8535799852255
10/29/2021,11/05/2021,2782.9583535877314,3,0.0,699.7057475979797
05/05/2023,05/10/2023,7063.472605264892,13,0.1,391.9678410845048
04/14/2022,04/16/2022,5126.657977175122,8,0.2,1255.0616262888177
05/25/2022,05/29/2022,6250.291168174892,8,0.2,894.3423493865324
01/01/2021,01/03/2021,9479.357708375366,11,0.0,1161.3019626600599
09/28/2022,09/29/2022,5398.3204587991495,12,0.2,306.71877501224986
09/06/2020,09/12/2020,1258.2240640026682,4,0.15,88.87566594350697
06/17/2023,06/19/2023,4388.75824205088,9,0.0,1342.4494334768822
01/14/2021,01/17/2021,6747.263252069111,8,0.0,1280.7847257705264
05/21/2022,05/28/2022,726.5979044417637,1,0.15,45.998846299717925
04/14/2022,04/18/2022,6779.17098507824,8,0.0,2544.1865877005644
02/13/2022,02/15/2022,601.2521587225109,1,0.0,232.66012510776545
07/07/2022,07/11/2022,1928.745434320147,4,0.0,273.0578180038829
03/30/2021,04/05/2021,3182.2467553470515,10,0.0,538.0248646826776
12/31/2020,01/01/2021,39.98173989033002,6,0.5,1.1049439949441238
08/06/2023,08/09/2023,4294.3063416531395,7,0.2,193.89804377096203
02/06/2021,02/11/2021,2558.054674925227,10,0.1,249.60860017717846
02/27/2020,02/29/2020,2623.7727081655753,13,0.4,2.5524389433309915
06/04/2021,06/05/2021,2873.15780283515,4,0.15,889.9637895006825
08/20/2023,08/24/2023,395.0633315289243,8,0.2,114.0676861489568
02/12/2023,02/18/2023,7426.753025142913,8,0.0,2618.2013317903898
07/28/2020,08/04/2020,142.98862049792902,14,0.1,36.99314014407561
11/30/2022,12/04/2022,13156.883931480128,14,0.0,4160.233141273936
03/26/2022,04/02/2022,6442.952686416151,14,0.0,1551.925951893027
06/21/2020,06/27/2020,999.9125901027126,9,0.0,259.0237452284579
08/21/2020,08/28/2020,9483.876549962857,14,0.0,2753.5088662839903
03/03/2022,03/09/2022,5381.387168784057,6,0.0,1718.7396751933918
03/03/2022,03/04/2022,1774.7683547165752,4,0.0,229.04069214580215
11/27/2023,11/29/2023,972.2220549865034,2,0.3,16.98093045780287
11/28/2022,12/03/2022,6856.983650911807,7,0.0,2666.5640809469737
04/28/2020,04/30/2020,1738.0567083311248,10,0.3,87.84604340215873
11/30/2020,12/03/2020,2096.724654001326,3,0.15,221.29306537956563
09/21/2023,09/23/2023,2992.618908711678,11,0.1,528.4168765743652
01/02/2023,01/08/2023,5616.964911873359,13,0.0,1051.9239853831857
04/29/2023,05/05/2023,2080.427110648475,12,0.4,-151.1345877031392
11/19/2020,11/22/2020,1354.6548928493435,3,0.0,219.98015874188937
10/07/2022,10/11/2022,38.34726236519921,3,0.15,8.323194273192744
03/16/2023,03/22/2023,1055.375160113694,4,0.15,97.0467770680758
10/10/2020,10/13/2020,901.6822465966376,2,0.0,265.36522854848744
07/31/2020,08/06/2020,8266.931164297455,13,0.0,1074.9016771382283
07/17/2022,07/22/2022,8332.841104433946,13,0.0,937.968800599743
01/21/2022,01/27/2022,2057.817168000258,5,0.3,428.9937722310722
11/18/2023,11/19/2023,630.2131737223852,3,0.3,112.18289755522491
12/04/2020,12/07/2020,5687.5816366583285,10,0.4,567.6678818731062
11/11/2022,11/18/2022,1990.250627518442,5,0.0,217.47422807457446
04/14/2020,04/16/2020,2696.7000219200067,12,0.0,463.30973084471924
12/26/2023,12/29/2023,7266.581533526997,13,0.0,2497.4826400839074
02/08/2022,02/12/2022,3156.045409364838,7,0.4,-178.6312248790189
12/16/2021,12/22/2021,199.00113384639207,9,0.0,68.42774024157893
02/01/2022,02/04/2022,567.1611346431839,2,0.0,156.1224823492205
05/29/2023,06/03/2023,4464.331599999759,9,0.4,545.1418099989136
01/13/2021,01/16/2021,4607.5579420656795,10,0.1,1121.2590095138594
05/30/2023,06/04/2023,2237.7784762842207,6,0.1,391.8280159580774
07/05/2023,07/11/2023,11179.107201437864,12,0.0,2097.1245452568896
12/13/2021,12/15/2021,591.8384769096618,6,0.0,178.62795141993467
10/22/2023,10/28/2023,4088.135691882466,11,0.4,580.8172365156513
10/04/2023,10/08/2023,941.6704385196159,3,0.1,59.72054225918443
08/12/2020,08/13/2020,1121.6123003399505,14,0.0,239.9943899561001
01/07/2022,01/09/2022,2216.0706352471198,10,0.0,454.7796562129783
08/23/2020,08/25/2020,8211.50045153245,13,0.0,2199.3785628663923
07/01/2020,07/02/2020,307.752732579696,9,0.1,25.90586085277719
12/12/2021,12/15/2021,2385.3053089418295,4,0.0,906.4776132365554
03/19/2021,03/25/2021,4068.4481472718076,5,0.15,771.1868792925395
09/14/2021,09/17/2021,2152.2917747157303,3,0.1,704.0702574949568
10/26/2022,10/29/2022,1408.564434162029,5,0.2,345.21417887986973
06/13/2023,06/19/2023,1174.604559183938,8,0.0,184.9904203360643
02/24/2023,02/28/2023,3010.6482532726327,8,0.2,119.52786485988514
02/01/2023,02/03/2023,5027.66374088943,14,0.1,1550.4061680899677
01/18/2022,01/23/2022,7776.125043388908,8,0.0,2028.2472143199452
06/03/2020,06/04/2020,2969.9081218900133,6,0.5,-427.89597408438334
09/13/2020,09/15/2020,416.47880976055325,1,0.0,158.37357424700426
08/22/2020,08/25/2020,1557.2318225769109,11,0.1,298.8460540840958
05/14/2021,05/15/2021,9115.03454146476,10,0.0,1734.4168897226007
10/15/2020,10/20/2020,8592.554011431494,12,0.1,1761.2962336388696
05/24/2021,05/26/2021,2787.2719087813593,6,0.1,827.4727893020755
12/09/2021,12/11/2021,4460.413159019879,12,0.0,593.6266659113677
02/23/2022,02/27/2022,4241.946983176877,11,0.15,562.8209783948328
06/12/2022,06/14/2022,7674.330090192504,10,0.15,925.9846838292037
02/14/2022,02/16/2022,1079.6632744010574,7,0.2,271.96162504285985
10/24/2020,10/29/2020,11322.019602771308,14,0.0,3776.3484878961244
05/16/2020,05/21/2020,252.0785384899545,9,0.0,55.46514593302164
01/10/2021,01/11/2021,9397.935986748775,12,0.15,2108.3939791198486
03/27/2020,03/30/2020,4042.3544547979495,8,0.0,882.5819812385662
12/13/2023,12/18/2023,2192.39125452706,11,0.15,430.57282017761577
05/07/2023,05/08/2023,153.9352534681271,12,0.0,61.168418632693324
03/12/2021,03/14/2021,4511.608032458612,8,0.0,1176.0514237537893
08/26/2023,08/27/2023,1235.0106600857746,7,0.3,304.519566996848
07/28/2023,07/29/2023,1015.9227082411759,2,0.2,227.7289618895594
09/08/2023,09/09/2023,245.10395034189773,1,0.15,15.004451829892478
02/02/2022,02/08/2022,136.00130445765447,2,0.3,25.675665947259823
12/02/2021,12/03/2021,2448.005345016594,6,0.2,118.44843371776132
07/30/2022,08/04/2022,6655.438283425577,13,0.1,1395.635974056956
05/31/2020,06/07/2020,458.06412528415524,2,0.5,15.562073780427866
08/18/2023,08/25/2023,3939.36918968511,10,0.15,1152.9317793590883
07/25/2023,08/01/2023,2018.7623305114516,4,0.15,177.9079989911917
10/28/2022,11/04/2022,5310.8997431605185,10,0.0,1926.7021324582713
03/17/2022,03/23/2022,254.2353542532568,3,0.4,45.850871428141005
08/22/2020,08/25/2020,1230.6887401210922,6,0.0,156.10819668563275
11/05/2021,11/06/2021,1804.4775721771148,12,0.0,659.6908993481709
07/14/2021,07/18/2021,8356.351516770581,12,0.0,1485.3750293670641
08/18/2023,08/25/2023,6933.061564588852,13,0.0,861.7815271158368
02/07/2020,02/09/2020,6097.792012138666,14,0.0,2363.335316381784
03/05/2023,03/12/2023,4481.991389792676,8,0.3,303.25622638016466
04/01/2022,04/08/2022,3109.218268075893,11,0.15,658.8279651664428
02/24/2021,02/26/2021,3434.5535787603085,6,0.0,913.117063534044
05/27/2023,06/02/2023,133.8616407604743,2,0.2,8.561064664632298
12/13/2020,12/15/2020,3361.3201934408735,5,0.1,843.2534505492134
01/07/2023,01/09/2023,6912.581151637597,11,0.1,441.26113872775824
01/17/2022,01/23/2022,10456.62582905087,13,0.0,1682.768878572039
09/29/2020,10/01/2020,3719.6510334328295,6,0.3,868.1632975507526
03/30/2023,03/31/2023,6844.03186160218,9,0.0,2642.1539497332074
11/03/2020,11/10/2020,5076.269947356125,6,0.0,1242.6534082770247
10/29/2023,11/01/2023,3521.9805297210733,10,0.0,530.8382647462312
09/02/2022,09/08/2022,1399.6159535791612,5,0.2,177.03184913206212
01/02/2022,01/06/2022,803.1291399456954,1,0.15,231.39857170259563
10/29/2022,11/04/2022,9154.287909629427,10,0.0,1108.421469028291
03/19/2021,03/24/2021,2765.0618384708514,5,0.0,382.5755407634042
02/10/2023,02/14/2023,1584.7960890346574,5,0.15,465.4480403995002
05/13/2023,05/18/2023,4423.441726276683,6,0.15,661.8133232650157
02/08/2021,02/14/2021,2311.2391477216474,7,0.0,288.99175339795573
05/02/2022,05/07/2022,1475.0984617960494,13,0.3,-12.150794407586115
05/05/2023,05/09/2023,4180.135363660264,13,0.5,479.60554603840467
02/16/2022,02/17/2022,208.782366542549,4,0.0,51.57571918772928
04/24/2020,04/30/2020,2427.4585887603857,7,0.1,240.071509199069
02/18/2023,02/24/2023,4047.935887688379,5,0.0,1490.5225590822565
03/05/2020,03/07/2020,1450.8673619323508,6,0.2,367.9162656119675
07/23/2023,07/29/2023,3728.009297131192,4,0.0,398.55030945009224
04/04/2022,04/11/2022,11475.197039405652,12,0.0,3147.6124932517787
08/26/2020,09/02/2020,5233.012081647794,8,0.2,383.58499302947894
10/28/2020,11/03/2020,6222.931380553495,9,0.3,684.1537033135418
11/16/2023,11/17/2023,1070.9129407926466,2,0.0,196.8129153529452
08/26/2022,08/28/2022,6882.0906794109815,12,0.0,1340.37583051319
01/03/2021,01/06/2021,9215.856618295511,11,0.0,2585.561655106564
08/20/2020,08/25/2020,1692.7824909827125,4,0.15,315.97097664373274
07/13/2020,07/17/2020,3631.3446995297018,11,0.2,430.5239456927304
06/25/2022,06/28/2022,4453.963597892114,8,0.1,366.4293291422617
11/01/2022,11/03/2022,4759.79699333083,8,0.1,1622.2681369832337
07/09/2022,07/16/2022,5424.385417050274,9,0.2,284.1383405117344
11/19/2021,11/26/2021,1813.1004637762082,3,0.1,435.0265743253542
06/25/2020,07/02/2020,636.0248907140909,1,0.15,31.68894086465708
08/04/2020,08/05/2020,5490.294000856906,9,0.1,1408.226644614256
10/31/2022,11/07/2022,339.9485502806239,1,0.3,-7.32523345294535
09/21/2021,09/25/2021,430.7557154793168,3,0.0,72.73418050409586
06/12/2020,06/17/2020,2362.7663899377176,3,0.0,694.8791041570462
02/22/2020,02/28/2020,364.242238864256,9,0.0,67.34130821661542
08/05/2020,08/11/2020,694.8025635906083,1,0.3,76.32770553330636
09/25/2022,09/28/2022,5811.217335281982,7,0.0,798.1801035577347
04/03/2022,04/08/2022,1348.403003802984,2,0.0,216.71554891566598
10/15/2023,10/17/2023,3384.2924644756804,7,0.5,237.34981340461695
01/19/2021,01/24/2021,369.8073471849883,1,0.4,-33.082352107275895
02/25/2020,02/26/2020,428.1455875898797,13,0.5,-49.86180817590618
04/27/2020,04/30/2020,5637.883522743749,10,0.0,927.3574509062322
06/18/2022,06/21/2022,1991.025006602614,10,0.3,-87.49127790795718
06/30/2023,07/01/2023,3006.2620216367395,8,0.0,386.6462098613597
03/08/2022,03/13/2022,4649.893042915286,10,0.0,857.5213865504359
02/18/2022,02/25/2022,10099.111606023644,13,0.0,1291.4262747080004
10/12/2022,10/13/2022,4571.09930004522,10,0.1,1416.2903411117873
03/13/2022,03/20/2022,959.866975833656,2,0.0,115.01331242730825
04/24/2022,04/28/2022,834.1715241839546,3,0.1,257.17100160151324
04/18/2023,04/19/2023,5335.840490454924,14,0.3,1050.4030250311316
12/09/2023,12/16/2023,2047.2555671276996,8,0.0,266.61097733953756
06/12/2023,06/17/2023,805.1516317624371,3,0.0,86.60001151392468
05/04/2022,05/11/2022,759.6861873930752,1,0.0,87.36209169808318
12/08/2021,12/09/2021,1885.2576760655952,9,0.4,145.37866579896803
01/08/2023,01/10/2023,487.0854096777659,8,0.0,146.66438191167438
01/22/2020,01/28/2020,1400.962052144124,4,0.0,400.94975981557144
04/22/2022,04/23/2022,5137.491886303622,8,0.0,1348.2990687492431
01/21/2023,01/27/2023,7995.28816194338,14,0.3,19.230484469770804
07/10/2020,07/11/2020,4811.586572892189,5,0.0,1695.0553976437584
10/15/2022,10/20/2022,2246.2746517806786,3,0.0,445.3609703615658
01/31/2023,02/04/2023,434.5630933226685,1,0.0,172.0233035733223
01/30/2021,02/03/2021,2785.765586357463,13,0.3,182.3488033866124
10/27/2022,11/02/2022,1383.3369026918049,10,0.0,247.48098214611255
10/01/2021,10/06/2021,2683.490672932026,5,0.15,787.0013822368506
10/15/2022,10/22/2022,5662.62929064708,11,0.0,1530.1797471887724
07/20/2021,07/25/2021,2042.7735038390995,6,0.5,135.9570603012
08/18/2020,08/23/2020,881.1425696058681,4,0.1,152.01439448975702
05/23/2022,05/25/2022,1965.9259722516342,7,0.15,572.2312178044516
07/27/2021,07/30/2021,897.5231880109579,3,0.0,336.85621646381446
08/27/2020,08/28/2020,5597.7272662686655,7,0.0,1293.2467330585189
03/30/2020,04/04/2020,2513.2452340059863,14,0.0,432.8239329862524
08/19/2020,08/24/2020,520.529286476113,1,0.15,114.15280924495079
04/01/2021,04/06/2021,212.9451296053048,7,0.5,29.040455964585263
08/20/2020,08/24/2020,554.0323001427024,1,0.0,158.85986312813372
12/19/2020,12/24/2020,666.8010075592807,13,0.3,157.54289463182167
10/01/2022,10/02/2022,2025.2960736811822,11,0.0,411.4234838359244
09/18/2023,09/25/2023,73.13702941981595,1,0.4,12.764146534782899
03/14/2021,03/21/2021,706.5162006891845,2,0.0,94.5107072976949
10/30/2023,11/04/2023,700.5882070613036,2,0.0,145.47736936476102
08/08/2023,08/09/2023,3312.620351683895,4,0.0,822.6606775770804
12/10/2020,12/12/2020,2427.6779994139238,13,0.2,475.66247980946264
10/25/2021,11/01/2021,76.41829948498977,1,0.2,6.7432862732341645
12/22/2023,12/25/2023,2429.906691623954,4,0.0,916.7352473981234
10/18/2021,10/22/2021,1243.0371466872123,2,0.1,399.075662310187
05/09/2020,05/10/2020,1207.501519444957,4,0.0,410.3102043556664
05/20/2020,05/27/2020,2427.1439007910535,4,0.0,325.9866815829295
02/18/2021,02/25/2021,7004.664020939198,9,0.0,864.9869446749555
01/21/2023,01/27/2023,2868.0270184513442,9,0.1,571.9976925293938
09/17/2021,09/19/2021,477.0902713804026,1,0.1,133.39593160029864
10/10/2020,10/13/2020,620.6677637423874,5,0.2,22.94656381980866
08/10/2020,08/13/2020,187.09786513307992,7,0.2,36.00347420402989
01/13/2022,01/16/2022,3926.217180250885,4,0.0,1014.3641895952671
04/07/2021,04/08/2021,2944.6420034976604,12,0.2,641.3336818334178
07/23/2023,07/25/2023,1430.565151073017,5,0.0,329.9063029655005
03/09/2023,03/14/2023,1557.6202909461708,2,0.2,323.9678542421463
12/22/2020,12/28/2020,2192.8535655764563,3,0.0,324.28488986587087
11/12/2022,11/14/2022,3300.891490742039,7,0.2,212.50572314167678
07/17/2023,07/19/2023,6320.97145028181,10,0.1,2029.033220744701
05/08/2022,05/15/2022,9266.754913369832,13,0.0,1842.346920543262
10/26/2021,10/28/2021,4555.930002865814,7,0.15,1460.8669030154144
09/18/2023,09/19/2023,306.069356422883,4,0.0,34.84947908225099
10/11/2022,10/17/2022,5024.4372670207085,12,0.0,1249.8928040411663
03/25/2020,03/26/2020,256.8521624564833,1,0.15,31.463400849006014
09/12/2021,09/18/2021,55.904759492284796,1,0.3,13.908517783102667
11/20/2022,11/26/2022,1673.8920275118578,4,0.0,664.5525884427004
08/27/2020,09/03/2020,2480.047002236061,4,0.0,423.02902645040825
12/28/2020,12/29/2020,1008.2485971432428,6,0.1,131.25084206208035
04/01/2022,04/07/2022,1856.2600348714027,7,0.15,463.88247452913333
11/13/2023,11/15/2023,5785.012023281842,9,0.0,2122.534387054907
10/29/2021,10/30/2021,3676.24788918434,9,0.3,548.1620007386778
08/15/2023,08/21/2023,7830.878476873426,10,0.1,2422.9731473285933
10/26/2023,10/29/2023,9519.823919446555,12,0.0,1132.7423011836827
04/08/2020,04/09/2020,11591.459301158031,12,0.0,3386.5438771181553
02/16/2020,02/23/2020,3006.106885061217,5,0.0,932.0472477027611
04/18/2022,04/22/2022,5962.602888353836,10,0.15,489.50417075038115
02/25/2021,02/26/2021,9480.913158488847,11,0.0,3160.8517141982775
03/02/2020,03/03/2020,1262.3887805655231,3,0.5,168.25060974810896
02/06/2023,02/07/2023,2164.603276817916,3,0.0,799.5826911791291
02/16/2023,02/22/2023,2728.3696953132708,6,0.1,336.9269885778322
10/06/2022,10/07/2022,280.47481934842153,1,0.0,55.30901491648239
08/20/2021,08/24/2021,4304.373622340654,7,0.3,429.9355182570855
11/06/2023,11/11/2023,1869.3333307558366,3,0.2,88.80895202209086
01/26/2021,01/27/2021,4197.639412194472,5,0.0,1621.0693596847855
09/03/2022,09/06/2022,627.401984856075,7,0.4,-32.32438461761988
12/11/2022,12/15/2022,2251.653245851673,7,0.0,739.5034670326439
08/25/2021,08/30/2021,3294.366834533008,9,0.15,419.7960441413541
08/05/2023,08/11/2023,587.9779168042885,1,0.3,71.8016519968675
12/02/2020,12/03/2020,2145.4987343700213,3,0.2,30.363414160048908
03/20/2022,03/25/2022,1577.0364504087604,9,0.4,-60.71029341016573
05/12/2023,05/15/2023,3861.5633033213994,8,0.3,321.7353042995545
06/15/2023,06/19/2023,87.03606409103777,2,0.5,4.626607842034026
11/06/2023,11/10/2023,3323.820313992588,8,0.0,1107.7248691173372
01/21/2022,01/27/2022,3934.41933339493,8,0.0,429.017564081434
03/05/2023,03/11/2023,1305.5600274752119,2,0.15,92.36453989493802
12/01/2023,12/07/2023,5715.536092599996,8,0.2,1251.3453067679204
10/17/2023,10/22/2023,928.5580893587714,3,0.1,272.91866228837506
11/05/2023,11/06/2023,3727.230507297376,7,0.0,637.2500348269923
05/30/2022,06/01/2022,5923.861035309026,13,0.3,111.93676927434274
09/26/2021,09/30/2021,1509.3016049580594,9,0.5,-186.5363484595866
09/10/2020,09/12/2020,3942.731324169216,4,0.0,572.0437620429943
02/11/2023,02/18/2023,9647.182993517567,11,0.0,987.9175321050409
01/20/2020,01/24/2020,1820.6328034677028,6,0.0,504.2231114416679
06/11/2021,06/17/2021,4615.80091820152,9,0.0,1713.2348406208741
03/14/2023,03/15/2023,2230.2761365231177,11,0.15,155.83570503134
05/16/2023,05/17/2023,3427.7686061143895,11,0.4,429.9556390306
01/10/2021,01/14/2021,3432.4951068752603,5,0.0,933.973700833064
06/14/2020,06/19/2020,1022.3915241426256,12,0.1,339.4100291162721
04/19/2023,04/26/2023,740.7036278453191,1,0.15,195.86926505376618
05/10/2022,05/16/2022,1793.425229286353,3,0.0,638.1342458769108
09/08/2021,09/09/2021,9798.098008953195,11,0.1,2368.618135627572
09/03/2021,09/10/2021,254.4162636744589,9,0.2,61.92513123493505
09/17/2023,09/24/2023,1749.6850719332244,3,0.3,96.6890861339394
05/17/2021,05/18/2021,8734.477595492022,11,0.0,1421.1456093
07/01/2022,07/04/2022,1245.411084892762,11,0.2,340.9387462078675
03/19/2020,03/26/2020,3419.5257873257265,10,0.0,1095.2767202207094
08/07/2021,08/08/2021,1771.896482027462,2,0.0,225.40449140103667
11/18/2021,11/21/2021,2093.079008486127,4,0.0,753.6609412865697
01/30/2021,01/31/2021,2036.3433629628332,5,0.0,416.78080304230696
01/31/2023,02/01/2023,6345.090275498333,7,0.0,1202.2888799989605
02/05/2021,02/12/2021,716.8775546260357,7,0.0,205.7396072270526
09/01/2022,09/06/2022,3659.695396310239,9,0.15,715.7617281798878
08/11/2020,08/16/2020,7247.146444801367,13,0.15,1351.4262460755067
06/01/2021,06/07/2021,4899.6481969989,8,0.0,864.6073793334599
09/25/2021,09/26/2021,3531.237968242433,13,0.0,1369.880650231773
08/23/2020,08/29/2020,1021.8235958801876,2,0.1,342.34797346655927
12/21/2023,12/27/2023,8537.713759717462,12,0.0,864.4320518233116
04/25/2020,05/01/2020,4712.292426027451,8,0.0,948.8120160716862
04/01/2023,04/07/2023,4400.752663792314,8,0.2,60.134521410969995
08/13/2020,08/17/2020,1317.5897599745126,5,0.0,467.84269637372034
08/17/2020,08/24/2020,10848.765989997843,13,0.0,3970.1652729433267
06/30/2020,07/07/2020,1365.5779248453605,3,0.0,348.89080089068796
06/26/2023,06/30/2023,8886.164450971708,9,0.0,3127.0715751231533
09/03/2023,09/04/2023,198.31480476160908,12,0.5,12.098808400441177
07/28/2020,08/01/2020,2705.5855227461684,7,0.0,676.0505605331264
11/16/2023,11/17/2023,169.80327160385377,1,0.1,27.023073318726244
04/05/2020,04/10/2020,3584.341963034323,8,0.2,286.27245896635907
06/12/2022,06/19/2022,2507.7304342987654,10,0.0,445.9465464677759
01/25/2022,01/27/2022,9621.341172323491,13,0.0,2584.4780777008864
01/14/2023,01/17/2023,3090.6652129995023,5,0.3,0.13181052651927253
02/18/2021,02/25/2021,918.857142194417,6,0.3,2.2397720360039663
01/28/2021,02/01/2021,1521.6375790690236,9,0.0,156.90822707100185
11/26/2021,11/30/2021,8766.036138711937,10,0.0,2489.540394365598
04/23/2022,04/28/2022,4117.782994501351,14,0.2,1228.3480735176774
08/26/2021,08/30/2021,3521.9023888755173,8,0.0,1291.7133916537518
08/04/2021,08/05/2021,3202.6373038674037,14,0.0,998.2842781718787
05/12/2020,05/13/2020,4741.678913076992,11,0.0,1591.5805133401846
03/01/2022,03/03/2022,3345.8190128610377,14,0.0,752.9960243775065
10/10/2021,10/12/2021,9369.754327189748,14,0.0,1774.8550925754641
08/30/2023,09/06/2023,1511.662945065859,3,0.0,318.3388087750964
08/08/2020,08/10/2020,8217.87035163411,13,0.2,200.73483342530824
09/02/2022,09/03/2022,1438.2037570797968,5,0.1,345.36817836159526
12/05/2022,12/11/2022,2042.1562612177895,4,0.0,311.3461361156589
04/30/2023,05/06/2023,3736.9932564630826,14,0.0,1228.9605448286134
11/03/2023,11/05/2023,748.1033527553323,1,0.2,42.63660850924655
02/26/2022,02/28/2022,2633.5815555659606,5,0.0,443.5931231542523
11/21/2021,11/22/2021,1817.2787135476367,10,0.0,703.6352195939897
09/19/2023,09/24/2023,1960.2660183255011,7,0.0,258.0078092757113
02/08/2020,02/15/2020,92.07294448281955,1,0.0,22.98626487478249
08/09/2023,08/13/2023,90.09080554021456,4,0.4,-7.314837169527702
11/20/2021,11/27/2021,2865.5780821738067,6,0.1,220.98563782970535
06/10/2020,06/13/2020,3781.2686263038418,11,0.0,1096.7573758622311
09/16/2023,09/22/2023,9255.702918793953,12,0.2,1751.3472508962816
02/01/2023,02/07/2023,1616.5627415808242,9,0.0,255.31358958775527
06/09/2020,06/10/2020,8755.708788305335,11,0.0,3167.342233628275
12/13/2022,12/20/2022,2582.49382216779,8,0.0,802.2674557241339
11/23/2022,11/24/2022,393.21342073680086,2,0.15,45.291570198556286
08/29/2020,09/01/2020,10669.344958924237,11,0.0,1861.9710570595541
08/24/2022,08/31/2022,2413.6524982749243,3,0.0,787.5399955168401
06/08/2022,06/11/2022,6343.146825308782,10,0.0,2030.3599621305677
04/22/2020,04/24/2020,9101.94774906969,13,0.0,1316.5928595529617
10/10/2022,10/17/2022,4213.737555433857,5,0.15,546.7592244387658
11/13/2020,11/16/2020,4599.020077472112,11,0.3,68.99989844045825
01/23/2020,01/27/2020,620.9360992737867,7,0.2,54.79342492247579
04/03/2022,04/07/2022,189.25453685763725,3,0.15,21.05819878311514
02/15/2023,02/21/2023,4823.573109833769,12,0.4,930.01919112765
12/01/2021,12/05/2021,4627.1759274012775,7,0.0,1504.125594576092
10/15/2022,10/22/2022,3753.4602752415385,5,0.0,1253.7143410146268
05/20/2023,05/24/2023,1176.909429302876,10,0.0,215.64152466273555
12/12/2023,12/16/2023,5672.71951204572,6,0.0,568.1689528926846
02/10/2023,02/12/2023,3333.8809786292304,6,0.0,391.55465760796324
12/03/2022,12/09/2022,7183.659623921036,11,0.0,1910.1345911231567
05/07/2020,05/08/2020,489.54245498783825,11,0.0,90.88078677549586
05/25/2022,05/31/2022,12113.192351867268,14,0.1,1306.8484754421352
06/06/2020,06/12/2020,4082.154697846866,12,0.4,-347.42289337023556
04/06/2022,04/12/2022,2270.917927458729,4,0.0,823.808456067291
11/18/2023,11/21/2023,11329.437156816912,12,0.0,3172.6752350558686
05/01/2022,05/02/2022,5952.362728971717,8,0.2,191.73729593150836
05/26/2021,05/29/2021,2052.860453091623,9,0.0,677.2821940297503
02/14/2020,02/16/2020,1863.57566737374,2,0.0,608.9190208301034
02/05/2023,02/07/2023,6653.295688376347,9,0.0,1242.9759679278002
08/06/2020,08/11/2020,252.66313651130886,11,0.2,14.282558827140992
03/18/2021,03/23/2021,2078.535624908022,12,0.3,403.6403170301478
11/10/2020,11/12/2020,1507.8612384602347,4,0.1,224.47442770145898
06/25/2020,06/27/2020,3521.965385704183,6,0.0,1247.580249102673
08/15/2020,08/18/2020,9860.43006457323,14,0.0,1115.1701097563696
09/23/2020,09/25/2020,1526.7580301213125,7,0.0,381.36382664259287
05/19/2022,05/26/2022,2012.0004219142847,4,0.4,-92.79630760647352
04/17/2022,04/18/2022,5761.35556042179,8,0.15,1305.6006254739082
11/03/2023,11/06/2023,8302.434803883629,13,0.0,3314.03415242806
05/03/2021,05/05/2021,10970.407359785442,14,0.15,1631.8844025169274
12/02/2021,12/05/2021,8148.52602628216,10,0.0,1060.0675332461294
11/17/2021,11/20/2021,917.6296908024219,8,0.5,-50.19256770092458
08/06/2023,08/10/2023,560.4830683530798,1,0.3,121.8781360822313
09/22/2022,09/27/2022,7629.360463724592,8,0.0,2515.6161109603727
12/22/2020,12/25/2020,1169.843060385973,10,0.2,81.49536036160538
05/21/2022,05/27/2022,13704.752683203664,14,0.0,5291.125650696824
07/22/2020,07/29/2020,416.91442562867223,12,0.0,119.51118019056693
05/21/2023,05/28/2023,1343.7112094313882,3,0.15,101.3357391192485
07/05/2021,07/08/2021,3492.693934149147,5,0.1,774.3185192978248
11/18/2020,11/24/2020,11095.472101291085,14,0.0,2611.6861786662707
08/16/2021,08/23/2021,6267.269669365844,10,0.15,1697.8616542815655
06/29/2020,07/03/2020,3631.5934413742857,8,0.15,465.74462793089714
05/13/2021,05/15/2021,7199.001467346607,11,0.0,2609.5912092554545
09/05/2023,09/08/2023,4217.597182779496,6,0.0,1449.1289225807295
03/23/2020,03/27/2020,1798.537795098324,4,0.1,453.9168308394241
10/29/2020,10/30/2020,2398.9125015331647,4,0.0,426.0040797552171
09/18/2020,09/22/2020,7122.396732553178,12,0.3,1717.2018244507813
02/22/2022,02/27/2022,1279.000923737476,4,0.0,338.423688022904
05/08/2023,05/13/2023,3167.8455821936764,6,0.0,1179.2438023602665
06/17/2023,06/19/2023,128.76446670676953,7,0.0,21.20995029957394
07/02/2022,07/08/2022,8079.575818614595,13,0.1,2787.5626559549573
11/22/2021,11/24/2021,864.5843423669467,5,0.15,233.28021809607992
08/01/2022,08/08/2022,4861.912411766312,10,0.0,1870.7086310115944
11/13/2021,11/19/2021,3053.444297647166,14,0.0,499.87851003393405
08/11/2023,08/17/2023,186.47091362316127,8,0.3,14.768015930586811
11/19/2021,11/25/2021,3418.718423267255,7,0.0,442.00670851924235
01/30/2021,02/05/2021,3444.6821643567996,8,0.0,486.01324466763174
03/07/2023,03/12/2023,1723.5920735565476,4,0.0,319.1878778885346
04/18/2022,04/25/2022,1733.7447866366529,8,0.0,668.3372869662164
05/27/2022,06/01/2022,12320.523070059067,13,0.0,3698.0974568229585
04/02/2022,04/05/2022,80.83248175552532,6,0.0,15.713001241757466
02/26/2023,03/05/2023,2677.889986492096,3,0.0,1034.6616982158318
02/18/2020,02/23/2020,6729.749425563594,13,0.3,1156.9746313476508
02/27/2022,03/01/2022,1442.8105055835103,8,0.0,536.8607051541485
10/19/2020,10/24/2020,4965.6886909813975,13,0.2,1381.2869430028818
06/19/2021,06/26/2021,5884.3214051244795,7,0.15,1472.439188046396
11/06/2020,11/13/2020,6472.612546144642,10,0.0,1119.3738010313236
06/20/2021,06/22/2021,612.4633046121637,5,0.1,213.7354146682533
09/30/2021,10/01/2021,5093.723981146542,11,0.0,1006.1493005365643
08/21/2020,08/28/2020,1894.0842624283368,4,0.0,571.0886130144875
05/17/2023,05/22/2023,482.5444197325663,1,0.4,74.04330876475274
08/27/2021,08/29/2021,8253.011731481045,10,0.1,846.3075501042302
04/03/2020,04/09/2020,191.98016849727912,3,0.3,25.47816887643714
11/22/2020,11/29/2020,449.2556797166255,2,0.3,28.10176628719226
08/12/2020,08/16/2020,2443.6299649301104,8,0.0,423.44862369555875
08/24/2022,08/30/2022,13945.227011377594,14,0.0,1443.77088150442
06/08/2022,06/11/2022,4509.078764195886,8,0.0,1630.4477966198951
01/11/2020,01/18/2020,7400.67872173379,12,0.3,-68.34923351527323
09/14/2023,09/16/2023,1511.2038233263147,5,0.3,322.5440120003042
11/01/2022,11/07/2022,9141.248578201074,14,0.1,2104.381053598998
02/04/2020,02/09/2020,1468.598929405523,5,0.0,420.48434967919525
03/22/2021,03/27/2021,10039.349795797752,11,0.0,3499.6725460198536
05/28/2023,06/04/2023,1289.6653800146714,4,0.3,132.61931400569873
03/16/2021,03/17/2021,483.4129454057558,1,0.4,3.4735010883781574
10/14/2021,10/18/2021,263.25871450913917,1,0.0,37.28849220885808
08/17/2021,08/24/2021,9056.687880534584,13,0.0,2455.4910090108656
08/16/2020,08/18/2020,2466.640922136213,6,0.0,656.0034400515975
12/09/2020,12/15/2020,164.50011497920633,4,0.0,30.95381320319659
01/08/2023,01/12/2023,1172.858879420124,4,0.3,152.49168405206183
10/08/2023,10/09/2023,1663.5642760135988,3,0.0,385.6309442694527
11/20/2023,11/27/2023,1906.9035735111172,14,0.15,508.49308805834534
08/06/2023,08/09/2023,1728.6657672662002,9,0.0,463.01599897106854
09/15/2022,09/19/2022,1410.642511019776,3,0.0,536.1902627608832
02/25/2023,02/26/2023,2794.419322472581,8,0.0,713.6804169172642
06/27/2022,07/04/2022,714.1330121973265,2,0.2,190.13690824639698
10/14/2023,10/21/2023,1585.143646060285,4,0.15,287.16072569281914
06/10/2021,06/12/2021,148.67528326572807,1,0.0,39.757323077581255
08/29/2023,09/05/2023,2083.2089246915493,11,0.0,437.5621994035436
03/15/2020,03/18/2020,4248.418697723497,5,0.0,934.8676656807922
07/14/2020,07/21/2020,342.18300483475844,2,0.0,130.00574170464367
01/29/2020,02/03/2020,6257.536023490966,11,0.15,575.5977027287154
12/06/2021,12/07/2021,4964.810365711336,13,0.1,429.144884952644
10/17/2022,10/22/2022,968.5543191099445,1,0.0,338.08674123096813
01/16/2020,01/23/2020,52.81032278854861,1,0.3,6.499537526990618
12/17/2023,12/20/2023,1497.7529592668177,2,0.1,202.7870552379479
03/15/2022,03/16/2022,2482.6736939579764,5,0.0,570.3199650482541
11/29/2023,11/30/2023,183.58616586656063,12,0.0,47.268217994862844
07/28/2022,08/04/2022,1707.4487855259963,9,0.3,217.94230944262688
08/24/2022,08/27/2022,2233.5473737283946,6,0.1,661.8342754807917
01/05/2023,01/07/2023,3852.6336709732304,12,0.0,841.0518835924349
08/16/2020,08/17/2020,1254.0048958708994,4,0.15,285.8515872141277
08/19/2022,08/22/2022,2752.515570137424,3,0.0,964.5642848304313
08/13/2023,08/17/2023,2057.0182755830647,8,0.3,417.8463120281113
12/15/2021,12/20/2021,764.3539540956698,3,0.4,-18.13539707573044
09/10/2022,09/11/2022,648.9922023359819,1,0.15,84.40267761437435
07/26/2021,07/30/2021,2546.8647362908528,4,0.2,454.54356002072143
09/06/2021,09/07/2021,1025.736307957104,11,0.0,375.14430148210386
11/21/2020,11/23/2020,8272.243210389612,13,0.1,2375.2408426643024
10/18/2023,10/25/2023,1950.984936560032,5,0.2,341.79084725188187
05/24/2022,05/27/2022,712.5767715263942,5,0.0,281.5533975182026
12/24/2020,12/25/2020,1224.2855623833698,5,0.1,222.44799623530716
11/19/2020,11/22/2020,305.6767970673395,8,0.3,61.971437832961826
09/11/2023,09/17/2023,2933.078535389735,8,0.0,1013.4552283662215
06/13/2020,06/14/2020,3154.228511168207,12,0.0,1174.6709506878547
03/08/2022,03/10/2022,4290.520115638703,13,0.15,1378.5591578959531
03/30/2021,04/01/2021,1636.703997755258,4,0.3,161.5574300931327
03/22/2023,03/29/2023,4630.601786052398,9,0.3,40.23481090460018
02/24/2023,03/03/2023,517.9036966898442,1,0.15,84.5574151437914
07/11/2020,07/15/2020,2385.5773523307116,5,0.3,491.8236595937073
09/18/2021,09/20/2021,3467.930917650422,5,0.2,869.8680142161135
06/13/2021,06/16/2021,4375.4309951344785,5,0.0,878.547043639786
10/30/2022,11/05/2022,5517.517791203726,8,0.2,78.30484471185677
04/01/2020,04/03/2020,1454.735036922582,9,0.0,367.97905259404234
05/18/2020,05/19/2020,775.6753267731266,3,0.0,187.8920506033078
04/25/2021,04/27/2021,4565.718466904667,9,0.0,574.0440998301423
03/24/2021,03/30/2021,4746.9747139862675,13,0.0,1606.6942274650974
09/18/2023,09/21/2023,1543.8750645687994,11,0.0,285.73589220326915
05/18/2022,05/19/2022,2358.981858076759,8,0.0,692.8934268838298
12/05/2020,12/09/2020,2927.023422146948,3,0.0,381.8195475311398
12/11/2022,12/15/2022,706.9149758831417,2,0.0,253.2246864042948
04/10/2021,04/14/2021,1698.8997104520074,4,0.0,546.6759428516583
12/18/2021,12/25/2021,169.90903944272964,13,0.2,19.79895881409241
03/09/2022,03/10/2022,6066.654140335291,12,0.3,842.3348151953696
04/19/2021,04/23/2021,587.1803908458962,2,0.3,3.66175544951535
02/04/2021,02/11/2021,448.4346490648379,4,0.0,177.4127415806157
08/27/2021,08/29/2021,3875.484683686501,5,0.2,925.5913571081566
07/20/2022,07/21/2022,1559.3177609184718,2,0.0,524.9942238172295
09/23/2022,09/24/2022,8746.663062460795,12,0.0,1277.1358313262624
07/10/2022,07/11/2022,6516.396558154119,8,0.15,197.5775181285441
03/31/2022,04/05/2022,351.3944911211714,1,0.15,70.49374444632359
10/18/2021,10/25/2021,1514.8312302680001,3,0.3,-10.24604039131668
08/20/2021,08/23/2021,1274.1676195489995,7,0.15,330.1751023299618
03/22/2023,03/27/2023,7001.4934197759885,10,0.0,1574.095649252734
05/28/2021,06/02/2021,16.756810886008765,1,0.3,0.8642873949113293
10/26/2022,10/31/2022,1492.217709330098,13,0.15,70.27566285059194
05/14/2021,05/17/2021,3318.748736509514,11,0.3,825.7694808387627
12/17/2021,12/22/2021,35.15482857271693,2,0.2,10.08251852945103
02/15/2023,02/19/2023,1402.0385906877452,3,0.0,195.55504201688933
08/23/2021,08/24/2021,7385.893642040955,14,0.0,1476.022697600555
10/27/2021,10/28/2021,8755.467442556957,14,0.0,1902.0050140951255
04/12/2021,04/19/2021,218.7656204473604,2,0.0,41.35552364575715
06/09/2020,06/11/2020,378.4035879918804,2,0.0,143.92223555088736
09/26/2020,10/02/2020,7405.806444120277,12,0.0,2343.2160341476065
12/15/2022,12/19/2022,4366.598513230884,11,0.4,815.5710953089284
08/15/2020,08/18/2020,149.69314889832873,6,0.3,31.78758278481337
04/28/2022,05/04/2022,3051.796655565772,7,0.2,690.8121856804614
05/28/2020,05/29/2020,4722.791488073066,6,0.0,1459.7682450424343
12/05/2022,12/10/2022,862.5085590829417,11,0.0,310.37262451621535
03/13/2023,03/20/2023,2137.1097966296784,6,0.15,492.0587789546027
09/23/2021,09/30/2021,2999.215442698208,9,0.0,469.72494490397173
09/25/2023,09/27/2023,5121.36222695158,8,0.3,739.7190865085934
02/16/2021,02/18/2021,1629.1327019048824,14,0.4,88.7885337619712
06/03/2021,06/04/2021,2601.414472104283,8,0.0,1026.435954133812
09/29/2023,10/03/2023,4317.409428198672,6,0.2,660.5190182876036
01/21/2021,01/28/2021,1686.7338649968653,5,0.0,188.1323832073113
10/01/2020,10/07/2020,4100.659841274999,9,0.15,427.5218912167039
12/18/2020,12/20/2020,512.4598063028469,12,0.0,192.2823644108089
12/25/2022,12/26/2022,1970.1068236265717,2,0.0,765.794114374601
01/07/2023,01/11/2023,4629.504548437874,7,0.2,1011.7762422266906
08/20/2021,08/21/2021,3062.673289436206,6,0.2,52.24666318441744
05/10/2023,05/11/2023,417.3789361365289,7,0.15,13.38217721522741
07/11/2021,07/15/2021,1009.4551411086345,12,0.0,246.18440647853197
04/22/2020,04/26/2020,1868.3812412414613,4,0.15,607.0402265211188
01/19/2023,01/23/2023,2103.9393012580795,9,0.2,548.6842711441282
05/20/2020,05/21/2020,2192.965435598496,7,0.5,284.9370127465557
08/05/2023,08/07/2023,843.0947798410125,2,0.3,115.55663737007114
12/30/2021,01/02/2022,8738.75479668365,13,0.2,2252.3041019872044
08/11/2021,08/14/2021,981.1151863587542,4,0.15,118.62615871155656
02/14/2021,02/15/2021,2619.382001607372,5,0.1,152.4721335198347
01/11/2021,01/12/2021,1559.1793713007467,2,0.0,585.4331682926761
11/08/2023,11/10/2023,4958.65256459103,10,0.0,820.8017295892979
03/21/2023,03/25/2023,4661.088478421508,8,0.3,785.6073827900792
01/20/2022,01/21/2022,97.97440769062464,1,0.3,14.469859324239916
09/18/2021,09/25/2021,1878.2249081139635,3,0.15,136.07563756209584
09/04/2023,09/09/2023,13209.73178848076,14,0.0,2096.8295890463814
10/24/2023,10/28/2023,338.56448778363045,1,0.0,67.28012561405316
09/21/2022,09/28/2022,1863.3653899392266,5,0.0,609.4680533804706
12/03/2021,12/04/2021,741.7134433515693,8,0.0,82.90373949484355
04/06/2021,04/11/2021,4515.544962452752,7,0.0,1002.9956561198842
01/12/2020,01/19/2020,3007.401579244016,9,0.4,299.33859416608396
03/25/2023,03/31/2023,99.88460229008822,2,0.0,15.126652400824499
04/21/2021,04/23/2021,8150.6509923772655,12,0.1,699.5311029914383
07/27/2022,08/01/2022,6647.933206300598,8,0.0,1443.0247950887983
02/04/2021,02/05/2021,3632.1936323973864,8,0.5,-232.57747493299308
03/18/2022,03/21/2022,5392.71210402757,14,0.3,780.4802083563516
06/25/2020,07/02/2020,2748.325407316439,6,0.0,1074.2394936484588
09/26/2023,09/27/2023,1316.063674480135,3,0.5,-195.64512990004016
02/26/2020,02/29/2020,728.4777315794238,2,0.1,233.63298807460333
03/23/2021,03/25/2021,9224.441715751025,14,0.0,2121.316366306538
07/21/2020,07/23/2020,4458.302163625804,8,0.1,1111.019236998763
01/07/2022,01/11/2022,2270.6369329219606,6,0.0,806.775716799919
07/20/2020,07/27/2020,326.471529847318,4,0.15,64.32716616640334
09/15/2023,09/19/2023,93.60414985193648,5,0.4,-6.6277777287585256
12/28/2020,12/31/2020,1735.8214525201333,5,0.2,73.21443663453964
06/10/2022,06/13/2022,6323.0642679766015,13,0.0,2129.5069567029477
03/29/2021,03/31/2021,7420.063369571938,9,0.0,1251.9833555091138
12/21/2020,12/26/2020,5463.477934360633,13,0.0,1479.025131304282
08/03/2020,08/06/2020,3748.5275878197494,13,0.0,856.2542420323914
08/29/2022,09/01/2022,4207.279530549616,9,0.0,803.9761761698871
07/08/2021,07/15/2021,1964.8846049582476,8,0.0,660.3785958994963
06/05/2022,06/10/2022,642.8608320243646,8,0.2,141.02116363179528
01/23/2020,01/27/2020,1170.3609921527632,12,0.2,226.85419052068997
06/03/2020,06/07/2020,651.9258305959166,2,0.0,138.07881047918008
04/24/2023,04/27/2023,315.69514736068106,14,0.0,53.0181894304843
09/05/2020,09/12/2020,684.0037614432772,3,0.0,174.26260224202457
01/18/2022,01/22/2022,11055.070733322424,14,0.0,3815.450161018944
03/15/2022,03/19/2022,1938.1681640480622,8,0.0,528.537472031701
05/13/2020,05/19/2020,1555.0888070785695,13,0.0,608.1048708385774
11/16/2020,11/23/2020,4035.756456177023,5,0.15,119.58449403891831
01/24/2021,01/28/2021,3068.602534421706,7,0.3,765.6287123591791
03/09/2021,03/11/2021,971.9596591783288,14,0.0,298.8024762333144
11/11/2022,11/12/2022,458.3777717117043,8,0.2,114.50377816867298
05/22/2022,05/25/2022,3696.005426653068,6,0.0,740.9962733469495
02/22/2023,02/25/2023,1906.5462991549186,5,0.3,195.42556837352973
01/07/2023,01/09/2023,621.52819735244,8,0.0,210.75820689929168
05/07/2022,05/08/2022,232.07232022360202,1,0.0,76.16493840107978
02/20/2020,02/21/2020,929.7524853407324,1,0.0,186.14605066603693
06/24/2020,06/26/2020,576.2907023762072,1,0.0,113.71545089759007
05/19/2022,05/24/2022,1203.9897892491501,3,0.1,299.6048656143033
09/09/2020,09/14/2020,1288.269289005812,10,0.5,167.60094161573073
08/23/2022,08/24/2022,1480.5550435400637,13,0.2,194.89404345819202
06/23/2023,06/28/2023,4903.26440723489,12,0.0,1009.4965294369847
01/08/2022,01/13/2022,4984.971626185133,6,0.1,1587.2454282951678
02/03/2023,02/08/2023,296.9438367759079,6,0.15,68.27238220598494
05/01/2023,05/02/2023,3468.7415972420326,5,0.3,230.61163274281583
09/01/2023,09/06/2023,2243.6397671998725,13,0.2,38.552168773629596
10/28/2020,10/31/2020,4851.752335501726,13,0.1,1292.7337949842704
07/01/2021,07/07/2021,649.7494615003186,14,0.15,85.03007872655147
12/16/2021,12/17/2021,3298.0325340309255,7,0.2,69.81888481683092
02/17/2022,02/19/2022,2443.598563734908,5,0.0,693.2164766292321
09/24/2020,09/29/2020,9380.55950142405,14,0.0,1847.0515005532875
04/08/2023,04/12/2023,930.3272882315482,2,0.15,117.7207798740447
10/06/2022,10/07/2022,1131.7488190416752,4,0.3,106.10262792610807
07/04/2021,07/11/2021,740.3791308335541,1,0.0,233.3989164722498
08/08/2023,08/10/2023,121.6982077818086,7,0.5,-8.166054002122848
03/10/2023,03/16/2023,2182.4749226633967,4,0.0,271.2462216501821
03/15/2023,03/18/2023,1595.5867432793498,13,0.0,362.7210907186301
12/19/2023,12/26/2023,1766.5929990199,4,0.0,205.7685602856784
11/09/2020,11/11/2020,6187.069696777603,13,0.4,675.507690743662
07/02/2020,07/07/2020,604.1445551911847,4,0.0,234.27097099355842
12/13/2021,12/17/2021,2809.356735854281,3,0.0,836.1422216563121
05/07/2020,05/12/2020,7116.957163739924,8,0.0,1299.6783266279617
08/03/2023,08/05/2023,1514.7216725689134,4,0.1,158.30464693666275
06/30/2023,07/01/2023,89.12451698459233,8,0.3,1.7677911569910596
11/30/2021,12/07/2021,7126.62640566967,9,0.0,1186.4621506685094
01/20/2021,01/24/2021,617.460791764712,1,0.3,27.260370234414488
06/07/2023,06/14/2023,439.1777074365078,4,0.4,-31.092023465587282
09/27/2020,10/04/2020,5502.181720370349,6,0.0,2028.740879707906
03/21/2022,03/25/2022,5855.720348939194,8,0.2,1554.905428729242
02/18/2021,02/20/2021,6672.09119533388,14,0.0,1898.682836678155
07/16/2020,07/22/2020,4800.326776139181,6,0.0,569.2040761406013
09/08/2023,09/14/2023,4595.084684590539,12,0.15,1223.2125641417747
12/15/2022,12/20/2022,2728.347855645272,6,0.2,50.57422498368002
04/10/2022,04/12/2022,3266.406197116657,10,0.0,430.9251031530554
05/11/2023,05/15/2023,671.4986074704649,4,0.0,132.6806831497844
09/19/2021,09/21/2021,4044.984577069814,9,0.4,119.08877641919993
08/26/2021,08/30/2021,63.72193001408823,7,0.2,6.7651461997716815
03/07/2023,03/14/2023,8172.600278532111,14,0.0,1222.3671140668844
12/16/2023,12/21/2023,9526.43082726147,11,0.0,1273.101882478881
12/16/2022,12/17/2022,1374.3870834521163,6,0.0,491.7894644165984
10/06/2022,10/13/2022,339.5704622300224,1,0.0,70.95473125393097
03/11/2020,03/12/2020,1064.8997898044727,2,0.1,123.08091903092381
06/29/2022,07/01/2022,2747.5366759109497,12,0.1,538.7848177478535
08/16/2021,08/20/2021,5094.071932544851,6,0.0,565.6815085968561
10/27/2023,10/28/2023,3281.84679188458,11,0.2,591.0092617397336
08/22/2021,08/29/2021,585.7975826216873,1,0.0,102.24913804711566
05/28/2021,06/01/2021,2315.2133676198455,11,0.1,531.2463687187221
03/24/2020,03/29/2020,254.86236810537923,5,0.0,72.44145492767181
09/20/2022,09/27/2022,181.963263353524,1,0.0,62.37104872862315
12/02/2022,12/04/2022,724.5803270252975,13,0.0,122.43337160378486
04/18/2022,04/22/2022,1208.490544573572,3,0.15,198.24005366902168
08/28/2021,08/30/2021,7089.252204106428,12,0.0,2754.6438001241013
03/20/2022,03/24/2022,650.7414673031786,12,0.0,207.0252331159841
05/12/2020,05/19/2020,1194.928791870642,12,0.0,469.13279863894405
11/19/2023,11/25/2023,3434.688435795732,7,0.0,1299.0325307173907
12/24/2022,12/30/2022,4005.940664394832,5,0.0,1134.5808583401742
10/16/2020,10/20/2020,6822.67414096687,12,0.1,881.3469512763287
01/10/2021,01/15/2021,1136.6311790283073,10,0.0,371.7661968894937
02/07/2022,02/09/2022,755.3668234376178,1,0.15,177.0850057129096
04/11/2021,04/14/2021,459.13786622092465,1,0.5,12.243846056705033
05/21/2023,05/25/2023,2388.2922689109573,8,0.1,619.4006588733097
03/17/2023,03/21/2023,5454.747002870428,11,0.2,1004.0875967228161
04/15/2021,04/21/2021,5570.9234412480855,14,0.2,868.0262323587152
05/28/2020,05/29/2020,7352.307541359487,13,0.4,182.2390333191299
03/28/2020,04/04/2020,4622.949428573235,9,0.0,524.3003092688886
09/09/2023,09/15/2023,4705.794162317223,7,0.3,986.835038715427
01/30/2021,02/01/2021,1617.3231751942515,13,0.4,258.22533547348587
02/28/2022,03/06/2022,1056.2441703561694,3,0.0,293.862122625481
11/28/2023,12/01/2023,9402.381452342113,12,0.0,1695.8632718919862
01/10/2023,01/15/2023,2357.3238847123025,6,0.5,-333.70438810241296
08/02/2023,08/09/2023,1873.8966751037021,3,0.15,47.65064629095275
11/06/2023,11/09/2023,8610.153500186512,10,0.0,1049.3384950613454
05/14/2022,05/19/2022,2257.666275885997,4,0.2,243.7509666466582
07/17/2023,07/20/2023,7676.691516330138,12,0.0,1201.5464197370413
08/08/2023,08/15/2023,1857.3430517869479,4,0.0,333.425443282336
01/24/2020,01/30/2020,1275.5255379192909,3,0.1,331.50668063277084
08/13/2022,08/16/2022,3708.898904449793,10,0.1,1252.6618094196735
11/06/2020,11/12/2020,2620.8406631684848,6,0.3,31.53592810592917
05/16/2023,05/23/2023,2062.9864497033177,5,0.0,494.48378292336844
10/25/2021,10/31/2021,1201.3491562821287,11,0.3,297.2664249246216
03/13/2021,03/15/2021,1039.1788804190426,9,0.0,394.37079546352805
12/06/2021,12/12/2021,7494.343175179854,9,0.1,1166.8309430925076
09/21/2023,09/22/2023,103.47455538751282,3,0.0,20.271360132658113
02/25/2021,02/28/2021,1487.3636594387472,13,0.0,256.7951088900649
11/16/2020,11/23/2020,2840.3665031645237,9,0.3,-9.598010412970902
08/09/2021,08/13/2021,3513.8610550593685,13,0.0,836.3538307508485
08/04/2022,08/08/2022,3459.0394557442455,12,0.3,181.0328217240898
04/01/2023,04/05/2023,378.81872333383353,3,0.0,122.52940025369159
04/03/2023,04/10/2023,558.391469915601,4,0.0,95.51841756586663
04/28/2022,04/29/2022,802.6513296378641,1,0.0,257.57054817518684
08/11/2023,08/17/2023,3046.0706266372035,5,0.2,263.31445551764506
02/11/2020,02/14/2020,1358.5240448084185,12,0.0,377.4232962789759
08/01/2023,08/06/2023,5134.010707237729,9,0.15,1111.6623528949528
07/27/2022,08/01/2022,1042.4709572072784,2,0.15,236.15556163280255
01/21/2021,01/28/2021,2864.9163818137094,4,0.0,437.1910982219979
03/07/2023,03/09/2023,4797.044155168494,10,0.0,886.5580926337894
04/25/2023,04/26/2023,554.5739185162129,2,0.0,96.4041938706664
06/28/2022,07/01/2022,5603.155972368886,14,0.4,408.1793971702818
12/16/2021,12/22/2021,3021.15081806075,8,0.0,370.76747336226464
03/06/2021,03/10/2021,2040.87034801835,9,0.0,521.3953012201415
07/07/2021,07/08/2021,1243.628170746271,3,0.0,156.99576539760264
12/10/2023,12/11/2023,8460.290366556635,13,0.15,1066.984722550316
03/10/2022,03/13/2022,3679.9197739669253,9,0.15,850.1049934554869
03/01/2021,03/08/2021,1104.7162348767163,6,0.4,26.25823936174988
12/10/2023,12/16/2023,3500.909700437478,6,0.3,119.38995445764412
01/26/2020,02/02/2020,6179.791223403878,7,0.0,1759.7397534877332
10/26/2023,11/02/2023,5267.015034419376,12,0.0,1696.404066929809
01/19/2021,01/21/2021,1523.7645620785029,5,0.2,116.37825049366482
02/25/2020,03/03/2020,2219.6590471755912,6,0.4,-22.596194960276776
06/30/2023,07/06/2023,741.3417175706728,11,0.0,216.53714939983888
09/25/2021,09/27/2021,694.4099289619212,1,0.0,270.5191775565104
04/15/2020,04/17/2020,1647.375931579296,3,0.3,23.329250008935396
02/27/2023,03/03/2023,4841.610095815199,12,0.0,1434.4445970483052
04/28/2022,05/02/2022,1645.8272235659022,9,0.0,612.2097946681816
10/31/2021,11/03/2021,277.417378004075,12,0.4,10.705544804681884
01/10/2021,01/16/2021,2243.056002222801,5,0.3,101.05700309185355
01/12/2022,01/19/2022,1381.5173628428033,5,0.0,414.5399228923741
08/24/2022,08/26/2022,3754.005530000571,8,0.0,410.7991056040909
11/03/2020,11/06/2020,4317.411630850511,11,0.0,898.2295680389449
03/31/2020,04/02/2020,1208.697256720721,11,0.4,-27.32597611635923
11/17/2023,11/18/2023,3336.352381544631,13,0.5,-275.6277113282691
03/12/2022,03/17/2022,743.996140021329,2,0.2,40.12205945914127
04/19/2020,04/24/2020,8162.779906334742,13,0.0,2621.223642998245
08/07/2021,08/09/2021,1815.5630120914223,7,0.0,701.769459584115
12/05/2020,12/08/2020,1702.0690712697688,9,0.15,239.02359126224087
09/05/2022,09/09/2022,5713.411264112351,7,0.0,655.5053424493053
12/21/2020,12/27/2020,7192.737289646892,12,0.15,1731.1015752923013
06/16/2020,06/18/2020,3291.558645492253,5,0.15,613.748305180816
07/10/2021,07/12/2021,1716.7398772872116,13,0.0,544.3668574006824
06/23/2022,06/29/2022,834.4772888174908,6,0.4,78.75066422453068
04/14/2020,04/21/2020,2319.104804166414,4,0.0,861.8507604119
05/29/2020,06/02/2020,9616.648534126803,14,0.2,405.16919205593905
05/25/2020,05/27/2020,10718.321960841426,12,0.0,1615.7715323793266
12/16/2021,12/17/2021,4668.108830741317,7,0.2,478.3446932915597
05/23/2022,05/27/2022,45.01937163004564,1,0.15,7.762089007422374
10/25/2020,10/26/2020,3290.681571236676,4,0.0,1242.936940944247
04/05/2023,04/10/2023,2700.3007972376126,3,0.0,1004.7529491976702
10/07/2021,10/13/2021,860.360790264632,13,0.0,311.0734546897534
12/23/2021,12/27/2021,1688.4723393568727,4,0.0,281.56640575338196
12/07/2022,12/14/2022,432.9953760509878,1,0.2,94.78394920414866
09/29/2021,10/03/2021,2885.0744298559757,12,0.0,620.4281104664743
08/26/2020,08/29/2020,6779.744393197614,13,0.0,2571.9291089311555
10/27/2022,10/30/2022,1774.1924601629078,2,0.0,291.6076050175646
04/08/2021,04/14/2021,9377.349277848914,12,0.1,866.255013532715
03/28/2021,04/04/2021,8275.862394315174,11,0.2,2091.4391364834337
02/22/2022,02/26/2022,6360.493105337756,13,0.0,2004.015055309393
06/15/2022,06/20/2022,3185.928760183504,9,0.15,864.7455036720377
01/05/2021,01/12/2021,3278.736710125946,7,0.3,-8.580400515717901
05/01/2021,05/03/2021,5493.708633725309,13,0.0,2007.6088316964046
05/19/2023,05/25/2023,247.32072019607608,6,0.2,50.27686638764753
06/13/2020,06/20/2020,1445.444475297501,2,0.0,427.0829363907956
02/22/2023,02/28/2023,288.1741018699955,1,0.0,79.18308464066989
09/22/2023,09/29/2023,105.47002646013345,2,0.1,29.474964275217257
07/10/2020,07/13/2020,212.90406033144575,7,0.0,47.8358152929518
12/30/2021,01/04/2022,1304.866718248163,2,0.3,-13.249128924074896
08/01/2020,08/07/2020,778.6657456731816,3,0.0,203.8386983825339
07/27/2021,08/01/2021,3627.361604782663,8,0.0,1176.827055905435
09/13/2023,09/19/2023,5991.745336730161,7,0.1,575.7721896385395
08/14/2022,08/17/2022,5106.691537123514,12,0.1,598.5359110854413
01/15/2021,01/17/2021,772.8444265612243,11,0.2,161.49642055784014
11/03/2021,11/06/2021,6120.583554516119,11,0.0,1107.1846772603326
03/08/2022,03/14/2022,953.7033358113404,14,0.3,0.9367828990603743
08/26/2020,08/31/2020,572.7534977439057,11,0.5,66.90770228111255
11/30/2021,12/01/2021,7676.660727579916,9,0.0,1138.2077910792689
01/10/2023,01/13/2023,2846.6623481370584,12,0.2,293.9024406416822
10/18/2023,10/23/2023,2454.780593200723,4,0.1,438.24973985581363
05/19/2021,05/26/2021,3596.8456438276266,7,0.0,873.4651742896526
07/20/2020,07/27/2020,230.10342429237002,1,0.0,47.95193777787183
07/08/2022,07/11/2022,5749.063052333431,11,0.0,2148.7787164515444
02/06/2020,02/12/2020,430.6698029741538,11,0.5,20.49452782521276
10/05/2021,10/12/2021,707.4804521876246,2,0.0,147.0486763160952
11/26/2023,12/01/2023,3139.266783483206,7,0.15,415.3749595894938
02/03/2022,02/05/2022,472.22078940959096,2,0.0,118.47346680112356
12/06/2021,12/11/2021,3384.2898692856884,6,0.15,118.78505898383797
04/14/2023,04/21/2023,796.8194322314681,13,0.0,301.19204943921727
06/28/2021,07/05/2021,3919.694391135365,10,0.2,262.591354594098
05/09/2023,05/13/2023,8614.149881717874,12,0.0,2664.165063336645
06/23/2021,06/24/2021,2744.573569713392,9,0.3,503.12651031337697
10/13/2022,10/19/2022,6743.972243976264,11,0.3,1336.7558146693689
01/28/2021,02/02/2021,2702.4511270701,5,0.15,201.85335227433637
04/12/2022,04/19/2022,9589.079868981504,10,0.0,2502.8258002031425
12/01/2022,12/07/2022,2038.9641625306026,7,0.0,255.07912397080105
08/19/2021,08/22/2021,8548.553081670416,13,0.3,1636.5153710069662
01/27/2021,01/30/2021,610.7543639868397,1,0.0,150.2061555686378
11/30/2021,12/05/2021,5981.816881770117,8,0.0,882.5974466503071
03/16/2021,03/20/2021,7315.429997571401,9,0.1,1943.0051550758349
07/06/2022,07/13/2022,7223.907809454735,13,0.0,1440.0929179420805
11/15/2020,11/20/2020,4317.794920150844,5,0.0,580.1043016268198
07/06/2021,07/08/2021,2949.911839037744,6,0.1,555.5337324576406
05/23/2023,05/27/2023,7841.690198433849,13,0.0,1337.5883040384463
12/30/2022,01/06/2023,4957.1234588525285,11,0.0,1908.8224317996498
07/21/2021,07/28/2021,1110.1115975162534,8,0.1,175.85111004451366
07/07/2022,07/13/2022,2231.872804061512,4,0.0,606.4799015868947
08/23/2020,08/28/2020,1564.277996741631,2,0.2,445.0500728562918
07/28/2023,08/04/2023,7893.141357749615,10,0.0,1721.6232301115083
09/13/2022,09/19/2022,5100.159799360134,8,0.15,675.455280394798
03/31/2023,04/07/2023,1293.7514294046664,2,0.0,192.40890176112097
04/29/2023,04/30/2023,1772.1479337618603,5,0.0,676.0586103321689
10/29/2022,11/02/2022,2312.947552936731,13,0.0,786.9189579745125
02/29/2020,03/05/2020,1393.8365137575774,6,0.0,231.79960730787423
06/11/2022,06/12/2022,56.90604026528267,5,0.3,2.8340533009388005
08/12/2020,08/17/2020,4060.4737001362264,6,0.0,1520.5399338676134
11/30/2021,12/02/2021,4150.169793151434,6,0.15,772.6947095282599
08/04/2021,08/07/2021,497.2000278349425,3,0.4,33.26282405229865
08/03/2023,08/09/2023,999.2257669135088,11,0.1,244.2540884602633
09/20/2022,09/25/2022,3766.0677685806854,11,0.0,1237.7149535583558
06/17/2020,06/21/2020,897.3921513684245,3,0.0,342.61145810873575
12/21/2022,12/26/2022,2464.3850247177543,9,0.4,346.6589347820137
10/04/2023,10/09/2023,692.2256361333923,3,0.15,211.38131492474756
01/14/2020,01/19/2020,883.155214643526,3,0.15,239.49661649594114
06/12/2020,06/19/2020,9993.271547113252,11,0.0,1138.5356077385686
12/14/2023,12/19/2023,3346.5725937349594,14,0.3,-49.32718771555748
01/26/2022,02/02/2022,1260.260586020157,2,0.2,334.55870311204205
11/17/2022,11/21/2022,4407.027542555504,7,0.0,477.32045838758023
03/21/2021,03/25/2021,3097.4630955755415,10,0.1,892.8511546271975
05/16/2023,05/21/2023,8196.10387082547,10,0.0,2909.232637277889
12/16/2021,12/23/2021,2396.501235601209,4,0.0,538.3485244738547
09/02/2022,09/05/2022,12.972778226037953,1,0.3,0.7323966919474462
03/29/2022,04/03/2022,468.24551734005473,6,0.0,74.13322298021163
04/13/2020,04/19/2020,3398.009237360081,5,0.1,219.76849520498655
01/11/2022,01/17/2022,6328.875163650793,14,0.0,2048.118220246655
03/01/2021,03/05/2021,4525.979852087156,11,0.0,552.7041748373157
01/29/2023,02/04/2023,308.7378247076998,2,0.0,118.37035627644185
09/30/2021,10/06/2021,497.2362240649726,6,0.5,-30.31995392587492
04/29/2022,05/01/2022,799.7749255949416,1,0.0,270.5424995619337
02/03/2023,02/08/2023,2492.180887865522,3,0.0,293.84007746187837
02/07/2022,02/12/2022,1918.9685517899625,4,0.15,356.7047930474178
10/03/2020,10/08/2020,3928.294912199197,13,0.0,804.2392718410892
12/24/2022,12/29/2022,2800.1214255034556,3,0.0,305.21416376977066
06/18/2022,06/19/2022,8160.395972108568,13,0.0,2421.514320280458
07/06/2020,07/11/2020,4792.054189543622,6,0.0,1835.1114793996367
09/02/2023,09/09/2023,145.7510019386659,11,0.0,15.045268171904608
03/07/2023,03/11/2023,1823.2656194664276,4,0.0,330.2500668682265
09/28/2023,10/05/2023,12211.354336394588,14,0.0,3798.7291448000724
04/14/2020,04/18/2020,275.8807603203153,1,0.2,72.10864194615331
06/29/2021,06/30/2021,3646.4283255177907,5,0.0,573.3416072026464
01/14/2021,01/19/2021,1983.294230632077,5,0.4,-156.2537658278301
04/19/2020,04/22/2020,1301.639079795127,9,0.1,68.45634930462221
06/28/2021,07/05/2021,6217.238311854889,8,0.0,1023.1207140888968
12/19/2020,12/24/2020,485.6060896386836,8,0.5,-62.451280050377605
01/12/2022,01/16/2022,3653.1747780311066,5,0.0,759.1831528788324
11/12/2020,11/19/2020,7928.469227290428,8,0.0,1839.704021586721
07/13/2023,07/15/2023,13417.622644911033,14,0.0,3273.5932221821963
12/24/2022,12/30/2022,6417.914605011477,10,0.2,274.03720768202305
11/28/2020,11/30/2020,3774.2057499118364,7,0.0,902.7764835226902
03/02/2023,03/05/2023,678.0763300625325,1,0.0,69.64894421311017
08/14/2021,08/19/2021,8769.927677287822,12,0.0,1506.9044559031508
02/21/2022,02/22/2022,102.5780505985554,7,0.2,11.358038232381698
06/23/2021,06/28/2021,1224.7681461776956,11,0.0,165.9627866974528
01/04/2022,01/07/2022,4808.70832606459,8,0.0,1655.1640379788507
09/12/2021,09/15/2021,49.40758422444005,3,0.0,7.923183888433866
09/10/2021,09/16/2021,5731.844543874302,9,0.3,1011.4809152842365
10/24/2023,10/27/2023,3958.1286887426163,8,0.0,958.531759333926
06/27/2022,06/29/2022,530.3788096981409,2,0.0,129.3715521807851
09/18/2022,09/24/2022,1679.5084231868177,6,0.3,241.1073754652072
04/08/2020,04/13/2020,3409.074586134411,4,0.0,386.19126505151434
11/12/2020,11/19/2020,2366.1984098175103,3,0.15,115.06302776542218
05/02/2020,05/07/2020,687.8994686990078,11,0.5,-35.734281416178554
09/05/2023,09/06/2023,3276.760315987288,6,0.3,245.9102127370261
03/09/2022,03/12/2022,5824.44847034365,10,0.0,1333.6952526022742
04/01/2021,04/04/2021,7665.420491141943,13,0.0,2323.1293939601405
06/05/2021,06/09/2021,7034.918406091813,9,0.0,704.9797508319793
06/03/2021,06/09/2021,276.7394879017175,2,0.4,51.95272681764705
07/05/2022,07/09/2022,2678.672591476043,10,0.5,-261.58249511893894
12/17/2021,12/23/2021,3261.590892963011,10,0.0,569.4395326380874
11/10/2020,11/12/2020,880.3213829773724,10,0.15,261.1809272373631
12/09/2021,12/15/2021,399.10027885363235,5,0.3,-19.297528057180998
12/10/2021,12/15/2021,870.6405355133954,6,0.0,345.98543086319165
11/09/2022,11/10/2022,2475.0034016631585,4,0.0,274.1986985638633
07/13/2021,07/20/2021,803.4032747547583,7,0.0,109.39432701091764
08/26/2022,09/01/2022,1148.8056083285437,2,0.0,197.63134222490208
02/27/2023,03/05/2023,2902.8290282476864,7,0.3,236.91872225967043
08/09/2023,08/15/2023,1085.8290540248065,2,0.4,60.30201612115285
03/01/2023,03/02/2023,630.112830362259,1,0.0,82.8066187140147
12/21/2020,12/24/2020,10843.051587199549,11,0.0,1323.9601237333327
12/13/2022,12/14/2022,203.41327070713234,5,0.0,22.285492309775698
06/08/2022,06/11/2022,1131.3674804458685,2,0.2,87.1438179973454
03/03/2022,03/10/2022,246.26388545308757,8,0.15,74.23868433153778
11/11/2023,11/16/2023,7906.505062636332,12,0.1,1320.0128078972486
09/21/2020,09/22/2020,4233.510436809547,12,0.1,1182.005502310053
09/08/2022,09/11/2022,7382.336252863965,12,0.0,1159.4435863098888
05/23/2023,05/28/2023,2531.541530939635,8,0.0,302.2755969287389
03/12/2022,03/17/2022,83.75699438056128,1,0.5,1.3638935817012612
02/12/2020,02/15/2020,2905.1095716335585,4,0.0,1006.9915074884218
05/11/2022,05/14/2022,11410.234623489063,14,0.1,3646.003265853897
07/25/2023,07/27/2023,1725.7195733673113,9,0.0,455.3507499518879
02/27/2023,03/04/2023,4146.731870362041,5,0.1,573.1185064501482
12/15/2020,12/18/2020,1606.8271116149822,12,0.1,133.1312879670002
02/03/2023,02/08/2023,7309.222110867956,11,0.1,1829.8407772465803
06/30/2022,07/01/2022,6718.954946180511,10,0.3,229.324954530978
01/01/2020,01/08/2020,2026.663248202779,13,0.0,715.7946133682609
08/06/2021,08/10/2021,2379.991389954119,6,0.1,551.0544850371757
03/07/2021,03/11/2021,1032.2487226044464,3,0.0,369.19776222902203
08/22/2023,08/28/2023,1578.3718907290286,5,0.2,268.31675483673774
02/22/2020,02/25/2020,10578.516784366424,14,0.0,3507.0185395593094
07/28/2022,07/31/2022,5582.447163132031,12,0.3,213.76052828304066
06/03/2021,06/08/2021,12597.001232636483,13,0.0,3160.8097840250475
09/15/2023,09/21/2023,2517.121208197155,13,0.0,266.3665786621446
09/10/2023,09/13/2023,7121.767388224077,13,0.0,2010.8276249611338
02/11/2023,02/16/2023,227.31744198241825,1,0.5,2.3008626544793915
05/26/2020,05/29/2020,7357.3403826919375,8,0.0,2402.79477761392
04/04/2023,04/09/2023,225.64344167409385,11,0.0,71.90958403175074
11/03/2023,11/06/2023,5935.672180556539,6,0.0,1711.1658514063838
03/08/2023,03/10/2023,5819.243654745642,12,0.0,680.8842355335235
09/20/2021,09/27/2021,1258.5685015225229,2,0.0,466.8067223906121
10/25/2020,10/30/2020,1319.2273088915701,4,0.1,73.09278806328952
07/23/2023,07/30/2023,3416.0056119941755,4,0.0,1164.790611980488
02/27/2022,03/01/2022,4587.581331904311,9,0.1,889.0911783725428
04/29/2022,05/01/2022,5995.645441985404,9,0.0,2070.8843572723235
06/26/2020,06/28/2020,3262.0783049003485,5,0.0,781.3361340803101
04/21/2022,04/23/2022,3999.697039786556,12,0.1,976.2514191508518
10/09/2023,10/10/2023,255.69325754564903,3,0.0,53.434687912774834
03/23/2023,03/30/2023,809.6291638331096,1,0.0,261.5941143728669
05/09/2023,05/15/2023,1780.912559954846,6,0.0,313.8909188062921
05/27/2022,06/03/2022,6803.52740954342,8,0.0,2148.600040052252
02/12/2023,02/16/2023,520.6730918974803,1,0.15,43.223570154148554
01/28/2022,01/29/2022,3565.6524933133824,11,0.1,950.7823252290704
12/27/2022,12/30/2022,508.5589758613035,1,0.15,57.518727866675285
03/20/2021,03/23/2021,7139.415419816055,11,0.0,1310.7219329262311
09/11/2023,09/17/2023,4967.316015767599,7,0.0,1706.0156512774981
12/08/2021,12/12/2021,5768.803272134003,7,0.0,1985.0901507281003
08/24/2021,08/28/2021,302.68330703244874,2,0.1,77.91695206102428
10/14/2023,10/18/2023,2834.1088227627915,3,0.0,1068.9481628331819
05/24/2020,05/26/2020,833.4644165664715,2,0.0,122.40100730520983
10/01/2020,10/02/2020,4136.859817884545,6,0.2,334.24336430676203
05/23/2021,05/26/2021,2967.5723923833953,13,0.0,558.5096651660298
04/17/2023,04/18/2023,251.80143613733966,13,0.5,-14.708753963395964
01/22/2022,01/23/2022,4620.884825492978,8,0.0,916.8278875314986
04/21/2021,04/22/2021,2121.0855442029733,8,0.2,443.52482692939054
12/08/2023,12/12/2023,984.6173848984698,1,0.0,178.4396909961351
03/22/2023,03/28/2023,873.2486852953639,11,0.3,31.24190948123195
02/01/2023,02/07/2023,511.46853609137867,9,0.0,138.67158720796104
01/03/2023,01/07/2023,600.2440440436211,11,0.0,94.84315473899086
02/25/2023,02/28/2023,1797.6396661724525,8,0.0,376.5448432552057
10/27/2021,10/30/2021,2625.2964234075826,9,0.5,-348.1612550097249
07/21/2021,07/24/2021,3318.300309403591,13,0.5,450.5061626115532
09/30/2023,10/06/2023,4992.050654993162,14,0.0,974.4098646870991
06/14/2021,06/20/2021,1081.852198587279,13,0.15,302.93229029663786
06/07/2020,06/08/2020,1955.3377631556425,9,0.1,408.63367790868784
12/20/2023,12/24/2023,2115.3615355055667,11,0.0,356.3615193889022
11/11/2021,11/13/2021,8978.522025413855,12,0.0,1418.8603225936042
01/23/2020,01/24/2020,2346.440757513903,6,0.5,137.23915137263245
12/06/2022,12/11/2022,2337.7316187936044,3,0.0,910.4544577572151
06/08/2021,06/14/2021,969.3501389700072,1,0.0,150.1726116078469
12/29/2021,12/30/2021,9739.351235577607,11,0.0,1311.173454391956
05/23/2020,05/27/2020,4022.6135976537585,8,0.0,869.4066869120325
10/29/2021,11/03/2021,3787.0799463006615,10,0.1,636.771604808478
12/13/2023,12/20/2023,2749.8324975971013,3,0.0,940.10143826244
11/11/2021,11/12/2021,7996.468993859648,13,0.0,1924.484510851669
08/30/2022,09/03/2022,2110.182762487375,7,0.0,250.55963314439316
03/09/2022,03/13/2022,7394.652036694204,13,0.0,2781.8703701508884
03/25/2020,03/31/2020,9922.27928469165,10,0.0,2103.0902801115517
02/19/2021,02/21/2021,3574.096510113522,6,0.3,538.1142519521693
11/24/2021,11/25/2021,865.4007566968385,3,0.0,259.8335322567153
04/26/2021,04/30/2021,4576.4394319586145,6,0.2,77.35383301747702
03/31/2021,04/03/2021,11779.769884371897,12,0.0,1190.7156050525316
04/06/2022,04/10/2022,716.5658694637832,3,0.0,90.58188587451421
10/23/2020,10/25/2020,11656.270565112261,13,0.0,4510.5027634496955
02/09/2023,02/13/2023,9772.296130266373,13,0.15,2572.0476702759634
06/07/2023,06/13/2023,483.68916751666194,14,0.3,-5.028585906445254
01/24/2023,01/31/2023,6056.930710179632,9,0.0,1722.9603212588618
08/07/2022,08/08/2022,4058.9627767111497,13,0.0,1151.0898797635748
11/10/2021,11/16/2021,576.1865251929136,1,0.15,14.501305841777649
01/12/2021,01/13/2021,11887.500394228433,13,0.0,2718.9005376743767
03/25/2023,03/30/2023,3425.7818974654383,8,0.15,817.1608041108905
02/24/2021,02/25/2021,2101.3435124038315,5,0.0,327.8891324764421
04/14/2020,04/19/2020,3135.8742588168466,4,0.15,878.8950835146622
11/25/2020,12/01/2020,876.9363917050326,1,0.1,217.56043696224407
03/14/2021,03/17/2021,644.5256806427823,9,0.0,65.79143424782927
03/01/2023,03/03/2023,10205.996452446812,13,0.15,2872.7252381200706
01/16/2021,01/19/2021,827.4676336800296,9,0.0,87.56263232447189
05/17/2020,05/22/2020,4470.873566246799,13,0.0,1638.0325823929088
07/31/2022,08/04/2022,3824.741906030117,5,0.0,765.3907404170019
04/22/2022,04/26/2022,10909.732569684176,14,0.0,3377.5994902324323
09/26/2020,09/29/2020,8014.200389496121,11,0.0,2694.6089117948936
01/30/2021,02/03/2021,219.24613431205958,9,0.5,-14.386789703364842
07/01/2022,07/06/2022,1203.909294122745,10,0.15,158.83301730497047
04/08/2021,04/14/2021,13115.960665325714,14,0.0,3316.534905359734
03/25/2021,03/27/2021,571.0746794251708,9,0.3,71.27437994631717
09/16/2023,09/23/2023,614.3232046236983,7,0.0,115.25475635009232
06/30/2023,07/01/2023,6028.4842443380985,8,0.1,2096.21616578824
08/01/2023,08/06/2023,644.8530956906573,1,0.0,207.06323308882472
07/21/2023,07/28/2023,1146.046384917529,4,0.2,94.25727593163569
01/20/2020,01/25/2020,1392.4270576072813,10,0.2,267.5265335051521
08/26/2020,08/27/2020,7967.958441244979,10,0.1,1439.1038132280282
07/17/2023,07/18/2023,3954.609520208908,4,0.0,1416.1403995253581
02/21/2021,02/23/2021,713.6641339008104,12,0.0,141.79437359734592
08/26/2023,08/28/2023,5027.150234423698,9,0.0,786.0260896169715
11/20/2022,11/22/2022,806.0716471702708,3,0.0,91.76390375096567
02/01/2023,02/05/2023,10008.755582570486,12,0.0,3956.3887140867446
07/04/2020,07/09/2020,2997.20506728499,10,0.15,397.9284328122874
02/25/2023,03/03/2023,5022.380974061334,10,0.3,81.1392793367198
05/18/2023,05/19/2023,544.1281873110144,1,0.0,134.6883451379435
12/08/2023,12/13/2023,6007.189625569226,11,0.0,1126.2987754957403
07/28/2023,08/04/2023,3007.96802904016,5,0.3,59.76835571016545
09/09/2020,09/14/2020,2330.9318701600605,7,0.3,314.4784892281142
01/19/2020,01/21/2020,10165.72246563643,12,0.0,1244.8386875921628
12/12/2021,12/14/2021,1479.1702390287987,4,0.0,373.7831907947289
03/05/2023,03/10/2023,1400.2186147534142,9,0.15,197.75202139312626
08/10/2020,08/12/2020,2212.428498624235,6,0.2,353.45489907050325
01/03/2020,01/07/2020,3020.233341379512,6,0.0,592.3649703189069
06/13/2023,06/14/2023,1305.7182872858166,3,0.1,288.6894511862551
05/03/2022,05/10/2022,7292.223969844405,10,0.1,543.602943632057
08/15/2020,08/20/2020,5690.3215204549615,10,0.0,1211.1717729637887
07/01/2022,07/02/2022,3558.23852416486,5,0.2,253.5230091890814
05/13/2021,05/17/2021,5190.436399667826,10,0.0,1201.2066781666495
06/04/2021,06/11/2021,1185.5864534712396,6,0.15,171.31822903166739
12/02/2021,12/04/2021,1741.3311114375763,14,0.1,416.7964797253885
07/05/2022,07/08/2022,3478.716770940699,4,0.0,1004.0526932362195
03/08/2023,03/12/2023,725.0023335907449,13,0.15,108.03218029274846
07/23/2023,07/26/2023,303.44043792135517,3,0.2,16.53354308870726
10/17/2020,10/18/2020,182.55483432116165,5,0.5,4.486119765029164
12/12/2022,12/17/2022,3006.4779864700145,7,0.0,1172.389953683881
02/07/2023,02/14/2023,5910.184062526232,11,0.0,919.8185965098627
12/15/2021,12/17/2021,89.02795113712418,6,0.5,-11.50973350743912
08/05/2022,08/12/2022,884.73151887857,2,0.15,92.33797381496701
10/09/2021,10/13/2021,239.89312594663184,1,0.4,5.727712365236191
10/24/2022,10/26/2022,3879.5436531566957,5,0.0,744.3157698783604
11/14/2021,11/17/2021,4158.285277643805,5,0.0,1457.116856578823
05/19/2022,05/22/2022,8257.41314426812,12,0.0,2047.081269411627
12/06/2022,12/12/2022,4021.5888716930444,12,0.3,95.86810138367282
04/03/2020,04/10/2020,940.7458581845865,6,0.3,221.1314552585144
07/28/2022,08/02/2022,2291.3380402997436,3,0.1,200.53526089132185
07/13/2021,07/16/2021,348.2524486439727,1,0.0,47.66650804451427
07/31/2020,08/05/2020,1450.9158732919989,4,0.0,251.8578960408092
03/11/2021,03/17/2021,3300.665154174628,4,0.1,241.05297773461314
05/01/2022,05/05/2022,8782.571547377405,10,0.1,2419.5616218307623
05/22/2021,05/28/2021,1528.5543995951205,2,0.15,181.65837303639404
04/15/2022,04/20/2022,13975.533268556585,14,0.0,4457.5158678187245
10/12/2021,10/15/2021,6961.7580436997005,8,0.0,2289.1739146612886
07/23/2020,07/24/2020,4243.883654663286,6,0.0,726.7886940267539
01/15/2021,01/20/2021,3068.988296872733,12,0.15,553.9802896647295
01/01/2023,01/03/2023,2860.2824352326325,3,0.0,731.8823560621552
01/04/2023,01/05/2023,526.7163379785696,1,0.4,85.01692789545176
03/17/2020,03/24/2020,2533.0611098132663,12,0.15,82.80388055165201
03/26/2022,03/31/2022,5436.979333603495,11,0.0,1060.429009749472
02/06/2022,02/08/2022,238.0653120578839,3,0.0,86.83356412181307
02/13/2021,02/20/2021,4578.123718245815,8,0.4,-132.5780366817425
04/15/2020,04/21/2020,2308.1625777769655,4,0.0,325.5986387714748
07/04/2021,07/05/2021,758.2456214066513,3,0.0,206.88104596090335
04/05/2022,04/10/2022,2335.907499803568,13,0.4,-19.24080331727517
07/22/2023,07/26/2023,9170.945713248295,11,0.15,1514.9333717943648
03/28/2020,04/03/2020,2230.0493359901607,4,0.1,660.1031438583582
05/30/2022,06/01/2022,4691.2392215187365,11,0.0,1201.9381437626223
01/05/2023,01/09/2023,1413.5716200695117,4,0.3,148.09556575228356
01/05/2023,01/08/2023,215.12914330713986,2,0.0,39.46647454228521
06/23/2021,06/29/2021,337.090129888589,4,0.0,113.88915982302646
09/01/2020,09/07/2020,6564.587324541191,11,0.0,2113.4320435147024
07/31/2021,08/05/2021,6202.607952910959,12,0.0,1055.9081251393702
11/06/2023,11/11/2023,1645.0274672568305,9,0.5,-88.82925271668537
09/08/2022,09/10/2022,1939.5395641532532,4,0.15,507.3611636179658
12/17/2021,12/23/2021,835.8817374165654,12,0.15,110.59997674373142
05/21/2020,05/26/2020,472.27562985861545,1,0.5,-13.66393294436805
06/11/2022,06/14/2022,300.7745709063796,1,0.0,62.9592404466194
10/23/2023,10/30/2023,81.0610027652789,1,0.0,12.036728680234472
01/12/2023,01/19/2023,2240.396296089374,14,0.1,341.14281516930333
03/12/2023,03/19/2023,470.33628901961254,5,0.1,136.81169768638554
12/17/2020,12/22/2020,1120.9107558965065,6,0.0,277.22656959274104
06/28/2021,07/04/2021,5071.038171340149,12,0.0,1204.1953216743725
07/01/2022,07/08/2022,4444.022309976994,6,0.0,652.8506656659792
05/31/2020,06/01/2020,1677.749183882936,6,0.0,257.15021389133926
03/27/2023,03/31/2023,3974.106201500047,9,0.0,448.6171744997811
10/14/2021,10/20/2021,929.469715009354,1,0.0,96.83834467324384
08/15/2022,08/18/2022,3028.635219327157,10,0.0,746.2684729027942
02/01/2022,02/07/2022,4780.635334392376,6,0.0,1064.9807306315513
08/19/2023,08/22/2023,2161.1031488480558,13,0.0,394.6461161540421
09/15/2021,09/21/2021,746.1541151787005,8,0.5,109.69507281368811
10/17/2021,10/24/2021,2215.6384547592143,8,0.4,42.98085730607706
03/25/2021,03/29/2021,2611.021261986603,12,0.1,748.4598709247855
12/21/2021,12/25/2021,1355.9966895844764,3,0.5,-117.74976516841433
06/01/2023,06/04/2023,391.5909933795796,13,0.5,-29.71691532149926
02/12/2020,02/18/2020,3006.499202412006,5,0.0,813.310377870841
09/20/2020,09/24/2020,6081.871021880247,10,0.0,615.5369272190513
10/23/2022,10/25/2022,150.73133648850643,4,0.5,-21.821731524538542
07/15/2023,07/21/2023,7499.433441766259,12,0.15,507.45378607435725
08/18/2021,08/22/2021,474.20856906707405,1,0.0,79.1626297855221
11/05/2022,11/06/2022,5552.6961941629315,9,0.15,1018.1138040957152
09/19/2023,09/20/2023,4143.278680378597,5,0.0,1267.2997992024984
12/18/2022,12/20/2022,659.3407169415739,2,0.0,127.6243622679509
10/09/2022,10/13/2022,5875.692289273594,12,0.0,1008.981405507416
06/25/2020,06/26/2020,536.3063439406625,2,0.0,186.01429086144452
03/03/2020,03/10/2020,2304.4816177582284,11,0.0,342.9831324730419
08/15/2022,08/21/2022,51.88517126493107,7,0.3,7.964268281572089
09/29/2022,10/04/2022,3855.9807878361557,4,0.0,1462.9558523111527
07/14/2021,07/18/2021,446.5191846363518,1,0.0,75.75790635521126
08/23/2023,08/25/2023,114.69537664142642,5,0.0,14.461895269932873
06/23/2023,06/27/2023,33.92854522626183,2,0.1,11.66896544524944
08/05/2023,08/08/2023,1034.1416500298908,7,0.5,-71.11570941277708
08/12/2022,08/15/2022,214.1847173071551,9,0.0,39.13132568206561
09/17/2023,09/18/2023,4950.003129265517,13,0.0,1213.4026197190622
04/29/2022,05/02/2022,72.30911642455838,1,0.0,12.243184193081948
07/02/2023,07/04/2023,527.6780125791117,12,0.1,183.5589740069338
08/26/2021,08/27/2021,1345.375160267609,2,0.0,151.87908670309417
08/28/2021,08/30/2021,9985.501642033014,11,0.0,2351.005715506981
04/09/2022,04/15/2022,2491.756304815539,6,0.0,659.079560777028
05/07/2023,05/09/2023,6707.221807785386,8,0.0,1610.305074054904
07/18/2023,07/21/2023,163.68578740243655,7,0.4,9.192085061991145
01/15/2022,01/21/2022,7019.2183986943255,9,0.0,2781.531949645997
07/11/2021,07/14/2021,1010.407893595268,14,0.0,366.84927403409677
03/04/2020,03/06/2020,1176.0770405515293,2,0.3,50.022206829442325
06/07/2023,06/10/2023,7421.758523956083,12,0.3,856.7909209815239
07/30/2022,08/02/2022,7093.02693562642,9,0.0,709.9644996358725
09/05/2020,09/08/2020,1645.0830683343522,4,0.5,-44.62995140779871
06/23/2023,06/27/2023,5290.8818882551095,11,0.15,392.38379451405876
07/28/2022,08/03/2022,816.7082794704762,3,0.0,255.96305319969485
06/05/2020,06/11/2020,4527.590848440499,7,0.0,753.0600293579042
01/04/2022,01/11/2022,2225.731162927989,5,0.0,722.6252290916767
09/11/2022,09/17/2022,198.68153902812196,13,0.0,38.53387723589781
01/16/2023,01/23/2023,2410.2872468524333,5,0.0,910.4826003005775
08/29/2023,08/31/2023,7070.501289294432,12,0.1,1298.3206614454757
12/25/2022,01/01/2023,216.07789015910885,13,0.3,43.61647077753802
10/23/2021,10/30/2021,1250.293465494152,2,0.0,360.6469012029926
11/09/2022,11/14/2022,3936.0395229281266,6,0.0,1547.7273533426503
02/02/2020,02/04/2020,999.1590147390467,6,0.0,322.545341021633
07/11/2021,07/17/2021,4454.987121710434,12,0.15,1083.9473568396972
03/13/2020,03/14/2020,3087.005679616772,4,0.2,245.29283764749684
04/04/2022,04/07/2022,4426.736677608923,5,0.0,1113.138020764488
09/28/2023,10/01/2023,2625.2932143669223,7,0.1,359.75471020875545
03/02/2023,03/07/2023,4988.869274814796,14,0.0,527.7626580254862
12/14/2022,12/15/2022,850.1751946693596,8,0.2,181.23660705478625
03/01/2020,03/05/2020,269.02316216854916,6,0.0,45.935960488416264
09/28/2020,10/05/2020,1522.4407483382897,5,0.0,333.7147630601866
09/02/2020,09/04/2020,11290.566163336991,12,0.0,2093.176534105259
04/14/2023,04/18/2023,2013.9573653226942,3,0.3,19.91956278610725
09/19/2021,09/20/2021,5130.683127174235,7,0.1,359.84455189562925
09/02/2023,09/07/2023,1429.2662615386437,8,0.5,-69.50954521444558
12/05/2021,12/06/2021,456.57050565987026,3,0.0,56.85374688614789
10/23/2021,10/28/2021,2997.8907042481123,5,0.0,785.734388927457
02/28/2023,03/04/2023,7150.4395284753155,11,0.0,757.1402430216092
01/30/2023,02/03/2023,731.5573170403517,2,0.15,224.59245926084628
11/05/2020,11/06/2020,4863.112293221377,10,0.3,1166.8673497964357
08/08/2023,08/09/2023,5244.505467566525,10,0.3,217.1023585533209
05/09/2021,05/16/2021,8009.356678778128,12,0.15,825.431422207126
10/16/2023,10/19/2023,1724.7354428293693,4,0.15,97.1397905731467
12/03/2020,12/08/2020,5714.815462445779,12,0.4,979.9518559203351
08/01/2021,08/04/2021,140.88664802704886,4,0.0,38.89305218775487
01/10/2020,01/12/2020,5742.24271380044,12,0.3,763.9334823881576
02/18/2020,02/20/2020,1897.5654163438053,13,0.4,320.2273307981142
09/14/2021,09/15/2021,2222.5207101662136,8,0.0,829.5248245842743
09/06/2023,09/10/2023,240.93285489759597,3,0.2,59.87241699419848
12/31/2021,01/02/2022,1002.3417047862375,5,0.0,332.80999035017277
03/05/2022,03/07/2022,10912.969657391812,11,0.0,3963.2890180910904
08/28/2022,08/31/2022,1895.5630316602826,5,0.1,592.9154012386775
05/12/2020,05/15/2020,1856.9754894035973,2,0.0,391.06688765784855
03/23/2020,03/30/2020,1541.4347961978308,9,0.0,604.2692086565022
02/26/2020,03/04/2020,593.6511102970961,4,0.3,96.61058219217585
01/10/2021,01/12/2021,5060.116982492285,9,0.0,1068.002611487127
12/14/2020,12/15/2020,3204.334939232625,9,0.0,745.3759078463113
09/27/2020,09/30/2020,1100.7092960313819,2,0.15,254.41719543347355
04/20/2020,04/22/2020,3850.434989669034,9,0.0,802.1598618835151
05/18/2022,05/22/2022,7321.331385817266,9,0.0,2547.5840143421633
06/05/2022,06/08/2022,874.4869609187458,2,0.0,126.29260792738215
03/16/2020,03/18/2020,6342.882596752694,11,0.0,2361.3174843369893
03/27/2023,04/03/2023,4262.212084305389,13,0.0,811.351510844352
11/24/2020,11/29/2020,2969.402425769923,6,0.3,-12.430406715303759
05/01/2020,05/04/2020,5923.681801884512,9,0.0,2117.167026661504
02/10/2020,02/15/2020,1612.1240897852686,4,0.0,277.02574581044365
04/05/2023,04/08/2023,283.2717817626906,2,0.5,29.18229677010743
07/10/2022,07/13/2022,3028.02032225327,7,0.3,117.72737420818652
10/03/2021,10/10/2021,8493.481194470078,9,0.0,3228.8757490603407
